# nguồn: LOG GIẢ — sinh bởi aria-sim từ kịch bản fake_drive_cycle, KHÔNG phải dữ liệu xe
# tham số thật (để đối chiếu nhận dạng): VEH_MASS=2380; VEH_CDA=0.78; VEH_CRR=0.0115
# nhiễu: VehicleSpeed±0.15; MotorTqAct±1.5; MotorSpeed±5
# hạt giống: 7
time,AccPedalPct,BrakePedalPct,Gear,DriveModeSel,CreepSetting,DoorStatus,RoadSlopePct,CreepState,CreepTq,PedalTq,DriverTqReq,MotorTqReq,MotorTqAct,MotorSpeed,VehicleSpeed
0,0,30,3,1,1,0,0,1,0,0,0,0,4.13906,0.45154,0.0124016
0.02,0,30,3,1,1,0,0,2,0,0,0,0,-0.102077,0.937802,-0.0822931
0.04,0,30,3,1,1,0,0,2,0,0,0,0,-1.41892,2.73064,-0.0660202
0.06,0,30,3,1,1,0,0,2,0,0,0,0,0.117224,-1.77879,-0.00807584
0.08,0,30,3,1,1,0,0,2,0,0,0,0,-0.206343,0.315025,-0.0769808
0.1,0,30,3,1,1,0,0,2,0,0,0,0,1.37602,-5.07479,0.212746
0.12,0,30,3,1,1,0,0,2,0,0,0,0,-1.09302,1.95225,0.19677
0.14,0,30,3,1,1,0,0,2,0,0,0,0,-1.82505,4.71289,0.0409548
0.16,0,30,3,1,1,0,0,2,0,0,0,0,-2.29379,5.86428,-0.21778
0.18,0,30,3,1,1,0,0,2,0,0,0,0,2.31708,1.05307,-0.00584318
0.2,0,30,3,1,1,0,0,2,0,0,0,0,1.8031,2.67776,-0.142802
0.22,0,30,3,1,1,0,0,2,0,0,0,0,1.69156,16.217,0.11856
0.24,0,30,3,1,1,0,0,2,0,0,0,0,-0.737529,-8.50189,-0.0554399
0.26,0,30,3,1,1,0,0,2,0,0,0,0,0.122644,1.93402,-0.0902759
0.28,0,30,3,1,1,0,0,2,0,0,0,0,2.91957,2.45682,-0.0183842
0.3,0,30,3,1,1,0,0,2,0,0,0,0,-1.17745,6.31571,-0.311233
0.32,0,30,3,1,1,0,0,2,0,0,0,0,1.28719,-3.94896,0.0923874
0.34,0,30,3,1,1,0,0,2,0,0,0,0,1.28104,5.65076,-0.0902295
0.36,0,30,3,1,1,0,0,2,0,0,0,0,0.893734,-1.18718,0.267025
0.38,0,30,3,1,1,0,0,2,0,0,0,0,-1.74409,2.58238,-0.013378
0.4,0,30,3,1,1,0,0,2,0,0,0,0,1.94568,-7.23432,-0.0919709
0.42,0,30,3,1,1,0,0,2,0,0,0,0,0.373462,-2.22781,-0.0524568
0.44,0,30,3,1,1,0,0,2,0,0,0,0,-1.89757,4.98518,0.136396
0.46,0,30,3,1,1,0,0,2,0,0,0,0,1.7423,0.800015,-0.14721
0.48,0,30,3,1,1,0,0,2,0,0,0,0,-0.475801,-3.35516,-0.143334
0.5,0,30,3,1,1,0,0,2,0,0,0,0,-1.38252,7.10235,0.050544
0.52,0,30,3,1,1,0,0,2,0,0,0,0,1.99526,0.68946,0.00884938
0.54,0,30,3,1,1,0,0,2,0,0,0,0,-0.281234,-2.29024,0.0285166
0.56,0,30,3,1,1,0,0,2,0,0,0,0,-1.84244,1.30411,0.221135
0.58,0,30,3,1,1,0,0,2,0,0,0,0,2.13041,2.77667,-0.108317
0.6,0,30,3,1,1,0,0,2,0,0,0,0,1.15044,-13.9957,0.18892
0.62,0,30,3,1,1,0,0,2,0,0,0,0,0.761542,2.8422,-0.0329338
0.64,0,30,3,1,1,0,0,2,0,0,0,0,1.20815,-0.669061,0.0438789
0.66,0,30,3,1,1,0,0,2,0,0,0,0,-3.05224,-2.37994,-0.144706
0.68,0,30,3,1,1,0,0,2,0,0,0,0,1.08031,-8.32347,-0.0458841
0.7,0,30,3,1,1,0,0,2,0,0,0,0,0.223558,1.26955,0.0296586
0.72,0,30,3,1,1,0,0,2,0,0,0,0,1.49115,1.46646,-0.147799
0.74,0,30,3,1,1,0,0,2,0,0,0,0,-0.367738,12.5896,0.0340225
0.76,0,30,3,1,1,0,0,2,0,0,0,0,0.948691,-4.45583,-0.129529
0.78,0,30,3,1,1,0,0,2,0,0,0,0,-0.812661,-3.78361,0.103348
0.8,0,30,3,1,1,0,0,2,0,0,0,0,-1.14705,6.20457,0.0450083
0.82,0,30,3,1,1,0,0,2,0,0,0,0,1.11169,2.705,-0.111424
0.84,0,30,3,1,1,0,0,2,0,0,0,0,0.719338,0.963072,0.227142
0.86,0,30,3,1,1,0,0,2,0,0,0,0,-1.21991,5.79046,0.207543
0.88,0,30,3,1,1,0,0,2,0,0,0,0,-1.10674,7.63479,-0.130426
0.9,0,30,3,1,1,0,0,2,0,0,0,0,0.189057,0.0437639,0.0212793
0.92,0,30,3,1,1,0,0,2,0,0,0,0,4.53486,0.307296,-0.136116
0.94,0,30,3,1,1,0,0,2,0,0,0,0,0.25613,5.64131,-0.0297539
0.96,0,30,3,1,1,0,0,2,0,0,0,0,1.43455,-5.25938,0.180928
0.98,0,30,3,1,1,0,0,2,0,0,0,0,-1.21586,10.0843,-0.354104
1,0,0,3,1,1,0,0,2,81.8182,0,5.83333,0.738397,1.22329,7.2187,0.0779064
1.02,0,0,3,1,1,0,0,2,223.817,0,31.2731,3.95863,3.13425,4.22226,-0.38603
1.04,0,0,3,1,1,0,0,2,341.171,0,70.3286,8.90235,3.42888,6.69137,-0.0209658
1.06,0,0,3,1,1,0,0,2,438.158,0,118.839,15.0429,7.38811,-4.89652,-0.0923531
1.08,0,0,3,1,1,0,0,2,518.312,0,173.916,22.0147,14.6935,7.76784,0.0509824
1.1,0,0,3,1,1,0,0,2,584.555,0,233.553,29.5637,16.1839,1.42879,-0.053645
1.12,0,0,3,1,1,0,0,2,639.302,0,296.356,37.5134,22.3504,1.34743,0.26275
1.14,0,0,3,1,1,0,0,2,684.547,0,361.358,45.7416,33.0854,0.251829,-0.30907
1.16,0,0,3,1,1,0,0,2,721.94,0,427.888,54.163,39.8309,0.98943,0.0715315
1.18,0,0,3,1,1,0,0,2,752.843,0,495.478,62.7187,49.4192,1.03288,0.355693
1.2,0,0,3,1,1,0,0,2,778.382,0,563.804,71.3676,56.284,3.62787,0.153566
1.22,0,0,3,1,1,0,0,2,799.49,0,631.723,79.965,64.4696,10.4175,0.161969
1.24,0,0,3,1,1,0,0,2,816.934,0,687.162,86.9825,71.077,13.5714,0.209328
1.26,0,0,3,1,1,0,0,2,831.35,0,730.266,92.4387,81.3947,8.80386,0.354344
1.28,0,0,3,1,1,0,0,2,843.265,0,764.005,96.7095,84.521,12.0852,0.325076
1.3,0,0,3,1,1,0,0,2,853.111,0,790.581,100.074,90.4779,13.8071,0.227572
1.32,0,0,3,1,1,0,0,2,861.249,0,811.636,102.739,96.4594,33.2847,0.411173
1.34,0,0,3,1,1,0,0,2,867.974,0,828.405,104.861,97.9326,29.6922,0.505181
1.36,0,0,3,1,1,0,0,2,873.532,0,841.827,106.56,105.356,26.0088,0.328444
1.38,0,0,3,1,1,0,0,2,878.126,0,852.614,107.926,107.475,32.078,0.618216
1.4,0,0,3,1,1,0,0,2,881.922,0,861.318,109.028,108.693,38.5987,0.673906
1.42,0,0,3,1,1,0,0,2,885.06,0,868.365,109.92,108.088,44.6978,0.564756
1.44,0,0,3,1,1,0,0,2,887.653,0,874.087,110.644,106.635,37.136,0.99799
1.46,0,0,3,1,1,0,0,2,889.796,0,878.745,111.234,109.668,34.8944,0.695533
1.48,0,0,3,1,1,0,0,2,891.567,0,882.546,111.715,109.25,46.8103,0.859039
1.5,0,0,3,1,1,0,0,2,893.03,0,885.653,112.108,110.952,46.1505,0.83522
1.52,0,0,3,1,1,0,0,2,894.24,0,888.196,112.43,110.707,57.3538,0.874768
1.54,0,0,3,1,1,0,0,2,895.24,0,890.282,112.694,111.232,60.7445,1.07439
1.56,0,0,3,1,1,0,0,2,896.066,0,891.995,112.911,111.99,69.0764,1.36427
1.58,0,0,3,1,1,0,0,2,896.749,0,893.402,113.089,112.964,64.084,1.12871
1.6,0,0,3,1,1,0,0,2,897.313,0,894.56,113.235,112.856,72.8694,0.973315
1.62,0,0,3,1,1,0,0,2,897.779,0,895.513,113.356,113.515,67.7885,1.10244
1.64,0,0,3,1,1,0,0,2,898.165,0,896.298,113.455,112.261,77.8605,1.30024
1.66,0,0,3,1,1,0,0,2,898.483,0,896.944,113.537,115.241,83.4669,1.43857
1.68,0,0,3,1,1,0,0,2,898.746,0,897.478,113.605,111.846,82.1906,1.55967
1.7,0,0,3,1,1,0,0,2,898.964,0,897.917,113.66,114.417,81.6385,1.56731
1.72,0,0,3,1,1,0,0,2,899.144,0,898.28,113.706,115.596,96.6958,1.57057
1.74,0,0,3,1,1,0,0,2,899.292,0,898.58,113.744,112.151,104.602,1.66282
1.76,0,0,3,1,1,0,0,2,898.306,0,898.604,113.747,111.555,99.003,1.9478
1.78,0,0,3,1,1,0,0,2,895.237,0,897.821,113.648,115.47,104.597,1.53288
1.8,0,0,3,1,1,0,0,2,890.438,0,895.926,113.408,115.233,107.876,1.75485
1.82,0,0,3,1,1,0,0,2,884.201,0,892.799,113.013,112.602,109.785,1.66305
1.84,0,0,3,1,1,0,0,2,876.773,0,888.437,112.46,112.558,108.554,1.80085
1.86,0,0,3,1,1,0,0,2,868.769,0,882.984,111.77,112.199,123.05,2.06953
1.88,0,0,3,1,1,0,0,2,860.67,0,876.73,110.979,112.876,126.801,2.25439
1.9,0,0,3,1,1,0,0,2,852.464,0,869.887,110.112,110.47,124.102,2.20172
1.92,0,0,3,1,1,0,0,2,844.143,0,862.601,109.19,111.599,133.145,2.39327
1.94,0,0,3,1,1,0,0,2,835.705,0,854.971,108.224,109.234,136.906,2.26612
1.96,0,0,3,1,1,0,0,2,827.147,0,847.065,107.223,107.567,137.309,2.67649
1.98,0,0,3,1,1,0,0,2,818.471,0,838.933,106.194,109.096,134.986,2.27577
2,0,0,3,1,1,0,0,2,809.68,0,830.607,105.14,106.804,140.117,2.34038
2.02,0,0,3,1,1,0,0,2,800.778,0,822.113,104.065,105.268,134.111,2.53884
2.04,0,0,3,1,1,0,0,2,791.769,0,813.468,102.971,104.985,158.661,2.46035
2.06,0,0,3,1,1,0,0,2,782.66,0,804.689,101.859,104.678,152.829,2.65185
2.08,0,0,3,1,1,0,0,2,773.456,0,795.787,100.732,105.25,158.289,2.71272
2.1,0,0,3,1,1,0,0,2,764.164,0,786.771,99.5913,99.2597,165.9,2.86808
2.12,0,0,3,1,1,0,0,2,754.791,0,777.651,98.4369,99.9802,160.664,2.79662
2.14,0,0,3,1,1,0,0,2,745.342,0,768.437,97.2705,98.512,172.291,3.11043
2.16,0,0,3,1,1,0,0,2,735.827,0,759.134,96.093,97.2798,182.156,3.21815
2.18,0,0,3,1,1,0,0,2,726.25,0,749.752,94.9054,96.7699,169.378,2.97696
2.2,0,0,3,1,1,0,0,2,716.621,0,740.299,93.7087,94.8967,179.841,3.01625
2.22,0,0,3,1,1,0,0,2,706.946,0,730.78,92.5038,94.1017,177.958,3.17862
2.24,0,0,3,1,1,0,0,2,697.232,0,721.205,91.2917,91.6843,177.482,3.23492
2.26,0,0,3,1,1,0,0,2,687.487,0,711.579,90.0733,93.4576,195.82,3.17093
2.28,0,0,3,1,1,0,0,2,677.718,0,701.912,88.8496,91.2623,191.85,3.33264
2.3,0,0,3,1,1,0,0,2,667.932,0,692.209,87.6214,89.0409,191.902,3.20093
2.32,0,0,3,1,1,0,0,2,658.137,0,682.478,86.3897,87.2213,192.002,3.40601
2.34,0,0,3,1,1,0,0,2,648.338,0,672.727,85.1553,87.7325,200.338,3.37056
2.36,0,0,3,1,1,0,0,2,638.543,0,662.962,83.9192,87.5098,194.398,3.45905
2.38,0,0,3,1,1,0,0,2,628.759,0,653.19,82.6823,82.4654,208.949,3.39902
2.4,0,0,3,1,1,0,0,2,618.993,0,643.419,81.4454,83.3614,205.757,3.45064
2.42,0,0,3,1,1,0,0,2,609.25,0,633.655,80.2095,81.8815,212.376,3.52515
2.44,0,0,3,1,1,0,0,2,599.538,0,623.904,78.9752,81.7949,209.783,3.55324
2.46,0,0,3,1,1,0,0,2,589.862,0,614.173,77.7435,80.7962,210.59,3.78295
2.48,0,0,3,1,1,0,0,2,580.228,0,604.469,76.5151,78.7329,225.897,3.77268
2.5,0,0,3,1,1,0,0,2,570.642,0,594.798,75.2909,80.2249,221.042,3.68989
2.52,0,0,3,1,1,0,0,2,561.11,0,585.166,74.0716,76.1437,224.843,3.69763
2.54,0,0,3,1,1,0,0,2,551.637,0,575.577,72.8579,74.8894,215.472,3.73227
2.56,0,0,3,1,1,0,0,2,542.229,0,566.04,71.6506,73.5965,220.043,3.76037
2.58,0,0,3,1,1,0,0,2,532.889,0,556.558,70.4503,69.1931,224.061,3.91882
2.6,0,0,3,1,1,0,0,2,523.624,0,547.137,69.2578,71.639,227.308,3.9667
2.62,0,0,3,1,1,0,0,2,514.438,0,537.782,68.0737,67.7336,234.204,3.89123
2.64,0,0,3,1,1,0,0,2,505.335,0,528.498,66.8985,68.6142,235.433,4.15775
2.66,0,0,3,1,1,0,0,2,496.211,0,519.267,65.73,65.3842,231.061,3.8983
2.68,0,0,3,1,1,0,0,2,487.06,0,510.062,64.5648,63.4731,235.208,3.97255
2.7,0,0,3,1,1,0,0,2,477.918,0,500.875,63.4018,63.6046,243.434,4.19153
2.72,0,0,3,1,1,0,0,2,468.817,0,491.71,62.2418,64.6893,231.572,4.28546
2.74,0,0,3,1,1,0,0,2,459.78,0,482.58,61.0861,62.3034,243.676,4.12578
2.76,0,0,3,1,1,0,0,2,450.829,0,473.498,59.9365,62.857,249.236,4.11657
2.78,0,0,3,1,1,0,0,2,441.981,0,464.48,58.795,60.2531,246.086,4.15105
2.8,0,0,3,1,1,0,0,2,433.25,0,455.542,57.6636,59.5318,238.933,4.33898
2.82,0,0,3,1,1,0,0,2,424.648,0,446.697,56.544,57.9906,248.547,4.12325
2.84,0,0,3,1,1,0,0,2,416.185,0,437.959,55.4379,59.2782,240.408,4.35507
2.86,0,0,3,1,1,0,0,2,407.867,0,429.34,54.3468,59.4597,252.555,4.39732
2.88,0,0,3,1,1,0,0,2,399.701,0,420.848,53.2719,55.1315,252.441,4.15824
2.9,0,0,3,1,1,0,0,2,391.691,0,412.492,52.2142,55.6614,254.927,4.68634
2.92,0,0,3,1,1,0,0,2,383.841,0,404.28,51.1747,51.4939,254.586,4.44445
2.94,0,0,3,1,1,0,0,2,376.153,0,396.217,50.154,52.5413,258.48,4.45908
2.96,0,0,3,1,1,0,0,2,368.629,0,388.307,49.1528,51.5085,272.584,4.49706
2.98,0,0,3,1,1,0,0,2,361.27,0,380.554,48.1714,50.6506,264.068,4.35427
3,0,0,3,1,1,0,0,2,354.075,0,372.96,47.2101,49.6838,266.436,4.60875
3.02,0,0,3,1,1,0,0,2,347.045,0,365.527,46.2692,51.6028,268.581,4.47141
3.04,0,0,3,1,1,0,0,2,340.178,0,358.255,45.3488,46.4034,269.986,4.76862
3.06,0,0,3,1,1,0,0,2,333.473,0,351.146,44.4488,45.6335,270.401,4.60369
3.08,0,0,3,1,1,0,0,2,326.929,0,344.198,43.5694,42.3547,267.753,4.54221
3.1,0,0,3,1,1,0,0,2,320.544,0,337.411,42.7102,41.4379,273.928,4.61927
3.12,0,0,3,1,1,0,0,2,314.315,0,330.784,41.8714,44.0698,277.033,4.62874
3.14,0,0,3,1,1,0,0,2,308.241,0,324.315,41.0525,39.4024,275.051,4.74885
3.16,0,0,3,1,1,0,0,2,302.319,0,318.002,40.2535,43.6841,268.068,4.93195
3.18,0,0,3,1,1,0,0,2,296.546,0,311.845,39.474,40.797,284.525,4.40221
3.2,0,0,3,1,1,0,0,2,290.919,0,305.839,38.7138,39.4845,277.258,4.74304
3.22,0,0,3,1,1,0,0,2,285.436,0,299.983,37.9725,39.9005,276.385,4.83851
3.24,0,0,3,1,1,0,0,2,280.095,0,294.275,37.25,39.1809,280.309,4.74183
3.26,0,0,3,1,1,0,0,2,274.891,0,288.711,36.5457,37.539,280.291,5.11484
3.28,0,0,3,1,1,0,0,2,269.823,0,283.289,35.8594,36.5779,281.149,4.79616
3.3,0,0,3,1,1,0,0,2,264.886,0,278.007,35.1907,35.9235,280.912,4.50047
3.32,0,0,3,1,1,0,0,2,260.079,0,272.86,34.5393,33.8313,273.059,4.96021
3.34,0,0,3,1,1,0,0,2,255.399,0,267.848,33.9048,34.4158,280.451,4.72664
3.36,0,0,3,1,1,0,0,2,250.842,0,262.966,33.2868,31.8799,287.485,4.85339
3.38,0,0,3,1,1,0,0,2,246.405,0,258.212,32.685,33.0872,280.114,4.85618
3.4,0,0,3,1,1,0,0,2,242.086,0,253.582,32.099,32.6887,283.819,4.60674
3.42,0,0,3,1,1,0,0,2,237.882,0,249.075,31.5285,32.3714,286.243,4.69883
3.44,0,0,3,1,1,0,0,2,233.791,0,244.687,30.973,30.3837,288.703,4.8569
3.46,0,0,3,1,1,0,0,2,229.808,0,240.415,30.4323,32.2351,287.123,4.92795
3.48,0,0,3,1,1,0,0,2,225.932,0,236.257,29.906,27.9736,291.421,5.0483
3.5,0,0,3,1,1,0,0,2,222.161,0,232.21,29.3937,29.4267,284.504,4.6229
3.52,0,0,3,1,1,0,0,2,218.49,0,228.271,28.8951,31.0795,291.844,5.15726
3.54,0,0,3,1,1,0,0,2,214.918,0,224.437,28.4098,31.1533,291.094,4.92968
3.56,0,0,3,1,1,0,0,2,211.443,0,220.707,27.9376,27.5624,293.759,5.14076
3.58,0,0,3,1,1,0,0,2,208.062,0,217.076,27.478,27.7941,279.238,4.66256
3.6,0,0,3,1,1,0,0,2,204.772,0,213.543,27.0308,28.1497,286.012,4.96438
3.62,0,0,3,1,1,0,0,2,201.571,0,210.106,26.5957,26.3428,278.067,4.89217
3.64,0,0,3,1,1,0,0,2,198.457,0,206.761,26.1723,24.3511,286.593,5.01946
3.66,0,0,3,1,1,0,0,2,195.427,0,203.507,25.7604,28.0926,287.217,4.97328
3.68,0,0,3,1,1,0,0,2,192.48,0,200.341,25.3596,26.0506,289.846,4.89344
3.7,0,0,3,1,1,0,0,2,189.614,0,197.261,24.9697,25.9308,291.8,4.94575
3.72,0,0,3,1,1,0,0,2,186.827,0,194.265,24.5905,26.1125,292.045,5.01867
3.74,0,0,3,1,1,0,0,2,184.117,0,191.351,24.2217,23.7603,297.338,5.15937
3.76,0,0,3,1,1,0,0,2,181.483,0,188.517,23.863,24.7487,292.802,5.0909
3.78,0,0,3,1,1,0,0,2,178.922,0,185.762,23.5142,19.4222,295.386,4.85347
3.8,0,0,3,1,1,0,0,2,176.433,0,183.083,23.1751,23.2766,296.587,4.98962
3.82,0,0,3,1,1,0,0,2,174.013,0,180.478,22.8454,25.003,295.071,5.2318
3.84,0,0,3,1,1,0,0,2,171.661,0,177.946,22.5249,20.8799,298.726,5.31818
3.86,0,0,3,1,1,0,0,2,169.376,0,175.485,22.2133,22.3836,297.4,5.12156
3.88,0,0,3,1,1,0,0,2,167.154,0,173.093,21.9105,20.3427,299.689,5.03645
3.9,0,0,3,1,1,0,0,2,164.996,0,170.768,21.6161,19.1891,294.662,5.02918
3.92,0,0,3,1,1,0,0,2,162.898,0,168.507,21.3301,20.962,288.264,5.09956
3.94,0,0,3,1,1,0,0,2,160.859,0,166.311,21.052,21.505,299.558,5.16564
3.96,0,0,3,1,1,0,0,2,158.877,0,164.176,20.7818,21.5401,294.382,5.38488
3.98,0,0,3,1,1,0,0,2,156.951,0,162.101,20.5191,21.0246,295.598,5.17979
4,0,0,3,1,1,0,0,2,155.08,0,160.085,20.2639,19.6159,298.987,5.12997
4.02,0.933333,0,3,1,1,0,0,2,153.261,0,158.125,20.0158,19.7789,291.847,5.06886
4.04,1.86667,0,3,1,1,0,0,2,151.493,0,156.22,19.7747,20.0211,293.787,5.07074
4.06,2.8,0,3,1,1,0,0,2,149.775,0,154.369,19.5404,20.4545,297.848,4.9596
4.08,3.73333,0,3,1,1,0,0,2,148.105,0,152.57,19.3127,18.7959,284.996,5.38092
4.1,4.66667,0,3,1,1,0,0,2,146.481,0,150.822,19.0914,19.4022,298.415,5.39936
4.12,5.6,0,3,1,1,0,0,2,144.903,94.84,166.023,21.0156,19.5277,298.091,5.35928
4.14,6.53333,0,3,1,1,0,0,2,143.35,114.813,189.032,23.9281,21.3106,298.748,4.93535
4.16,7.46667,0,3,1,1,0,0,2,141.771,134.787,207.974,26.3258,21.4688,300.466,5.44421
4.18,8.4,0,3,1,1,0,0,2,140.107,154.76,224.134,28.3714,24.592,307.293,4.97449
4.2,9.33333,0,3,1,1,0,0,2,138.303,174.733,238.396,30.1767,25.4686,307.962,4.96237
4.22,10.2667,0,3,1,1,0,0,2,136.319,195.56,251.515,31.8373,27.8884,302.134,5.04636
4.24,11.2,0,3,1,1,0,0,2,134.125,218.52,264.558,33.4883,32.1837,298.613,5.0739
4.26,12.1333,0,3,1,1,0,0,2,131.7,241.48,277.681,35.1495,34.2799,298.284,5.14864
4.28,13.0667,0,3,1,1,0,0,2,129.027,264.44,290.915,36.8247,35.7455,301.072,5.29161
4.3,14,0,3,1,1,0,0,2,126.094,287.4,304.293,38.5181,35.2694,302.681,5.37296
4.32,14.9333,0,3,1,1,0,0,2,122.892,310.36,317.851,40.2343,35.933,306.168,5.29687
4.34,15.8667,0,3,1,1,0,0,2,119.411,333.32,331.629,41.9783,43.8431,301.998,5.34434
4.36,16.8,0,3,1,1,0,0,2,115.644,356.28,345.67,43.7557,42.3862,308.804,5.31778
4.38,17.7333,0,3,1,1,0,0,2,111.585,379.24,360.02,45.5721,41.299,301.835,5.42093
4.4,18.6667,0,3,1,1,0,0,2,107.227,402.2,374.726,47.4337,44.0502,304.633,5.38753
4.42,19.6,0,3,1,1,0,0,2,102.564,425.16,389.84,49.3468,44.9327,318.187,5.36248
4.44,20.5333,0,3,1,1,0,0,2,97.5899,449.56,406.318,51.4327,46.8722,315.719,5.08505
4.46,21.4667,0,3,1,1,0,0,2,92.2978,475.04,425.547,53.8667,49.1206,314.531,5.34745
4.48,22.4,0,3,1,1,0,0,2,86.6764,500.52,446.686,56.5425,52.2752,312.904,5.03682
4.5,23.3333,0,3,1,1,0,0,2,80.7097,526,469.151,59.3863,51.9,318.714,5.78913
4.52,24.2667,0,3,1,1,0,0,2,74.3784,551.48,492.538,62.3466,57.6136,308.318,5.62465
4.54,25.2,0,3,1,1,0,0,2,67.6617,576.96,516.564,65.3879,58.9589,322.378,5.71273
4.56,26.1333,0,3,1,1,0,0,2,60.5388,602.44,541.035,68.4854,61.539,324.954,5.40666
4.58,27.0667,0,3,1,1,0,0,2,52.9901,627.92,565.813,71.622,66.6281,325.916,5.64624
4.6,28,0,3,1,1,0,0,2,44.9981,653.4,590.807,74.7856,69.0922,336.935,5.60336
4.62,28.9333,0,3,1,1,0,0,2,36.5476,678.88,615.948,77.9682,73.2261,330.491,5.84673
4.64,29.8667,0,3,1,1,0,0,2,27.626,704.36,641.194,81.1638,76.2869,329.501,5.82854
4.66,30.8,0,3,1,1,0,0,2,18.2231,731.36,666.852,84.4116,76.8135,336.483,5.67704
4.68,31.7333,0,3,1,1,0,0,2,8.33117,758.613,692.998,87.7212,79.1724,342.283,5.57835
4.7,32.6667,0,3,1,1,0,0,2,-2.05647,785.867,719.482,91.0736,87.3561,341.688,5.71087
4.72,33.6,0,3,1,1,0,0,2,-12.945,813.12,746.201,94.4558,85.3857,332.807,5.75177
4.74,34.5333,0,3,1,1,0,0,2,-24.3385,840.373,773.083,97.8586,91.29,346.074,6.08358
4.76,35.4667,0,3,1,1,0,0,2,-36.2395,867.627,800.079,101.276,91.8026,345.059,5.68734
4.78,36.4,0,3,1,1,0,0,2,-48.649,894.88,827.153,104.703,99.4019,345.58,6.05704
4.8,37.3333,0,3,1,1,0,0,2,-61.5848,922.133,854.282,108.137,101.778,354.406,6.1601
4.82,38.2667,0,3,1,1,0,0,2,-75.0762,949.387,881.449,111.576,105.772,357.655,6.14423
4.84,39.2,0,3,1,1,0,0,2,-89.1178,976.64,908.643,115.018,110.432,359.604,6.28995
4.86,40.1333,0,3,1,1,0,0,2,-103.704,1004.09,935.888,118.467,112.68,361.562,6.16938
4.88,41.0667,0,3,1,1,0,0,2,-115.354,1032.75,963.494,121.961,115.658,366.71,6.26197
4.9,42,0,3,1,1,0,0,2,-123.277,1061.4,991.42,125.496,118.78,367.388,6.14151
4.92,42.9333,0,3,1,1,0,0,2,-128.063,1090.05,1019.57,129.059,123.482,370.766,6.50041
4.94,43.8667,0,3,1,1,0,0,2,-130.198,1118.71,1047.87,132.642,126.534,366.067,6.54192
4.96,44.8,0,3,1,1,0,0,2,-130.085,1147.36,1076.28,136.238,126.781,385.992,6.77768
4.98,45.7333,0,3,1,1,0,0,2,-128.054,1176.01,1104.76,139.844,133.61,397.016,6.70492
5,46.6667,0,3,1,1,0,0,2,-124.381,1204.67,1133.3,143.456,136.13,386.558,6.56741
5.02,47.6,0,3,1,1,0,0,2,-119.29,1233.32,1161.87,147.072,140.5,390.69,6.69394
5.04,48.5333,0,3,1,1,0,0,2,-112.969,1261.97,1190.47,150.692,140.414,397.433,6.63372
5.06,49.4667,0,3,1,1,0,0,2,-105.572,1290.63,1219.08,154.314,149.68,404.744,6.66586
5.08,50.4,0,3,1,1,0,0,1,-92.2824,1319.76,1247.79,157.948,148.552,402.349,6.82695
5.1,51.3333,0,3,1,1,0,0,1,-76.2665,1349.53,1276.81,161.621,153.965,424.094,6.97029
5.12,52.2667,0,3,1,1,0,0,1,-63.0302,1379.31,1306.06,165.324,159.192,415.269,7.4083
5.14,53.2,0,3,1,1,0,0,1,-52.091,1409.08,1335.47,169.047,162.731,430.395,7.40712
5.16,54.1333,0,3,1,1,0,0,1,-43.0504,1438.85,1364.99,172.784,167.813,427.877,7.53957
5.18,55.0667,0,3,1,1,0,0,1,-35.5789,1468.63,1394.59,176.531,169.308,424.661,7.74639
5.2,56,0,3,1,1,0,0,1,-29.404,1498.4,1424.24,180.284,174.128,443.646,7.68174
5.22,56.9333,0,3,1,1,0,0,1,-24.3009,1528.17,1453.93,184.042,179.289,447.361,7.79317
5.24,57.8667,0,3,1,1,0,0,1,-20.0833,1557.95,1483.65,187.803,180.164,450.43,7.79178
5.26,58.8,0,3,1,1,0,0,1,-16.5978,1587.72,1513.38,191.567,184.544,457.205,7.85836
5.28,59.7333,0,3,1,1,0,0,1,-13.7172,1617.49,1543.12,195.332,190.41,468.487,7.92494
5.3,60.6667,0,3,1,1,0,0,1,-11.3365,1648.07,1573.04,199.12,191.798,476.673,7.97743
5.32,61.6,0,3,1,1,0,0,1,-9.36903,1678.96,1603.26,202.945,196.238,488.594,8.12298
5.34,62.5333,0,3,1,1,0,0,1,-7.743,1709.85,1633.69,206.796,199.791,483.862,8.64389
5.36,63.4667,0,3,1,1,0,0,1,-6.39917,1740.75,1664.25,210.665,204.511,497.56,8.56932
5.38,64.4,0,3,1,1,0,0,1,-5.28857,1771.64,1694.92,214.547,208.573,508.176,8.79263
5.4,65.3333,0,3,1,1,0,0,1,-4.37072,1802.53,1725.66,218.438,211.867,511.177,8.60066
5.42,66.2667,0,3,1,1,0,0,1,-3.61217,1833.43,1756.44,222.334,215.34,507.088,8.60019
5.44,67.2,0,3,1,1,0,0,1,-2.98526,1864.32,1787.26,226.235,218.305,534.452,8.88785
5.46,68.1333,0,3,1,1,0,0,1,-2.46716,1895.21,1818.1,230.139,225.103,533.673,9.13413
5.48,69.0667,0,3,1,1,0,0,1,-2.03897,1926.11,1848.96,234.045,227.284,541.219,9.22227
5.5,70,0,3,1,1,0,0,1,-1.6851,1957,1879.82,237.952,231.194,558.208,9.40314
5.52,70,0,3,1,1,0,0,1,-1.39265,1957,1903.41,240.937,233.316,563.904,9.51201
5.54,70,0,3,1,1,0,0,1,-1.15095,1957,1919.78,243.01,236.761,567.202,9.72104
5.56,70,0,3,1,1,0,0,1,-0.951196,1957,1931.15,244.45,239.702,572.319,9.68775
5.58,70,0,3,1,1,0,0,1,-0.786113,1957,1939.05,245.45,243.421,573.76,10.1097
5.6,70,0,3,1,1,0,0,1,-0.64968,1957,1944.54,246.144,245.888,591.751,10.2126
5.62,70,0,3,1,1,0,0,1,-0.536926,1957,1948.34,246.626,246.579,595.809,10.2656
5.64,70,0,3,1,1,0,0,1,-0.44374,1957,1950.99,246.961,244.513,605.074,10.5152
5.66,70,0,3,1,1,0,0,1,-0.366727,1957,1952.83,247.193,247.277,610.85,10.4593
5.68,70,0,3,1,1,0,0,1,-0.303081,1957,1954.1,247.355,248.426,611.988,10.6139
5.7,70,0,3,1,1,0,0,1,-0.25048,1957,1954.99,247.467,245.669,633.398,11.462
5.72,70,0,3,1,1,0,0,1,-0.207008,1957,1955.6,247.545,250.449,644.573,10.914
5.74,70,0,3,1,1,0,0,1,-0.171081,1957,1956.03,247.599,244.937,645.627,11.1273
5.76,70,0,3,1,1,0,0,1,-0.141389,1957,1956.33,247.636,248.325,652.903,11.3813
5.78,70,0,3,1,1,0,0,1,-0.116851,1957,1956.53,247.662,248.474,660.38,11.6001
5.8,70,0,3,1,1,0,0,1,-0.0965708,1957,1956.67,247.68,248.931,672.959,11.6082
5.82,70,0,3,1,1,0,0,1,-0.0798106,1957,1956.77,247.693,245.309,683.472,11.7867
5.84,70,0,3,1,1,0,0,1,-0.0659591,1957,1956.84,247.702,246.796,691.639,11.7679
5.86,70,0,3,1,1,0,0,1,-0.0545117,1957,1956.89,247.708,248.629,699.602,12.2243
5.88,70,0,3,1,1,0,0,1,-0.045051,1957,1956.92,247.712,244.538,708.914,12.1557
5.9,70,0,3,1,1,0,0,1,-0.0372322,1957,1956.95,247.715,248.931,713.025,12.1905
5.92,70,0,3,1,1,0,0,1,-0.0307704,1957,1956.96,247.717,246.971,731.057,12.5408
5.94,70,0,3,1,1,0,0,1,-0.0254301,1957,1956.97,247.718,246.602,732.672,12.7399
5.96,70,0,3,1,1,0,0,1,-0.0210166,1957,1956.98,247.719,246.26,751.587,12.9012
5.98,70,0,3,1,1,0,0,1,-0.0173691,1957,1956.99,247.72,246.56,744.984,12.7948
6,70,0,3,1,1,0,0,1,-0.0143546,1957,1956.99,247.72,248.35,767.741,12.9516
6.02,70,0,3,1,1,0,0,1,-0.0118633,1957,1956.99,247.721,249.951,763.997,13.1482
6.04,70,0,3,1,1,0,0,1,-0.00980441,1957,1957,247.721,247.28,778.431,13.1959
6.06,70,0,3,1,1,0,0,1,-0.00810282,1957,1957,247.721,248.205,785.724,13.6486
6.08,70,0,3,1,1,0,0,1,-0.00669654,1957,1957,247.721,248.761,802.989,13.36
6.1,70,0,3,1,1,0,0,1,-0.00553433,1957,1957,247.721,249.116,807.05,13.6257
6.12,70,0,3,1,1,0,0,1,-0.00457383,1957,1957,247.721,246.848,814.443,13.9063
6.14,70,0,3,1,1,0,0,1,-0.00378002,1957,1957,247.721,247.895,819.365,14.1026
6.16,70,0,3,1,1,0,0,1,-0.00312399,1957,1957,247.721,248.322,823.163,14.1329
6.18,70,0,3,1,1,0,0,1,-0.00258181,1957,1957,247.721,248.27,838.048,14.4122
6.2,70,0,3,1,1,0,0,1,-0.00213372,1957,1957,247.721,246.601,846.594,14.5642
6.22,70,0,3,1,1,0,0,1,-0.00176341,1957,1957,247.721,248.047,857.354,14.536
6.24,70,0,3,1,1,0,0,1,-0.00145736,1957,1957,247.722,247.07,859.542,14.6811
6.26,70,0,3,1,1,0,0,1,-0.00120443,1957,1957,247.722,248.653,871.792,14.8873
6.28,70,0,3,1,1,0,0,1,-0.000995398,1957,1957,247.722,247.949,886.689,15.0885
6.3,70,0,3,1,1,0,0,1,-0.000822643,1957,1957,247.722,245.607,893.226,15.1288
6.32,70,0,3,1,1,0,0,1,-0.00067987,1957,1957,247.722,248.456,899.974,15.3973
6.34,70,0,3,1,1,0,0,1,-0.000561876,1957,1957,247.722,250.765,918.643,15.498
6.36,70,0,3,1,1,0,0,1,-0.000464361,1957,1957,247.722,249.593,913.467,15.838
6.38,70,0,3,1,1,0,0,1,-0.000383769,1957,1957,247.722,248.626,925.303,15.7132
6.4,70,0,3,1,1,0,0,1,-0.000317165,1957,1957,247.722,246.729,933.104,16.0461
6.42,70,0,3,1,1,0,0,1,-0.000262119,1957,1957,247.722,246.156,942.393,16.2937
6.44,70,0,3,1,1,0,0,1,-0.000216628,1957,1957,247.722,244.489,947.447,16.4245
6.46,70,0,3,1,1,0,0,1,-0.000179031,1957,1957,247.722,249.771,952.177,16.3027
6.48,70,0,3,1,1,0,0,1,-0.00014796,1957,1957,247.722,245.545,970.649,16.5062
6.5,70,0,3,1,1,0,0,1,-0.000122281,1957,1957,247.722,246.078,977.636,16.5285
6.52,70,0,3,1,1,0,0,1,-0.000101058,1957,1957,247.722,248.223,976.172,16.9724
6.54,70,0,3,1,1,0,0,1,-0.0000835193,1957,1957,247.722,250.768,991.74,17.1329
6.56,70,0,3,1,1,0,0,1,-0.0000690243,1957,1957,247.722,247.49,1000.17,17.2283
6.58,70,0,3,1,1,0,0,1,-0.0000570448,1957,1957,247.722,246.985,1007.1,17.3411
6.6,70,0,3,1,1,0,0,1,-0.0000471445,1957,1957,247.722,248.625,1011.23,17.3421
6.62,70,0,3,1,1,0,0,1,-0.0000389624,1957,1957,247.722,247.231,1029.59,17.5145
6.64,70,0,3,1,1,0,0,1,-0.0000322003,1957,1957,247.722,245.215,1025.92,17.8351
6.66,70,0,3,1,1,0,0,1,-0.0000266118,1957,1957,247.722,251.247,1047.51,17.9855
6.68,70,0,3,1,1,0,0,1,-0.0000219933,1957,1957,247.722,248.636,1044.11,18.0947
6.7,70,0,3,1,1,0,0,1,-0.0000181762,1957,1957,247.722,245.341,1057.21,18.2608
6.72,70,0,3,1,1,0,0,1,-0.0000150217,1957,1957,247.722,250.044,1066.29,18.3368
6.74,70,0,3,1,1,0,0,1,-0.0000124146,1957,1957,247.722,246.962,1076.23,18.6384
6.76,70,0,3,1,1,0,0,1,-0.00001026,1957,1957,247.722,247.597,1088.49,19.002
6.78,70,0,3,1,1,0,0,1,-0.00000847935,1957,1957,247.722,245.64,1091.74,18.8879
6.8,70,0,3,1,1,0,0,1,-0.00000700773,1957,1957,247.722,249.411,1101.79,18.7958
6.82,70,0,3,1,1,0,0,1,-0.00000579151,1957,1957,247.722,248.651,1104.57,18.7558
6.84,70,0,3,1,1,0,0,1,-0.00000478637,1957,1957,247.722,248.483,1126.35,19.228
6.86,70,0,3,1,1,0,0,1,-0.00000395568,1957,1957,247.722,248.728,1129.05,19.4895
6.88,70,0,3,1,1,0,0,1,-0.00000326916,1957,1957,247.722,248.046,1133.14,19.6669
6.9,70,0,3,1,1,0,0,1,-0.00000270178,1957,1957,247.722,249.348,1147.28,19.6097
6.92,70,0,3,1,1,0,0,1,-0.00000223288,1957,1957,247.722,249.171,1149.41,19.9126
6.94,70,0,3,1,1,0,0,1,-0.00000184535,1957,1957,247.722,249.553,1168.18,19.8922
6.96,70,0,3,1,1,0,0,1,-0.00000152509,1957,1957,247.722,248.949,1175.13,20.4272
6.98,70,0,3,1,1,0,0,1,-0.0000012604,1957,1957,247.722,249.12,1170.32,20.6318
7,70,0,3,1,1,0,0,1,-0.00000104165,1957,1957,247.722,247.389,1191.33,20.8503
7.02,70,0,3,1,1,0,0,1,-8.60871e-7,1957,1957,247.722,252.547,1190.7,20.5276
7.04,70,0,3,1,1,0,0,1,-7.11464e-7,1957,1957,247.722,249.508,1205.32,20.8956
7.06,70,0,3,1,1,0,0,1,-5.87987e-7,1957,1957,247.722,246.926,1199.75,20.832
7.08,70,0,3,1,1,0,0,1,-4.85939e-7,1957,1957,247.722,247.29,1226.21,21.264
7.1,70,0,3,1,1,0,0,1,-4.01603e-7,1957,1957,247.722,246.85,1235.08,21.3301
7.12,70,0,3,1,1,0,0,1,-3.31903e-7,1957,1957,247.722,246.08,1243.4,21.3792
7.14,70,0,3,1,1,0,0,1,-2.743e-7,1957,1957,247.722,249.52,1253.07,21.1144
7.16,70,0,3,1,1,0,0,1,-2.26694e-7,1957,1957,247.722,246.062,1267.03,21.6016
7.18,70,0,3,1,1,0,0,1,-1.87351e-7,1957,1957,247.722,247.711,1256.2,21.9309
7.2,70,0,3,1,1,0,0,1,-1.54835e-7,1957,1957,247.722,247.51,1277.07,21.9686
7.22,70,0,3,1,1,0,0,1,-1.27963e-7,1957,1957,247.722,248.489,1289.6,21.7665
7.24,70,0,3,1,1,0,0,1,-1.05755e-7,1957,1957,247.722,246.539,1288.19,21.9506
7.26,70,0,3,1,1,0,0,1,-8.74005e-8,1957,1957,247.722,246.893,1302.99,22.1758
7.28,70,0,3,1,1,0,0,1,-7.22318e-8,1957,1957,247.722,246.843,1309.07,22.3923
7.3,70,0,3,1,1,0,0,1,-5.96957e-8,1957,1957,247.722,249.244,1320.24,22.5703
7.32,70,0,3,1,1,0,0,1,-4.93353e-8,1957,1957,247.722,249.762,1325.89,22.7368
7.34,70,0,3,1,1,0,0,1,-4.0773e-8,1957,1957,247.722,248.013,1338.72,22.8208
7.36,70,0,3,1,1,0,0,1,-3.36967e-8,1957,1957,247.722,248.696,1343.14,22.7924
7.38,70,0,3,1,1,0,0,1,-2.78485e-8,1957,1957,247.722,246.789,1350.74,23.2562
7.4,70,0,3,1,1,0,0,1,-2.30153e-8,1957,1957,247.722,248.956,1354.67,23.2998
7.42,70,0,3,1,1,0,0,1,-1.90209e-8,1957,1957,247.722,250.961,1368.47,23.5809
7.44,70,0,3,1,1,0,0,1,-1.57197e-8,1957,1957,247.722,247.596,1389.84,23.5774
7.46,70,0,3,1,1,0,0,1,-1.29915e-8,1957,1957,247.722,246.494,1381.95,23.8315
7.48,70,0,3,1,1,0,0,1,-1.07368e-8,1957,1957,247.722,247.465,1392.52,24.0194
7.5,70,0,3,1,1,0,0,1,-8.87338e-9,1957,1957,247.722,246.293,1410.73,24.2409
7.52,70,0,3,1,1,0,0,1,-7.33338e-9,1957,1957,247.722,250.151,1410.99,24.5286
7.54,70,0,3,1,1,0,0,1,-6.06064e-9,1957,1957,247.722,247.998,1415.12,24.5337
7.56,70,0,3,1,1,0,0,1,-5.00879e-9,1957,1957,247.722,246.749,1434.99,24.7466
7.58,70,0,3,1,1,0,0,1,-4.1395e-9,1957,1957,247.722,248.282,1433.6,24.5838
7.6,70,0,3,1,1,0,0,1,-3.42107e-9,1957,1957,247.722,247.855,1455.61,24.8143
7.62,70,0,3,1,1,0,0,1,-2.82733e-9,1957,1957,247.722,246.905,1459.29,24.9172
7.64,70,0,3,1,1,0,0,1,-2.33664e-9,1957,1957,247.722,247.764,1464.01,25.1654
7.66,70,0,3,1,1,0,0,1,-1.93111e-9,1957,1957,247.722,246.705,1472.09,25.1283
7.68,70,0,3,1,1,0,0,1,-1.59596e-9,1957,1957,247.722,250.013,1473.14,25.358
7.7,70,0,3,1,1,0,0,1,-1.31897e-9,1957,1957,247.722,248.028,1491.32,25.6489
7.72,70,0,3,1,1,0,0,1,-1.09006e-9,1957,1957,247.722,245.7,1492.64,25.6351
7.74,70,0,3,1,1,0,0,1,-9.00876e-10,1957,1957,247.722,247.616,1511.99,25.7134
7.76,70,0,3,1,1,0,0,1,-7.44525e-10,1957,1957,247.722,245.877,1512.48,26.0499
7.78,70,0,3,1,1,0,0,1,-6.1531e-10,1957,1957,247.722,248.18,1516.02,26.1103
7.8,70,0,3,1,1,0,0,1,-5.08521e-10,1957,1957,247.722,247.701,1534.25,26.2986
7.82,70,0,3,1,1,0,0,1,-4.20265e-10,1957,1957,247.722,245.769,1544.67,26.5259
7.84,70,0,3,1,1,0,0,1,-3.47327e-10,1957,1957,247.722,249.184,1553.28,26.3382
7.86,70,0,3,1,1,0,0,1,-2.87047e-10,1957,1957,247.722,246.955,1562.09,26.8697
7.88,70,0,3,1,1,0,0,1,-2.37229e-10,1957,1957,247.722,247.469,1574.89,26.9788
7.9,70,0,3,1,1,0,0,1,-1.96057e-10,1957,1957,247.722,247.379,1581.4,26.9667
7.92,70,0,3,1,1,0,0,1,-1.6203e-10,1957,1957,247.722,251.589,1584.25,26.9874
7.94,70,0,3,1,1,0,0,1,-1.33909e-10,1957,1957,247.722,246.507,1595.29,27.612
7.96,70,0,3,1,1,0,0,1,-1.10669e-10,1957,1957,247.722,247.68,1596.71,27.5394
7.98,70,0,3,1,1,0,0,1,-9.14619e-11,1957,1957,247.722,246.744,1607.76,27.3163
8,70,0,3,1,1,0,0,1,-7.55884e-11,1957,1957,247.722,248.334,1623.8,27.6345
8.02,70,0,3,1,1,0,0,1,-6.24697e-11,1957,1957,247.722,245.708,1625.05,27.9798
8.04,70,0,3,1,1,0,0,1,-5.16279e-11,1957,1957,247.722,248.72,1631.56,28.0757
8.06,70,0,3,1,1,0,0,1,-4.26677e-11,1957,1957,247.722,247.311,1643.47,28.1646
8.08,70,0,3,1,1,0,0,1,-3.52625e-11,1957,1957,247.722,249.602,1656.49,28.7862
8.1,70,0,3,1,1,0,0,1,-2.91426e-11,1957,1957,247.722,248.732,1668.9,28.738
8.12,70,0,3,1,1,0,0,1,-2.40848e-11,1957,1957,247.722,245.039,1677.33,28.6885
8.14,70,0,3,1,1,0,0,1,-1.99048e-11,1957,1957,247.722,247.735,1672.83,28.8169
8.16,70,0,3,1,1,0,0,1,-1.64502e-11,1957,1957,247.722,249.209,1695.08,28.9537
8.18,70,0,3,1,1,0,0,1,-1.35952e-11,1957,1957,247.722,249.807,1692,28.9754
8.2,70,0,3,1,1,0,0,1,-1.12357e-11,1957,1957,247.722,246.143,1700.01,29.475
8.22,70,0,3,1,1,0,0,1,-9.28573e-12,1957,1957,247.722,245.458,1715.46,29.2378
8.24,70,0,3,1,1,0,0,1,-7.67416e-12,1957,1957,247.722,246.374,1722.33,29.7445
8.26,70,0,3,1,1,0,0,1,-6.34228e-12,1957,1957,247.722,248.223,1735.86,29.9641
8.28,70,0,3,1,1,0,0,1,-5.24155e-12,1957,1957,247.722,245.853,1737.3,30.025
8.3,70,0,3,1,1,0,0,1,-4.33186e-12,1957,1957,247.722,250.44,1748.03,30.1587
8.32,70,0,3,1,1,0,0,1,-3.58005e-12,1957,1957,247.722,249.783,1746.93,30.1526
8.34,70,0,3,1,1,0,0,1,-2.95872e-12,1957,1957,247.722,249.175,1763.74,30.4383
8.36,70,0,3,1,1,0,0,1,-2.44522e-12,1957,1957,247.722,249.207,1780.06,30.4887
8.38,70,0,3,1,1,0,0,1,-2.02085e-12,1957,1957,247.722,245.686,1780.54,30.4843
8.4,70,0,3,1,1,0,0,1,-1.67012e-12,1957,1957,247.722,249.516,1797.68,30.844
8.42,70,0,3,1,1,0,0,1,-1.38026e-12,1957,1957,247.722,248.836,1803.25,31.0603
8.44,70,0,3,1,1,0,0,1,-1.14071e-12,1957,1957,247.722,250.564,1804.72,31.0631
8.46,70,0,3,1,1,0,0,1,-9.42739e-13,1957,1957,247.722,247.558,1809.5,30.8819
8.48,70,0,3,1,1,0,0,1,-7.79123e-13,1957,1957,247.722,246.808,1833.19,31.1626
8.5,70,0,3,1,1,0,0,1,-6.43904e-13,1957,1957,247.722,247.389,1830.81,31.6729
8.52,70,0,3,1,1,0,0,1,-5.32152e-13,1957,1957,247.722,246.121,1841.16,31.6409
8.54,70,0,3,1,1,0,0,1,-4.39795e-13,1957,1957,247.722,246.994,1847.85,31.9335
8.56,70,0,3,1,1,0,0,1,-3.63467e-13,1957,1957,247.722,250.672,1860.54,31.846
8.58,70,0,3,1,1,0,0,1,-3.00386e-13,1957,1957,247.722,248.386,1865.16,32.0885
8.6,70,0,3,1,1,0,0,1,-2.48253e-13,1957,1957,247.722,246.813,1887.06,32.0528
8.62,70,0,3,1,1,0,0,1,-2.05167e-13,1957,1957,247.722,247.113,1883.7,32.2614
8.64,70,0,3,1,1,0,0,1,-1.6956e-13,1957,1957,247.722,246.04,1891.82,32.3802
8.66,70,0,3,1,1,0,0,1,-1.40132e-13,1957,1957,247.722,246.284,1901.37,32.3722
8.68,70,0,3,1,1,0,0,1,-1.15812e-13,1957,1957,247.722,245.562,1916.18,32.7222
8.7,70,0,3,1,1,0,0,1,-9.57122e-14,1957,1957,247.722,248.024,1916.97,33.1878
8.72,70,0,3,1,1,0,0,1,-7.9101e-14,1957,1957,247.722,249.154,1929.97,32.8167
8.74,70,0,3,1,1,0,0,1,-6.53727e-14,1957,1957,247.722,245.656,1938.04,33.6639
8.76,70,0,3,1,1,0,0,1,-5.4027e-14,1957,1957,247.722,249.344,1941.62,33.502
8.78,70,0,3,1,1,0,0,1,-4.46504e-14,1957,1957,247.722,247.846,1938.95,33.3908
8.8,70,0,3,1,1,0,0,1,-3.69012e-14,1957,1957,247.722,246.491,1956.82,33.8995
8.82,70,0,3,1,1,0,0,1,-3.04968e-14,1957,1957,247.722,248.528,1977.8,33.9904
8.84,70,0,3,1,1,0,0,1,-2.5204e-14,1957,1957,247.722,248.698,1976.85,33.9494
8.86,70,0,3,1,1,0,0,1,-2.08298e-14,1957,1957,247.722,249.441,2000.66,34.3624
8.88,70,0,3,1,1,0,0,1,-1.72147e-14,1957,1957,247.722,247.89,1991.73,34.2265
8.9,70,0,3,1,1,0,0,1,-1.4227e-14,1957,1957,247.722,247.269,2006.77,34.517
8.92,70,0,3,1,1,0,0,1,-1.17579e-14,1957,1957,247.722,245.624,2011.79,34.2722
8.94,70,0,3,1,1,0,0,1,-9.71723e-15,1957,1957,247.722,249.202,2014.28,34.6947
8.96,70,0,3,1,1,0,0,1,-8.03077e-15,1957,1957,247.722,246.423,2026.53,34.8127
8.98,70,0,3,1,1,0,0,1,-6.637e-15,1957,1957,247.722,246.883,2043.4,34.9444
9,70,0,3,1,1,0,0,1,-5.48512e-15,1957,1957,247.722,249.102,2052.9,34.9889
9.02,70,0,3,1,1,0,0,1,-4.53316e-15,1957,1957,247.722,246.147,2054.63,35.4199
9.04,70,0,3,1,1,0,0,1,-3.74641e-15,1957,1957,247.722,249.052,2061.15,35.4475
9.06,70,0,3,1,1,0,0,1,-3.09621e-15,1957,1957,247.722,247.623,2076.14,35.5211
9.08,70,0,3,1,1,0,0,1,-2.55885e-15,1957,1957,247.722,245.567,2079.84,36.0817
9.1,70,0,3,1,1,0,0,1,-2.11475e-15,1957,1957,247.722,248.72,2087.28,35.9298
9.12,70,0,3,1,1,0,0,1,-1.74773e-15,1957,1957,247.722,247.477,2092.64,36.1192
9.14,70,0,3,1,1,0,0,1,-1.4444e-15,1957,1957,247.722,248.676,2108.7,36.3157
9.16,70,0,3,1,1,0,0,1,-1.19372e-15,1957,1957,247.722,246.047,2119.25,36.1439
9.18,70,0,3,1,1,0,0,1,-9.86548e-16,1957,1957,247.722,245.058,2125.4,36.4288
9.2,70,0,3,1,1,0,0,1,-8.15329e-16,1957,1957,247.722,247.337,2129.01,36.7203
9.22,70,0,3,1,1,0,0,1,-6.73826e-16,1957,1957,247.722,247.329,2137.47,36.7709
9.24,70,0,3,1,1,0,0,1,-5.56881e-16,1957,1957,247.722,245.397,2150.35,37.2674
9.26,70,0,3,1,1,0,0,1,-4.60232e-16,1957,1957,247.722,248.352,2152.47,37.0903
9.28,70,0,3,1,1,0,0,1,-3.80357e-16,1957,1957,247.722,247.728,2157.87,37.2739
9.3,70,0,3,1,1,0,0,1,-3.14345e-16,1957,1957,247.722,245.31,2179.08,37.1275
9.32,70,0,3,1,1,0,0,1,-2.59789e-16,1957,1957,247.722,248.044,2185.93,37.4133
9.34,70,0,3,1,1,0,0,1,-2.14702e-16,1957,1957,247.722,250.258,2189.3,37.6433
9.36,70,0,3,1,1,0,0,1,-1.77439e-16,1957,1957,247.722,247.551,2201.79,38.0298
9.38,70,0,3,1,1,0,0,1,-1.46644e-16,1957,1957,247.722,244.928,2217.71,37.917
9.4,70,0,3,1,1,0,0,1,-1.21193e-16,1957,1957,247.722,249.563,2224.19,38.3576
9.42,70,0,3,1,1,0,0,1,-1.0016e-16,1957,1957,247.722,245.788,2225.32,37.9179
9.44,70,0,3,1,1,0,0,1,-8.27768e-17,1957,1957,247.722,247.325,2230.11,38.4685
9.46,70,0,3,1,1,0,0,1,-6.84105e-17,1957,1957,247.722,247.886,2240.67,38.574
9.48,70,0,3,1,1,0,0,1,-5.65376e-17,1957,1957,247.722,248.616,2245.56,38.5588
9.5,70,0,3,1,1,0,0,1,-4.67253e-17,1957,1957,247.722,247.484,2256.95,38.9513
9.52,70,0,3,1,1,0,0,1,-3.8616e-17,1957,1957,247.722,246.512,2262.5,39.1554
9.54,70,0,3,1,1,0,0,1,-3.1914e-17,1957,1957,247.722,244.58,2280.04,38.8422
9.56,70,0,3,1,1,0,0,1,-2.63752e-17,1957,1957,247.722,247.403,2280.81,38.9073
9.58,70,0,3,1,1,0,0,1,-2.17977e-17,1957,1957,247.722,247.766,2295.76,39.4805
9.6,70,0,3,1,1,0,0,1,-1.80146e-17,1957,1957,247.722,247.631,2302.28,39.6232
9.62,70,0,3,1,1,0,0,1,-1.48881e-17,1957,1957,247.722,249.214,2310.4,40.152
9.64,70,0,3,1,1,0,0,1,-1.23042e-17,1957,1957,247.722,246.849,2317.12,39.8085
9.66,70,0,3,1,1,0,0,1,-1.01688e-17,1957,1957,247.722,246.036,2321.27,39.9766
9.68,70,0,3,1,1,0,0,1,-8.40396e-18,1957,1957,247.722,247.669,2337.98,40.1532
9.7,70,0,3,1,1,0,0,1,-6.94542e-18,1957,1957,247.722,246.799,2350.51,40.4047
9.72,70,0,3,1,1,0,0,1,-5.74002e-18,1957,1957,247.722,246.355,2342.22,40.7175
9.74,70,0,3,1,1,0,0,1,-4.74382e-18,1957,1957,247.722,247.336,2358.07,40.2737
9.76,70,0,3,1,1,0,0,1,-3.92051e-18,1957,1957,247.722,244.844,2377.13,40.6379
9.78,70,0,3,1,1,0,0,1,-3.24009e-18,1957,1957,247.722,247.33,2378.72,40.901
9.8,70,0,3,1,1,0,0,1,-2.67776e-18,1957,1957,247.722,249.142,2392.85,41.4411
9.82,70,0,3,1,1,0,0,1,-2.21303e-18,1957,1957,247.722,248.896,2392.02,40.981
9.84,70,0,3,1,1,0,0,1,-1.82895e-18,1957,1957,247.722,248.594,2395.11,41.2831
9.86,70,0,3,1,1,0,0,1,-1.51153e-18,1957,1957,247.722,251.393,2422.94,41.2916
9.88,70,0,3,1,1,0,0,1,-1.24919e-18,1957,1957,247.722,247.364,2426.48,41.9661
9.9,70,0,3,1,1,0,0,1,-1.03239e-18,1957,1957,247.722,247.907,2429.01,41.9007
9.92,70,0,3,1,1,0,0,1,-8.53217e-19,1957,1957,247.722,248.063,2438.89,42.1283
9.94,70,0,3,1,1,0,0,1,-7.05138e-19,1957,1957,247.722,247.999,2437.87,41.823
9.96,70,0,3,1,1,0,0,1,-5.82759e-19,1957,1957,247.722,244.704,2455.7,42.5945
9.98,70,0,3,1,1,0,0,1,-4.81619e-19,1957,1957,247.722,246.599,2465.53,42.2546
10,70,0,3,1,1,0,0,1,-3.98032e-19,1957,1957,247.722,246.104,2471.06,42.4433
10.02,70,0,3,1,1,0,0,1,-3.28952e-19,1957,1957,247.722,246.707,2479.87,42.6325
10.04,70,0,3,1,1,0,0,1,-2.71861e-19,1957,1957,247.722,247.68,2491.05,42.7472
10.06,70,0,3,1,1,0,0,1,-2.24679e-19,1957,1957,247.722,246.587,2497.04,43.1041
10.08,70,0,3,1,1,0,0,1,-1.85685e-19,1957,1957,247.722,247.042,2496.5,43.0112
10.1,70,0,3,1,1,0,0,1,-1.53459e-19,1957,1957,247.722,247.427,2514.69,43.2574
10.12,70,0,3,1,1,0,0,1,-1.26825e-19,1957,1957,247.722,249.586,2534.08,43.3489
10.14,70,0,3,1,1,0,0,1,-1.04814e-19,1957,1957,247.722,247.68,2535.23,43.4268
10.16,70,0,3,1,1,0,0,1,-8.66234e-20,1957,1957,247.722,249.575,2534.73,43.788
10.18,70,0,3,1,1,0,0,1,-7.15896e-20,1957,1957,247.722,246.029,2546.44,43.7519
10.2,70,0,3,1,1,0,0,1,-5.91649e-20,1957,1957,247.722,246.001,2555.69,43.9967
10.22,70,0,3,1,1,0,0,1,-4.88966e-20,1957,1957,247.722,249.72,2571.68,44.1399
10.24,70,0,3,1,1,0,0,1,-4.04104e-20,1957,1957,247.722,246.797,2574.81,44.1799
10.26,70,0,3,1,1,0,0,1,-3.33971e-20,1957,1957,247.722,248.222,2576.7,44.3173
10.28,70,0,3,1,1,0,0,1,-2.76009e-20,1957,1957,247.722,247.153,2592.48,44.3473
10.3,70,0,3,1,1,0,0,1,-2.28106e-20,1957,1957,247.722,250.701,2605.09,44.7069
10.32,70,0,3,1,1,0,0,1,-1.88518e-20,1957,1957,247.722,246.818,2607.35,44.5968
10.34,70,0,3,1,1,0,0,1,-1.558e-20,1957,1957,247.722,245.701,2620.6,44.9925
10.36,70,0,3,1,1,0,0,1,-1.2876e-20,1957,1957,247.722,251.095,2632.34,45.1678
10.38,70,0,3,1,1,0,0,1,-1.06413e-20,1957,1957,247.722,248.347,2638.07,45.1813
10.4,70,0,3,1,1,0,0,1,-8.79449e-21,1957,1957,247.722,245.766,2639.27,45.5648
10.42,70,0,3,1,1,0,0,1,-7.26817e-21,1957,1957,247.722,248.527,2657.6,45.3463
10.44,70,0,3,1,1,0,0,1,-6.00675e-21,1957,1957,247.722,250.718,2657.95,45.692
10.46,70,0,3,1,1,0,0,1,-4.96426e-21,1957,1957,247.722,248.44,2664.86,45.9239
10.48,70,0,3,1,1,0,0,1,-4.10269e-21,1957,1957,247.722,249.246,2680.06,46.2594
10.5,70,0,3,1,1,0,0,1,-3.39066e-21,1957,1957,247.722,247.62,2686.58,46.0532
10.52,70,0,3,1,1,0,0,1,-2.8022e-21,1957,1957,247.722,246.078,2702.69,46.1568
10.54,70,0,3,1,1,0,0,1,-2.31586e-21,1957,1957,247.722,251.45,2704.87,46.5025
10.56,70,0,3,1,1,0,0,1,-1.91394e-21,1957,1957,247.722,247.517,2724.19,46.4568
10.58,70,0,3,1,1,0,0,1,-1.58177e-21,1957,1957,247.722,247.04,2720.68,46.6809
10.6,70,0,3,1,1,0,0,1,-1.30724e-21,1957,1957,247.722,247.886,2732.83,46.9149
10.62,70,0,3,1,1,0,0,1,-1.08037e-21,1957,1957,247.722,248.098,2727.46,47.061
10.64,70,0,3,1,1,0,0,1,-8.92866e-22,1957,1957,247.722,247.04,2742.92,47.2631
10.66,70,0,3,1,1,0,0,1,-7.37906e-22,1957,1957,247.722,246.608,2760.72,47.5053
10.68,70,0,3,1,1,0,0,1,-6.09839e-22,1957,1957,247.722,247.907,2762.44,47.4888
10.7,70,0,3,1,1,0,0,1,-5.03999e-22,1957,1957,247.722,245.91,2769.61,47.4477
10.72,70,0,3,1,1,0,0,1,-4.16528e-22,1957,1957,247.722,249.587,2783.54,47.5363
10.74,70,0,3,1,1,0,0,1,-3.44238e-22,1957,1957,247.722,247.688,2784.73,47.8444
10.76,70,0,3,1,1,0,0,1,-2.84495e-22,1957,1957,247.722,249.348,2790.22,47.747
10.78,70,0,3,1,1,0,0,1,-2.35119e-22,1957,1957,247.722,247.73,2796.82,47.9893
10.8,70,0,3,1,1,0,0,1,-1.94314e-22,1957,1957,247.722,246.12,2805.1,48.3305
10.82,70,0,3,1,1,0,0,1,-1.6059e-22,1957,1957,247.722,247.289,2822.21,48.4375
10.84,70,0,3,1,1,0,0,1,-1.32719e-22,1957,1957,247.722,248.718,2830.34,48.6078
10.86,70,0,3,1,1,0,0,1,-1.09685e-22,1957,1957,247.722,249.286,2833.97,48.8322
10.88,70,0,3,1,1,0,0,1,-9.06487e-23,1957,1957,247.722,247.886,2851.09,48.7427
10.9,70,0,3,1,1,0,0,1,-7.49163e-23,1957,1957,247.722,246.517,2849.84,48.8612
10.92,70,0,3,1,1,0,0,1,-6.19143e-23,1957,1957,247.722,246.561,2863.1,49.1391
10.94,70,0,3,1,1,0,0,1,-5.11688e-23,1957,1957,247.722,248.876,2865.95,49.3613
10.96,70,0,3,1,1,0,0,1,-4.22883e-23,1957,1957,247.722,249.056,2884.54,49.4384
10.98,70,0,3,1,1,0,0,1,-3.4949e-23,1957,1957,247.722,246.508,2894.24,49.6757
11,70,0,3,1,1,0,0,1,-2.88835e-23,1957,1957,247.722,248.749,2888.21,49.82
11.02,70,0,3,1,1,0,0,1,-2.38706e-23,1957,1957,247.722,248.083,2902.49,50.0926
11.04,70,0,3,1,1,0,0,1,-1.97278e-23,1957,1957,247.722,247.829,2920.11,50.0888
11.06,70,0,3,1,1,0,0,1,-1.6304e-23,1957,1957,247.722,246.744,2926.64,50.5245
11.08,70,0,3,1,1,0,0,1,-1.34744e-23,1957,1957,247.722,250.568,2937.7,50.5521
11.1,70,0,3,1,1,0,0,1,-1.11358e-23,1957,1957,247.722,246.268,2945.75,50.4347
11.12,70,0,3,1,1,0,0,1,-9.20317e-24,1957,1957,247.722,248.379,2944.57,50.6704
11.14,70,0,3,1,1,0,0,1,-7.60592e-24,1957,1957,247.722,246.324,2958.4,51.0341
11.16,70,0,3,1,1,0,0,1,-6.28589e-24,1957,1957,247.722,245.682,2960.32,51.147
11.18,70,0,3,1,1,0,0,1,-5.19495e-24,1957,1957,247.722,247.114,2970.77,50.9407
11.2,70,0,3,1,1,0,0,1,-4.29335e-24,1957,1957,247.722,246.38,2981.79,51.4993
11.22,70,0,3,1,1,0,0,1,-3.54822e-24,1957,1957,247.722,249.597,2988.16,51.5731
11.24,70,0,3,1,1,0,0,1,-2.93241e-24,1957,1957,247.722,249.109,3002.77,51.559
11.26,70,0,3,1,1,0,0,1,-2.42348e-24,1957,1957,247.722,250.42,3013.2,51.562
11.28,70,0,3,1,1,0,0,1,-2.00288e-24,1957,1957,247.722,248.141,3011.68,51.8202
11.3,70,0,3,1,1,0,0,1,-1.65527e-24,1957,1957,247.722,244.622,3019.3,51.9982
11.32,70,0,3,1,1,0,0,1,-1.36799e-24,1957,1957,247.722,246.165,3028.92,52.2312
11.34,70,0,3,1,1,0,0,1,-1.13057e-24,1957,1957,247.722,247.209,3038.94,52.0648
11.36,70,0,3,1,1,0,0,1,-9.34357e-25,1957,1957,247.722,248.519,3051.25,52.4454
11.38,70,0,3,1,1,0,0,1,-7.72196e-25,1957,1957,247.722,246.56,3055.99,52.5288
11.4,70,0,3,1,1,0,0,1,-6.38178e-25,1957,1957,247.722,244.424,3065.11,52.6092
11.42,70,0,3,1,1,0,0,1,-5.2742e-25,1957,1957,247.722,249.017,3074.69,52.8309
11.44,70,0,3,1,1,0,0,1,-4.35884e-25,1957,1957,247.722,248.412,3085.44,53.0126
11.46,70,0,3,1,1,0,0,1,-3.60235e-25,1957,1957,247.722,246.31,3084.92,52.9789
11.48,70,0,3,1,1,0,0,1,-2.97715e-25,1957,1957,247.722,248.241,3100.41,53.084
11.5,70,0,3,1,1,0,0,1,-2.46045e-25,1957,1957,247.722,245.506,3108.4,53.4096
11.52,70,0,3,1,1,0,0,1,-2.03343e-25,1957,1957,247.722,249.129,3119.99,53.3736
11.54,70,0,3,1,1,0,0,1,-1.68052e-25,1957,1957,247.722,246.762,3121.86,53.47
11.56,70,0,3,1,1,0,0,1,-1.38886e-25,1957,1957,247.722,248.033,3140.94,53.9586
11.58,70,0,3,1,1,0,0,1,-1.14782e-25,1957,1957,247.722,248.368,3144.67,53.6366
11.6,70,0,3,1,1,0,0,1,-9.48612e-26,1957,1957,247.722,248.882,3157.63,53.9685
11.62,70,0,3,1,1,0,0,1,-7.83976e-26,1957,1957,247.722,246.915,3157.41,54.3764
11.64,70,0,3,1,1,0,0,1,-6.47914e-26,1957,1957,247.722,249.946,3173.26,54.48
11.66,70,0,3,1,1,0,0,1,-5.35466e-26,1957,1957,247.722,249.448,3181.36,54.8276
11.68,70,0,3,1,1,0,0,1,-4.42534e-26,1957,1957,247.722,247.154,3183.92,54.8729
11.7,70,0,3,1,1,0,0,1,-3.65731e-26,1957,1957,247.722,248.719,3197.03,54.8263
11.72,70,0,3,1,1,0,0,1,-3.02257e-26,1957,1957,247.722,249.846,3199.95,55.1972
11.74,70,0,3,1,1,0,0,1,-2.49799e-26,1957,1957,247.722,249.54,3206.88,55.1435
11.76,70,0,3,1,1,0,0,1,-2.06446e-26,1957,1957,247.722,246.703,3216.5,55.3463
11.78,70,0,3,1,1,0,0,1,-1.70616e-26,1957,1957,247.722,247.839,3221.9,55.6776
11.8,70,0,3,1,1,0,0,1,-1.41005e-26,1957,1957,247.722,245.494,3240.42,55.5418
11.82,70,0,3,1,1,0,0,1,-1.16533e-26,1957,1957,247.722,247.556,3246.48,55.9104
11.84,70,0,3,1,1,0,0,1,-9.63084e-27,1957,1957,247.722,246.768,3253.84,55.9765
11.86,70,0,3,1,1,0,0,1,-7.95937e-27,1957,1957,247.722,247.006,3257.69,55.9377
11.88,70,0,3,1,1,0,0,1,-6.57799e-27,1957,1957,247.722,249.586,3279.82,56.2266
11.9,70,0,3,1,1,0,0,1,-5.43636e-27,1957,1957,247.722,247.268,3282.62,56.2823
11.92,70,0,3,1,1,0,0,1,-4.49286e-27,1957,1957,247.722,246.008,3290.2,56.2946
11.94,70,0,3,1,1,0,0,1,-3.7131e-27,1957,1957,247.722,247.337,3297.35,56.6752
11.96,70,0,3,1,1,0,0,1,-3.06868e-27,1957,1957,247.722,245.191,3303.49,56.8987
11.98,70,0,3,1,1,0,0,1,-2.5361e-27,1957,1957,247.722,248.025,3315.72,56.8908
12,70,0,3,1,1,0,0,1,-2.09595e-27,1957,1957,247.722,248.567,3322.82,56.6517
12.02,70,0,3,1,1,0,0,1,-1.73219e-27,1957,1957,247.722,249.257,3328.1,57.324
12.04,70,0,3,1,1,0,0,1,-1.43156e-27,1957,1957,247.722,248.325,3328.19,57.0267
12.06,70,0,3,1,1,0,0,1,-1.18311e-27,1957,1957,247.722,247.196,3353.36,57.6781
12.08,70,0,3,1,1,0,0,1,-9.77776e-28,1957,1957,247.722,246.899,3352.51,57.6374
12.1,70,0,3,1,1,0,0,1,-8.0808e-28,1957,1957,247.722,246.542,3357.81,57.5324
12.12,70,0,3,1,1,0,0,1,-6.67834e-28,1957,1957,247.722,244.578,3367.59,58.0999
12.14,70,0,3,1,1,0,0,1,-5.51929e-28,1957,1957,247.722,248.53,3367.38,58.0636
12.16,70,0,3,1,1,0,0,1,-4.5614e-28,1957,1957,247.722,248.399,3387.24,58.1163
12.18,70,0,3,1,1,0,0,1,-3.76975e-28,1957,1957,247.722,251.837,3380.77,58.3904
12.2,70,0,3,1,1,0,0,1,-3.1155e-28,1957,1957,247.722,248.04,3402.11,58.261
12.22,70,0,3,1,1,0,0,1,-2.57479e-28,1957,1957,247.722,247.698,3413.02,58.6821
12.24,70,0,3,1,1,0,0,1,-2.12793e-28,1957,1957,247.722,247.222,3417.9,58.8451
12.26,70,0,3,1,1,0,0,1,-1.75862e-28,1957,1957,247.722,247.113,3430.47,58.9308
12.28,70,0,3,1,1,0,0,1,-1.4534e-28,1957,1957,247.722,248.337,3432.86,59.1159
12.3,70,0,3,1,1,0,0,1,-1.20116e-28,1957,1957,247.722,244.329,3438.64,59.5766
12.32,70,0,3,1,1,0,0,1,-9.92693e-29,1957,1957,247.722,247.246,3458.38,59.4368
12.34,70,0,3,1,1,0,0,1,-8.20408e-29,1957,1957,247.722,248.564,3454.04,59.5956
12.36,70,0,3,1,1,0,0,1,-6.78023e-29,1957,1957,247.722,249.404,3464.57,59.7846
12.38,70,0,3,1,1,0,0,1,-5.60349e-29,1957,1957,247.722,250.917,3483.87,59.9303
12.4,70,0,3,1,1,0,0,1,-4.63099e-29,1957,1957,247.722,246.52,3489.43,60.0101
12.42,70,0,3,1,1,0,0,1,-3.82726e-29,1955.86,1956.81,247.697,248.258,3499.23,60.1092
12.44,70,0,3,1,1,0,0,1,-3.16303e-29,1953.32,1955.92,247.585,247.77,3507.04,60.1106
12.46,70,0,3,1,1,0,0,1,-2.61407e-29,1950.78,1954.53,247.408,248.008,3515.32,60.2103
12.48,70,0,3,1,1,0,0,1,-2.16039e-29,1948.25,1952.78,247.188,247.626,3525.36,60.7438
12.5,70,0,3,1,1,0,0,1,-1.78545e-29,1945.71,1950.8,246.937,247.272,3531.67,60.6955
12.52,70,0,3,1,1,0,0,1,-1.47558e-29,1943.18,1948.65,246.664,249.175,3533.67,60.6979
12.54,70,0,3,1,1,0,0,1,-1.21948e-29,1940.66,1946.38,246.377,247.399,3545.65,60.9793
12.56,70,0,3,1,1,0,0,1,-1.00784e-29,1938.13,1944.04,246.081,246.766,3558.54,61.0007
12.58,70,0,3,1,1,0,0,1,-8.32924e-30,1935.61,1941.64,245.777,245.682,3556.66,61.0929
12.6,70,0,3,1,1,0,0,1,-6.88367e-30,1933.1,1939.2,245.469,247.725,3566.88,61.3776
12.62,70,0,3,1,1,0,0,1,-5.68898e-30,1930.58,1936.74,245.157,242.938,3579.95,61.5493
12.64,70,0,3,1,1,0,0,1,-4.70164e-30,1928.07,1934.27,244.844,246.027,3596.72,61.668
12.66,70,0,3,1,1,0,0,1,-3.88565e-30,1925.57,1931.78,244.53,244.605,3600.65,61.7833
12.68,70,0,3,1,1,0,0,1,-3.21128e-30,1923.07,1929.29,244.214,242.112,3606.56,61.9638
12.7,70,0,3,1,1,0,0,1,-2.65395e-30,1920.57,1926.8,243.899,243.681,3608.5,61.7799
12.72,70,0,3,1,1,0,0,1,-2.19335e-30,1918.07,1924.31,243.583,245.479,3627.28,62.459
12.74,70,0,3,1,1,0,0,1,-1.81268e-30,1915.58,1921.81,243.268,245.308,3625.15,62.6173
12.76,70,0,3,1,1,0,0,1,-1.49809e-30,1913.1,1919.32,242.952,242.327,3639.23,62.4169
12.78,70,0,3,1,1,0,0,1,-1.23809e-30,1910.61,1916.83,242.637,244.059,3649.47,62.5486
12.8,70,0,3,1,1,0,0,1,-1.02321e-30,1908.13,1914.35,242.322,244.664,3653.2,62.9051
12.82,70,0,3,1,1,0,0,1,-8.45631e-31,1905.66,1911.86,242.008,242.173,3668.42,62.9603
12.84,70,0,3,1,1,0,0,1,-6.98868e-31,1903.19,1909.38,241.694,242.179,3669.14,62.9073
12.86,70,0,3,1,1,0,0,1,-5.77577e-31,1900.72,1906.91,241.381,240.482,3672.75,63.4437
12.88,70,0,3,1,1,0,0,1,-4.77337e-31,1898.26,1904.44,241.068,240.979,3689.95,63.2969
12.9,70,0,3,1,1,0,0,1,-3.94493e-31,1895.8,1901.97,240.755,241.361,3700.03,63.6314
12.92,70,0,3,1,1,0,0,1,-3.26027e-31,1893.34,1899.5,240.443,244.623,3714.35,63.417
12.94,70,0,3,1,1,0,0,1,-2.69444e-31,1890.89,1897.04,240.132,240.011,3708.3,63.8741
12.96,70,0,3,1,1,0,0,1,-2.22681e-31,1888.44,1894.58,239.82,238.487,3717.94,63.697
12.98,70,0,3,1,1,0,0,1,-1.84034e-31,1885.99,1892.13,239.51,240.121,3725.83,64.0056
13,70,0,3,1,1,0,0,1,-1.52094e-31,1883.55,1889.68,239.2,240.501,3730.67,64.0539
13.02,70,0,3,1,1,0,0,1,-1.25698e-31,1881.12,1887.23,238.89,239.369,3742.38,64.4662
13.04,70,0,3,1,1,0,0,1,-1.03882e-31,1878.68,1884.79,238.581,237.741,3755.17,64.7475
13.06,70,0,3,1,1,0,0,1,-8.58532e-32,1876.25,1882.35,238.272,241.315,3754.19,64.7689
13.08,70,0,3,1,1,0,0,1,-7.0953e-32,1873.83,1879.91,237.964,239.259,3766.95,64.7828
13.1,70,0,3,1,1,0,0,1,-5.86389e-32,1871.41,1877.48,237.656,238.255,3777.99,64.8118
13.12,70,0,3,1,1,0,0,1,-4.84619e-32,1868.99,1875.05,237.349,242.202,3781.25,64.9528
13.14,70,0,3,1,1,0,0,1,-4.00511e-32,1866.57,1872.63,237.042,236.524,3788.53,65.2664
13.16,70,0,3,1,1,0,0,1,-3.31001e-32,1864.16,1870.21,236.736,238.148,3803.38,65.254
13.18,70,0,3,1,1,0,0,1,-2.73555e-32,1861.76,1867.79,236.43,237.448,3803.91,65.5462
13.2,70,0,3,1,1,0,0,1,-2.26078e-32,1859.35,1865.38,236.124,235.198,3817.25,65.4621
13.22,70,0,3,1,1,0,0,1,-1.86842e-32,1856.95,1862.97,235.819,235.022,3822.74,65.8787
13.24,70,0,3,1,1,0,0,1,-1.54414e-32,1854.56,1860.57,235.515,233.786,3833.26,65.6886
13.26,70,0,3,1,1,0,0,1,-1.27615e-32,1852.17,1858.17,235.211,236.927,3840.46,66.0245
13.28,70,0,3,1,1,0,0,1,-1.05467e-32,1849.78,1855.77,234.907,235.14,3855.97,66.1013
13.3,70,0,3,1,1,0,0,1,-8.71629e-33,1847.39,1853.37,234.604,235.514,3862.67,66.2334
13.32,70,0,3,1,1,0,0,1,-7.20355e-33,1845.01,1850.98,234.302,236.306,3866.47,66.1143
13.34,70,0,3,1,1,0,0,1,-5.95335e-33,1842.63,1848.6,234,233.981,3870.95,66.3952
13.36,70,0,3,1,1,0,0,1,-4.92012e-33,1840.26,1846.22,233.698,231.339,3878.29,66.7407
13.38,70,0,3,1,1,0,0,1,-4.06622e-33,1837.89,1843.84,233.397,232.99,3880.26,66.8032
13.4,70,0,3,1,1,0,0,1,-3.36051e-33,1835.53,1841.46,233.096,234.006,3894.31,67.0905
13.42,70,0,3,1,1,0,0,1,-2.77728e-33,1833.16,1839.09,232.796,231.903,3897.23,66.7821
13.44,70,0,3,1,1,0,0,1,-2.29527e-33,1830.8,1836.72,232.496,233.917,3898.71,67.0143
13.46,70,0,3,1,1,0,0,1,-1.89692e-33,1828.45,1834.36,232.197,234.576,3923.53,67.1378
13.48,70,0,3,1,1,0,0,1,-1.5677e-33,1826.1,1832,231.898,233.387,3927.47,67.5984
13.5,70,0,3,1,1,0,0,1,-1.29562e-33,1823.75,1829.64,231.6,230.165,3937.46,67.4714
13.52,70,0,3,1,1,0,0,1,-1.07076e-33,1821.41,1827.29,231.302,230.189,3930.59,67.4952
13.54,70,0,3,1,1,0,0,1,-8.84927e-34,1819.07,1824.94,231.005,230.569,3952.88,67.7465
13.56,70,0,3,1,1,0,0,1,-7.31345e-34,1816.73,1822.59,230.708,232.532,3961.43,67.8033
13.58,70,0,3,1,1,0,0,1,-6.04417e-34,1814.4,1820.25,230.411,230.89,3961.04,68.3087
13.6,70,0,3,1,1,0,0,1,-4.99518e-34,1812.07,1817.91,230.115,234.508,3981.26,68.3559
13.62,70,0,3,1,1,0,0,1,-4.12825e-34,1809.74,1815.58,229.82,231.94,3983.22,68.4004
13.64,70,0,3,1,1,0,0,1,-3.41178e-34,1807.42,1813.25,229.525,231.088,3985.05,68.3359
13.66,70,0,3,1,1,0,0,1,-2.81965e-34,1805.1,1810.92,229.23,228.523,3997.55,68.348
13.68,70,0,3,1,1,0,0,1,-2.33029e-34,1802.79,1808.59,228.936,230.594,4002.92,68.4824
13.7,70,0,3,1,1,0,0,1,-1.92586e-34,1800.48,1806.27,228.642,229.579,4015.87,68.9049
13.72,70,0,3,1,1,0,0,1,-1.59162e-34,1798.17,1803.96,228.349,230.599,4025.49,68.9218
13.74,70,0,3,1,1,0,0,1,-1.31539e-34,1795.86,1801.64,228.056,230.263,4015.79,69.173
13.76,70,0,3,1,1,0,0,1,-1.0871e-34,1793.56,1799.33,227.764,229.444,4032.55,69.1007
13.78,70,0,3,1,1,0,0,1,-8.98427e-35,1791.27,1797.03,227.472,229.636,4040.3,69.2864
13.8,70,0,3,1,1,0,0,1,-7.42502e-35,1788.97,1794.73,227.181,226.102,4053.59,69.4634
13.82,70,0,3,1,1,0,0,1,-6.13638e-35,1786.68,1792.43,226.89,229.073,4054.39,69.7179
13.84,70,0,3,1,1,0,0,1,-5.07139e-35,1784.4,1790.13,226.599,229.462,4060.03,69.7371
13.86,70,0,3,1,1,0,0,1,-4.19123e-35,1782.12,1787.84,226.309,227.616,4075.64,69.5928
13.88,70,0,3,1,1,0,0,1,-3.46383e-35,1779.84,1785.55,226.019,224.069,4079.54,70.1049
13.9,70,0,3,1,1,0,0,1,-2.86267e-35,1777.56,1783.27,225.73,226.859,4079.96,70.1255
13.92,70,0,3,1,1,0,0,1,-2.36584e-35,1775.29,1780.99,225.442,224.39,4108.95,70.2662
13.94,70,0,3,1,1,0,0,1,-1.95524e-35,1773.02,1778.71,225.153,225.278,4096.14,70.4622
13.96,70,0,3,1,1,0,0,1,-1.6159e-35,1770.76,1776.44,224.866,226.867,4110.79,70.5552
13.98,70,0,3,1,1,0,0,1,-1.33546e-35,1768.5,1774.17,224.578,225.312,4119.71,70.4895
14,70,0,3,1,1,0,0,1,-1.10368e-35,1766.24,1771.9,224.291,227.666,4116.4,70.9383
14.02,70,0,3,1,1,0,0,1,-9.12134e-36,1763.98,1769.64,224.005,224.152,4126.44,71.184
14.04,70,0,3,1,1,0,0,1,-7.5383e-36,1761.73,1767.38,223.719,222.849,4142.01,71.0577
14.06,70,0,3,1,1,0,0,1,-6.23e-36,1759.49,1765.12,223.433,221.445,4142.84,71.3038
14.08,70,0,3,1,1,0,0,1,-5.14876e-36,1757.24,1762.87,223.148,224.862,4160.53,71.5221
14.1,70,0,3,1,1,0,0,1,-4.25517e-36,1755,1760.62,222.864,224.592,4153.18,71.5212
14.12,70,0,3,1,1,0,0,1,-3.51667e-36,1752.77,1758.38,222.58,220.815,4169.4,71.6526
14.14,70,0,3,1,1,0,0,1,-2.90634e-36,1750.53,1756.14,222.296,222.149,4178.78,71.7446
14.16,70,0,3,1,1,0,0,1,-2.40193e-36,1748.31,1753.9,222.012,221.75,4181.61,71.9744
14.18,70,0,3,1,1,0,0,1,-1.98507e-36,1746.08,1751.66,221.73,220.313,4192.4,72.1365
14.2,70,0,3,1,1,0,0,1,-1.64055e-36,1743.86,1749.43,221.447,220.173,4207.32,71.7125
14.22,70,0,3,1,1,0,0,1,-1.35583e-36,1741.64,1747.21,221.165,220.221,4206.32,72.2834
14.24,70,0,3,1,1,0,0,1,-1.12052e-36,1739.42,1744.98,220.884,215.989,4203.87,72.0234
14.26,70,0,3,1,1,0,0,1,-9.26049e-37,1737.21,1742.76,220.603,219.114,4221.86,72.3084
14.28,70,0,3,1,1,0,0,1,-7.6533e-37,1735,1740.54,220.322,219.677,4228.13,72.771
14.3,70,0,3,1,1,0,0,1,-6.32504e-37,1732.8,1738.33,220.042,220.639,4233.75,72.8544
14.32,70,0,3,1,1,0,0,1,-5.22731e-37,1730.6,1736.12,219.762,219.203,4236.85,72.8846
14.34,70,0,3,1,1,0,0,1,-4.32009e-37,1728.4,1733.91,219.483,217.491,4244.91,72.7673
14.36,70,0,3,1,1,0,0,1,-3.57032e-37,1726.2,1731.71,219.204,220.167,4254.23,72.8333
14.38,70,0,3,1,1,0,0,1,-2.95068e-37,1724.01,1729.51,218.925,220.695,4252.69,73.1068
14.4,70,0,3,1,1,0,0,1,-2.43858e-37,1721.82,1727.31,218.647,216.821,4271.74,73.4648
14.42,70,0,3,1,1,0,0,1,-2.01535e-37,1719.64,1725.12,218.37,220.145,4276.17,73.32
14.44,70,0,3,1,1,0,0,1,-1.66558e-37,1717.46,1722.93,218.093,220.105,4285.7,73.6999
14.46,70,0,3,1,1,0,0,1,-1.37651e-37,1715.28,1720.75,217.816,218.449,4297.47,73.8994
14.48,70,0,3,1,1,0,0,1,-1.13761e-37,1713.11,1718.56,217.54,216.209,4296.19,73.8242
14.5,70,0,3,1,1,0,0,1,-9.40177e-38,1710.94,1716.38,217.264,220.808,4301.83,74.0553
14.52,70,0,3,1,1,0,0,1,-7.77006e-38,1708.77,1714.21,216.988,217.867,4306.58,73.985
14.54,70,0,3,1,1,0,0,1,-6.42154e-38,1706.61,1712.04,216.713,216.058,4323.94,74.6879
14.56,70,0,3,1,1,0,0,1,-5.30705e-38,1704.45,1709.87,216.439,216.467,4321.71,74.1834
14.58,70,0,3,1,1,0,0,1,-4.386e-38,1702.29,1707.7,216.165,214.882,4330.54,74.645
14.6,70,0,3,1,1,0,0,1,-3.62479e-38,1700.14,1705.54,215.891,216.281,4336.35,74.5637
14.62,70,0,3,1,1,0,0,1,-2.99569e-38,1697.99,1703.38,215.618,215.339,4344.67,74.6493
14.64,70,0,3,1,1,0,0,1,-2.47578e-38,1695.84,1701.23,215.345,217.287,4365.26,74.8457
14.66,70,0,3,1,1,0,0,1,-2.0461e-38,1693.7,1699.07,215.073,215.715,4361.65,75.1553
14.68,70,0,3,1,1,0,0,1,-1.69099e-38,1691.56,1696.93,214.801,214.127,4369.67,74.9804
14.7,70,0,3,1,1,0,0,1,-1.39751e-38,1689.42,1694.78,214.529,214.686,4383.01,75.3013
14.72,70,0,3,1,1,0,0,1,-1.15497e-38,1687.29,1692.64,214.258,213.38,4383.52,75.4008
14.74,70,0,3,1,1,0,0,1,-9.5452e-39,1685.16,1690.5,213.988,212.371,4396.31,75.373
14.76,70,0,3,1,1,0,0,1,-7.8886e-39,1683.03,1688.37,213.717,211.19,4398.95,75.6083
14.78,70,0,3,1,1,0,0,1,-6.5195e-39,1680.91,1686.23,213.447,213.53,4399.68,75.9172
14.8,70,0,3,1,1,0,0,1,-5.38802e-39,1678.79,1684.11,213.178,213.948,4410.6,75.8025
14.82,70,0,3,1,1,0,0,1,-4.45291e-39,1676.67,1681.98,212.909,212.542,4415.37,75.9803
14.84,70,0,3,1,1,0,0,1,-3.68009e-39,1674.56,1679.86,212.641,212.564,4437.32,76.001
14.86,70,0,3,1,1,0,0,1,-3.0414e-39,1672.45,1677.74,212.372,212.946,4436.41,76.0431
14.88,70,0,3,1,1,0,0,1,-2.51355e-39,1670.34,1675.63,212.105,213.499,4436.7,76.2511
14.9,70,0,3,1,1,0,0,1,-2.07731e-39,1668.24,1673.52,211.838,212.899,4445.9,76.4228
14.92,70,0,3,1,1,0,0,1,-1.71679e-39,1666.14,1671.41,211.571,213.687,4451.92,76.6689
14.94,70,0,3,1,1,0,0,1,-1.41883e-39,1664.04,1669.3,211.304,215.214,4463.18,76.6759
14.96,70,0,3,1,1,0,0,1,-1.17259e-39,1661.95,1667.2,211.038,212.354,4468.22,77.0493
14.98,70,0,3,1,1,0,0,1,-9.69083e-40,1659.86,1665.1,210.773,210.395,4470.74,76.7568
15,70,0,3,1,1,0,0,1,-8.00895e-40,1657.77,1663.01,210.508,212.5,4490.06,76.9891
15.02,70,0,3,1,1,0,0,1,-6.61896e-40,1655.69,1660.92,210.243,209.406,4491.84,77.3161
15.04,70,0,3,1,1,0,0,1,-5.47022e-40,1653.61,1658.83,209.978,207.67,4493.28,77.2554
15.06,70,0,3,1,1,0,0,1,-4.52084e-40,1651.54,1656.75,209.715,208.772,4501.36,77.4587
15.08,70,0,3,1,1,0,0,1,-3.73623e-40,1649.46,1654.66,209.451,209.812,4509.64,77.4503
15.1,70,0,3,1,1,0,0,1,-3.0878e-40,1647.39,1652.59,209.188,209.382,4507.21,77.7462
15.12,70,0,3,1,1,0,0,1,-2.5519e-40,1645.33,1650.51,208.925,209.484,4518.76,77.6312
15.14,70,0,3,1,1,0,0,1,-2.10901e-40,1643.26,1648.44,208.663,209.506,4541.84,77.6877
15.16,70,0,3,1,1,0,0,1,-1.74298e-40,1641.2,1646.37,208.401,209.355,4537.7,77.7211
15.18,70,0,3,1,1,0,0,1,-1.44048e-40,1639.14,1644.31,208.14,207.3,4540.44,77.671
15.2,70,0,3,1,1,0,0,1,-1.19048e-40,1637.09,1642.24,207.879,206.074,4544.59,78.0361
15.22,70,0,3,1,1,0,0,1,-9.83867e-41,1635.04,1640.19,207.618,206.633,4559.04,78.2913
15.24,70,0,3,1,1,0,0,1,-8.13113e-41,1632.99,1638.13,207.358,207.011,4561.69,78.4618
15.26,70,0,3,1,1,0,0,1,-6.71994e-41,1630.95,1636.08,207.098,207.112,4566.43,78.3698
15.28,70,0,3,1,1,0,0,1,-5.55367e-41,1628.91,1634.03,206.839,207.54,4579.51,78.4955
15.3,70,0,3,1,1,0,0,1,-4.58981e-41,1626.87,1631.98,206.58,206.636,4588.21,78.7888
15.32,70,0,3,1,1,0,0,1,-3.79323e-41,1624.84,1629.94,206.322,207.984,4587.71,78.9185
15.34,70,0,3,1,1,0,0,1,-3.1349e-41,1622.81,1627.9,206.064,206.415,4596.29,78.8579
15.36,70,0,3,1,1,0,0,1,-2.59083e-41,1620.78,1625.87,205.806,205.133,4599.76,79.0319
15.38,70,0,3,1,1,0,0,1,-2.14118e-41,1618.75,1623.83,205.549,205.118,4611.42,79.0426
15.4,70,0,3,1,1,0,0,1,-1.76957e-41,1616.73,1621.8,205.292,204.665,4620.32,79.2692
15.42,70,0,3,1,1,0,0,1,-1.46246e-41,1614.71,1619.78,205.035,204.687,4620.66,79.3962
15.44,70,0,3,1,1,0,0,1,-1.20864e-41,1612.7,1617.76,204.779,205.694,4628.91,79.6851
15.46,70,0,3,1,1,0,0,1,-9.98877e-42,1610.69,1615.74,204.523,206.731,4642.75,79.4891
15.48,70,0,3,1,1,0,0,1,-8.25518e-42,1608.68,1613.72,204.268,204.145,4638.64,80.0172
15.5,70,0,3,1,1,0,0,1,-6.82246e-42,1606.67,1611.71,204.013,205.143,4656,79.734
15.52,70,0,3,1,1,0,0,1,-5.6384e-42,1604.7,1609.7,203.76,206.629,4654.48,79.9963
15.54,70,0,3,1,1,0,0,1,-4.65983e-42,1602.88,1607.74,203.512,205.11,4664.54,80.124
15.56,70,0,3,1,1,0,0,1,-3.8511e-42,1601.06,1605.83,203.269,205.961,4664.74,80.1345
15.58,70,0,3,1,1,0,0,1,-3.18273e-42,1599.24,1603.94,203.03,205.441,4675.34,80.4081
15.6,70,0,3,1,1,0,0,1,-2.63035e-42,1597.43,1602.08,202.794,204.276,4681.29,80.4495
15.62,70,0,3,1,1,0,0,1,-2.17385e-42,1595.61,1600.23,202.56,201.635,4691.28,80.6578
15.64,70,0,3,1,1,0,0,1,-1.79657e-42,1593.81,1598.39,202.328,204.369,4703.27,80.5723
15.66,70,0,3,1,1,0,0,1,-1.48477e-42,1592,1596.56,202.097,201.753,4706.46,80.5756
15.68,70,0,3,1,1,0,0,1,-1.22708e-42,1590.2,1594.74,201.866,205.527,4725.14,80.7707
15.7,70,0,3,1,1,0,0,1,-1.01412e-42,1588.39,1592.93,201.636,199.528,4714.26,81.0905
15.72,70,0,3,1,1,0,0,1,-8.38112e-43,1586.6,1591.12,201.407,202.595,4725.63,81.1149
15.74,70,0,3,1,1,0,0,1,-6.92655e-43,1584.8,1589.31,201.179,201.019,4736.36,81.1593
15.76,70,0,3,1,1,0,0,1,-5.72442e-43,1583.01,1587.51,200.951,201.246,4737.87,81.3406
15.78,70,0,3,1,1,0,0,1,-4.73092e-43,1581.22,1585.71,200.723,200.705,4738.22,81.3209
15.8,70,0,3,1,1,0,0,1,-3.90985e-43,1579.43,1583.92,200.496,198.846,4755.45,81.3814
15.82,70,0,3,1,1,0,0,1,-3.23128e-43,1577.64,1582.12,200.269,200.175,4761.1,81.6754
15.84,70,0,3,1,1,0,0,1,-2.67048e-43,1575.86,1580.33,200.042,200.674,4764.97,81.9537
15.86,70,0,3,1,1,0,0,1,-2.20701e-43,1574.08,1578.55,199.816,198.958,4769.39,81.8916
15.88,70,0,3,1,1,0,0,1,-1.82398e-43,1572.3,1576.76,199.59,200.147,4770.36,82.2157
15.9,70,0,3,1,1,0,0,1,-1.50742e-43,1570.53,1574.98,199.365,198.618,4774.57,82.0319
15.92,70,0,3,1,1,0,0,1,-1.2458e-43,1568.76,1573.2,199.14,202.657,4786.15,82.3294
15.94,70,0,3,1,1,0,0,1,-1.02959e-43,1566.99,1571.43,198.915,198.648,4791.05,82.2563
15.96,70,0,3,1,1,0,0,1,-8.50898e-44,1565.22,1569.65,198.69,196.172,4804.12,82.5574
15.98,70,0,3,1,1,0,0,1,-7.03222e-44,1563.46,1567.88,198.466,198.346,4817.39,82.7513
16,70,0,3,1,1,0,0,1,-5.81175e-44,1561.7,1566.11,198.242,200.632,4814.74,82.5305
16.02,70,0,3,1,1,0,0,1,-4.8031e-44,1559.94,1564.35,198.019,198.338,4817,82.8825
16.04,70,0,3,1,1,0,0,1,-3.9695e-44,1558.18,1562.59,197.796,196.292,4828.25,82.795
16.06,70,0,3,1,1,0,0,1,-3.28058e-44,1556.43,1560.83,197.573,197.606,4833.61,83.1612
16.08,70,0,3,1,1,0,0,1,-2.71122e-44,1554.68,1559.07,197.35,197.884,4848.86,83.1437
16.1,70,0,3,1,1,0,0,1,-2.24068e-44,1552.93,1557.31,197.128,200.385,4843.66,83.3328
16.12,70,0,3,1,1,0,0,1,-1.8518e-44,1551.18,1555.56,196.906,196.532,4858.02,83.2053
16.14,70,0,3,1,1,0,0,1,-1.53042e-44,1549.44,1553.81,196.685,198.01,4860.75,83.5779
16.16,70,0,3,1,1,0,0,1,-1.26481e-44,1547.7,1552.06,196.464,193.578,4861.98,83.7412
16.18,70,0,3,1,1,0,0,1,-1.04529e-44,1545.96,1550.32,196.243,196.614,4875.23,83.5835
16.2,70,0,3,1,1,0,0,1,-8.6388e-45,1544.22,1548.58,196.022,196.246,4882.74,83.8322
16.22,70,0,3,1,1,0,0,1,-7.1395e-45,1542.49,1546.84,195.802,196.762,4887.44,83.7283
16.24,70,0,3,1,1,0,0,1,-5.90041e-45,1540.76,1545.1,195.582,192.116,4888.38,84.0374
16.26,70,0,3,1,1,0,0,1,-4.87638e-45,1539.03,1543.36,195.363,198.498,4907.85,83.9183
16.28,70,0,3,1,1,0,0,1,-4.03006e-45,1537.3,1541.63,195.143,196.248,4903.29,84.3215
16.3,70,0,3,1,1,0,0,1,-3.33063e-45,1535.58,1539.9,194.924,197.108,4906.87,84.4294
16.32,70,0,3,1,1,0,0,1,-2.75259e-45,1533.86,1538.18,194.706,195.807,4918.62,84.4114
16.34,70,0,3,1,1,0,0,1,-2.27486e-45,1532.14,1536.45,194.487,193.753,4920.88,84.5564
16.36,70,0,3,1,1,0,0,1,-1.88005e-45,1530.43,1534.73,194.269,193.631,4927.16,84.7203
16.38,70,0,3,1,1,0,0,1,-1.55376e-45,1528.71,1533.01,194.052,192.874,4926.43,84.9858
16.4,70,0,3,1,1,0,0,1,-1.2841e-45,1527,1531.29,193.834,191.751,4942.38,84.9349
16.42,70,0,3,1,1,0,0,1,-1.06124e-45,1525.29,1529.58,193.617,194.894,4954.85,85.0212
16.44,70,0,3,1,1,0,0,1,-8.77059e-46,1523.59,1527.87,193.401,195.14,4956.87,85.2247
16.46,70,0,3,1,1,0,0,1,-7.24842e-46,1521.89,1526.16,193.184,195.019,4966.45,85.2331
16.48,70,0,3,1,1,0,0,1,-5.99043e-46,1520.19,1524.45,192.968,195.508,4966.66,84.9753
16.5,70,0,3,1,1,0,0,1,-4.95077e-46,1518.49,1522.75,192.753,189.759,4970.14,85.3921
16.52,70,0,3,1,1,0,0,1,-4.09154e-46,1516.79,1521.04,192.537,191.232,4972.77,85.6388
16.54,70,0,3,1,1,0,0,1,-3.38144e-46,1515.1,1519.35,192.322,192.791,4976.73,86.2056
16.56,70,0,3,1,1,0,0,1,-2.79458e-46,1513.41,1517.65,192.107,192.506,4998.36,85.6179
16.58,70,0,3,1,1,0,0,1,-2.30957e-46,1511.72,1515.95,191.893,192.825,5001.07,85.5726
16.6,70,0,3,1,1,0,0,1,-1.90874e-46,1510.03,1514.26,191.679,190.193,4999.47,85.7654
16.62,70,0,3,1,1,0,0,1,-1.57747e-46,1508.35,1512.57,191.465,193.82,5005.3,85.9793
16.64,70,0,3,1,1,0,0,1,-1.30369e-46,1506.67,1510.89,191.251,190.657,5006.42,85.9017
16.66,70,0,3,1,1,0,0,1,-1.07743e-46,1504.99,1509.2,191.038,191.965,5020.34,86.4488
16.68,70,0,3,1,1,0,0,1,-8.90439e-47,1503.32,1507.52,190.825,193.798,5029.44,86.1623
16.7,70,0,3,1,1,0,0,1,-7.359e-47,1501.64,1505.84,190.613,190.72,5031.09,86.4353
16.72,70,0,3,1,1,0,0,1,-6.08182e-47,1499.97,1504.16,190.401,191.817,5047.24,86.9469
16.74,70,0,3,1,1,0,0,1,-5.0263e-47,1498.31,1502.49,190.189,190.868,5043.3,86.4935
16.76,70,0,3,1,1,0,0,1,-4.15397e-47,1496.64,1500.82,189.977,192.39,5047.51,87.0623
16.78,70,0,3,1,1,0,0,1,-3.43303e-47,1494.98,1499.15,189.766,192.952,5054.54,86.7543
16.8,70,0,3,1,1,0,0,1,-2.83721e-47,1493.32,1497.48,189.555,190.737,5057.66,86.974
16.82,70,0,3,1,1,0,0,1,-2.34481e-47,1491.66,1495.82,189.344,191.309,5064.58,87.2667
16.84,70,0,3,1,1,0,0,1,-1.93786e-47,1490,1494.16,189.134,189.252,5070.55,87.146
16.86,70,0,3,1,1,0,0,1,-1.60153e-47,1488.35,1492.5,188.924,189.889,5071.02,87.3403
16.88,70,0,3,1,1,0,0,1,-1.32358e-47,1486.7,1490.84,188.714,191.676,5090.36,87.2858
16.9,70,0,3,1,1,0,0,1,-1.09387e-47,1485.05,1489.18,188.504,190.465,5093.71,87.2311
16.92,70,0,3,1,1,0,0,1,-9.04024e-48,1483.4,1487.53,188.295,190.335,5099.52,87.6169
16.94,70,0,3,1,1,0,0,1,-7.47127e-48,1481.76,1485.88,188.086,187.431,5102.3,87.9276
16.96,70,0,3,1,1,0,0,1,-6.1746e-48,1480.12,1484.24,187.878,188.549,5103.27,87.5942
16.98,70,0,3,1,1,0,0,1,-5.10298e-48,1478.48,1482.59,187.67,190.24,5112.42,87.9403
17,70,0,3,1,1,0,0,1,-4.21734e-48,1476.84,1480.95,187.462,186.99,5109.6,87.9592
17.02,70,0,3,1,1,0,0,1,-3.4854e-48,1475.21,1479.31,187.254,187.102,5129.94,87.9372
17.04,70,0,3,1,1,0,0,1,-2.8805e-48,1473.58,1477.67,187.047,186.003,5135.1,87.9368
17.06,70,0,3,1,1,0,0,1,-2.38058e-48,1471.95,1476.04,186.84,187.028,5138.98,88.58
17.08,70,0,3,1,1,0,0,1,-1.96742e-48,1470.32,1474.4,186.633,186.298,5147.31,88.0767
17.1,70,0,3,1,1,0,0,1,-1.62597e-48,1468.7,1472.77,186.427,185.091,5151.38,88.5319
17.12,70,0,3,1,1,0,0,1,-1.34377e-48,1467.08,1471.14,186.221,190.559,5160.5,88.451
17.14,70,0,3,1,1,0,0,1,-1.11056e-48,1465.46,1469.52,186.015,186.296,5165.71,88.7836
17.16,70,0,3,1,1,0,0,1,-9.17816e-49,1463.84,1467.9,185.81,186.869,5161.09,88.5833
17.18,70,0,3,1,1,0,0,1,-7.58525e-49,1462.22,1466.28,185.604,187.454,5175.82,89.0608
17.2,70,0,3,1,1,0,0,1,-6.2688e-49,1460.61,1464.66,185.4,186.866,5178.37,89.1581
17.22,70,0,3,1,1,0,0,1,-5.18083e-49,1459,1463.04,185.195,186.089,5181.72,89.0874
17.24,70,0,3,1,1,0,0,1,-4.28168e-49,1457.4,1461.43,184.991,186.648,5195.35,89.2846
17.26,70,0,3,1,1,0,0,1,-3.53858e-49,1455.79,1459.82,184.787,186.989,5203.21,89.4001
17.28,70,0,3,1,1,0,0,1,-2.92444e-49,1454.19,1458.21,184.583,185.463,5201.45,89.3514
17.3,70,0,3,1,1,0,0,1,-2.4169e-49,1452.59,1456.6,184.38,184.533,5207.61,89.4313
17.32,70,0,3,1,1,0,0,1,-1.99743e-49,1450.99,1455,184.177,184.028,5211.57,89.7429
17.34,70,0,3,1,1,0,0,1,-1.65077e-49,1449.39,1453.4,183.974,184.569,5216.26,89.9228
17.36,70,0,3,1,1,0,0,1,-1.36427e-49,1447.8,1451.8,183.772,184.133,5227.93,89.867
17.38,70,0,3,1,1,0,0,1,-1.1275e-49,1446.21,1450.2,183.57,185.805,5237.29,90.0225
17.4,70,0,3,1,1,0,0,1,-9.31818e-50,1444.62,1448.61,183.368,183.423,5238.67,89.9837
17.42,70,0,3,1,1,0,0,1,-7.70097e-50,1443.03,1447.01,183.166,182.797,5237.29,89.9395
17.44,70,0,3,1,1,0,0,1,-6.36444e-50,1441.45,1445.42,182.965,184.37,5242.42,89.9517
17.46,70,0,3,1,1,0,0,1,-5.25987e-50,1439.87,1443.84,182.764,181.266,5256.75,90.3145
17.48,70,0,3,1,1,0,0,1,-4.347e-50,1438.29,1442.25,182.563,180.967,5257.81,90.4558
17.5,70,0,3,1,1,0,0,1,-3.59256e-50,1436.71,1440.67,182.363,180.938,5255.39,90.5382
17.52,70,0,3,1,1,0,0,1,-2.96906e-50,1435.14,1439.09,182.163,180.791,5272.87,90.4965
17.54,70,0,3,1,1,0,0,1,-2.45377e-50,1433.57,1437.51,181.963,183.862,5279.5,90.6178
17.56,70,0,3,1,1,0,0,1,-2.02791e-50,1432,1435.94,181.764,185.74,5282.69,90.5569
17.58,70,0,3,1,1,0,0,1,-1.67596e-50,1430.43,1434.36,181.565,184.341,5294.77,90.9761
17.6,70,0,3,1,1,0,0,1,-1.38509e-50,1428.87,1432.79,181.366,181.738,5293.11,91.0004
17.62,70,0,3,1,1,0,0,1,-1.1447e-50,1427.3,1431.22,181.167,183.901,5302.46,91.0575
17.64,70,0,3,1,1,0,0,1,-9.46034e-51,1425.74,1429.66,180.969,179.396,5303.78,91.2735
17.66,70,0,3,1,1,0,0,1,-7.81846e-51,1424.18,1428.09,180.771,181.188,5311.88,91.4022
17.68,70,0,3,1,1,0,0,1,-6.46154e-51,1422.63,1426.53,180.574,179.459,5309.67,91.6478
17.7,70,0,3,1,1,0,0,1,-5.34011e-51,1421.07,1424.97,180.376,182.066,5320.17,91.4748
17.72,70,0,3,1,1,0,0,1,-4.41332e-51,1419.52,1423.41,180.179,180.943,5324.07,91.724
17.74,70,0,3,1,1,0,0,1,-3.64737e-51,1417.97,1421.86,179.982,181.163,5337.91,91.6226
17.76,70,0,3,1,1,0,0,1,-3.01435e-51,1416.43,1420.31,179.786,177.632,5334.08,91.7432
17.78,70,0,3,1,1,0,0,1,-2.4912e-51,1414.88,1418.76,179.59,177.51,5343.97,92.044
17.8,70,0,3,1,1,0,0,1,-2.05884e-51,1413.34,1417.21,179.394,182.568,5354.98,91.7859
17.82,70,0,3,1,1,0,0,1,-1.70152e-51,1411.8,1415.66,179.198,179.512,5363.3,92.0888
17.84,70,0,3,1,1,0,0,1,-1.40622e-51,1410.27,1414.12,179.003,180.696,5361.98,92.2035
17.86,70,0,3,1,1,0,0,1,-1.16216e-51,1408.73,1412.58,178.808,177.117,5365.74,92.1212
17.88,70,0,3,1,1,0,0,1,-9.60466e-52,1407.2,1411.04,178.613,181.316,5370.86,92.6055
17.9,70,0,3,1,1,0,0,1,-7.93774e-52,1405.67,1409.51,178.418,178.737,5375.42,92.2549
17.92,70,0,3,1,1,0,0,1,-6.56011e-52,1404.14,1407.97,178.224,180.19,5390.14,92.5587
17.94,70,0,3,1,1,0,0,1,-5.42158e-52,1402.61,1406.44,178.03,176.989,5401.21,92.4658
17.96,70,0,3,1,1,0,0,1,-4.48065e-52,1401.09,1404.91,177.837,179.921,5387.05,92.7232
17.98,70,0,3,1,1,0,0,1,-3.70301e-52,1399.57,1403.38,177.644,177.945,5398.69,92.6671
18,70,0,3,1,1,0,0,1,-3.06034e-52,1398.05,1401.86,177.451,178.348,5417.18,93.1947
18.02,70,0,3,1,1,0,0,1,-2.52921e-52,1396.53,1400.34,177.258,175.064,5415.86,93.0239
18.04,70,0,3,1,1,0,0,1,-2.09025e-52,1395.02,1398.82,177.065,178.107,5421.69,93.1327
18.06,70,0,3,1,1,0,0,1,-1.72748e-52,1393.51,1397.3,176.873,177.335,5419.79,92.9704
18.08,70,0,3,1,1,0,0,1,-1.42767e-52,1392,1395.78,176.681,176.627,5419.3,93.2457
18.1,70,0,3,1,1,0,0,1,-1.17989e-52,1390.49,1394.27,176.49,177.575,5437.61,93.4782
18.12,70,0,3,1,1,0,0,1,-9.75119e-53,1388.98,1392.76,176.299,178.9,5439.45,93.7406
18.14,70,0,3,1,1,0,0,1,-8.05884e-53,1387.48,1391.25,176.108,177.067,5442.88,93.497
18.16,70,0,3,1,1,0,0,1,-6.66019e-53,1385.98,1389.74,175.917,176.5,5461.79,93.486
18.18,70,0,3,1,1,0,0,1,-5.50429e-53,1384.48,1388.24,175.726,177.938,5458.64,93.53
18.2,70,0,3,1,1,0,0,1,-4.549e-53,1382.98,1386.74,175.536,176.922,5461.36,93.6145
18.22,70,0,3,1,1,0,0,1,-3.75951e-53,1381.49,1385.24,175.346,174.131,5472.69,93.7122
18.24,70,0,3,1,1,0,0,1,-3.10703e-53,1380,1383.74,175.157,179.074,5474.01,94.2193
18.26,70,0,3,1,1,0,0,1,-2.56779e-53,1378.51,1382.24,174.967,175.262,5475.74,94.2402
18.28,70,0,3,1,1,0,0,1,-2.12214e-53,1377.02,1380.75,174.778,177.767,5483.17,94.3287
18.3,70,0,3,1,1,0,0,1,-1.75384e-53,1375.53,1379.26,174.59,177.076,5486.51,94.4108
18.32,70,0,3,1,1,0,0,1,-1.44945e-53,1374.05,1377.77,174.401,175.857,5488.41,94.3731
18.34,70,0,3,1,1,0,0,1,-1.19789e-53,1372.57,1376.28,174.213,173.577,5501.11,94.623
18.36,70,0,3,1,1,0,0,1,-9.89996e-54,1371.09,1374.8,174.025,178.832,5504.9,94.5301
18.38,70,0,3,1,1,0,0,1,-8.18178e-54,1369.61,1373.32,173.838,172.135,5508.93,94.6085
18.4,70,0,3,1,1,0,0,1,-6.7618e-54,1368.14,1371.84,173.65,174.061,5521.27,94.9343
18.42,70,0,3,1,1,0,0,1,-5.58827e-54,1366.67,1370.36,173.463,173.327,5520.39,94.7344
18.44,70,0,3,1,1,0,0,1,-4.6184e-54,1365.2,1368.88,173.276,174.944,5535.05,94.9914
18.46,70,0,3,1,1,0,0,1,-3.81686e-54,1363.73,1367.41,173.09,173.045,5531.8,95.264
18.48,70,0,3,1,1,0,0,1,-3.15443e-54,1362.26,1365.94,172.904,172.511,5538.55,94.9889
18.5,70,0,3,1,1,0,0,1,-2.60697e-54,1360.8,1364.47,172.718,174.306,5540.12,95.1427
18.52,70,0,3,1,1,0,0,1,-2.15452e-54,1359.34,1363,172.532,174.601,5535.18,95.3288
18.54,70,0,3,1,1,0,0,1,-1.78059e-54,1357.88,1361.54,172.347,169.541,5551.98,95.3264
18.56,70,0,3,1,1,0,0,1,-1.47157e-54,1356.42,1360.08,172.162,173.3,5561.88,95.6439
18.58,70,0,3,1,1,0,0,1,-1.21617e-54,1354.97,1358.62,171.977,173.462,5559.28,95.6763
18.6,70,0,3,1,1,0,0,1,-1.0051e-54,1353.52,1357.16,171.792,172.251,5574.3,95.4623
18.62,70,0,3,1,1,0,0,1,-8.3066e-55,1352.07,1355.7,171.608,169.455,5579.48,95.5584
18.64,70,0,3,1,1,0,0,1,-6.86496e-55,1350.62,1354.25,171.424,170.669,5580.01,95.8414
18.66,70,0,3,1,1,0,0,1,-5.67352e-55,1349.17,1352.8,171.24,171.717,5580.07,95.9427
18.68,70,0,3,1,1,0,0,1,-4.68886e-55,1347.73,1351.35,171.057,168.416,5582.32,95.9648
18.7,70,0,3,1,1,0,0,1,-3.87509e-55,1346.29,1349.9,170.874,169.605,5598.29,96.147
18.72,70,0,3,1,1,0,0,1,-3.20255e-55,1344.85,1348.46,170.691,172.848,5602.78,96.255
18.74,70,0,3,1,1,0,0,1,-2.64674e-55,1343.41,1347.01,170.508,171.402,5605.08,96.2277
18.76,70,0,3,1,1,0,0,1,-2.18739e-55,1341.97,1345.57,170.326,167.96,5616.63,96.1952
18.78,70,0,3,1,1,0,0,1,-1.80776e-55,1340.54,1344.14,170.144,172.294,5624.45,96.4786
18.8,70,0,3,1,1,0,0,1,-1.49402e-55,1339.11,1342.7,169.962,169.931,5627.77,96.5914
18.82,70,0,3,1,1,0,0,1,-1.23472e-55,1337.68,1341.27,169.78,168.221,5615.08,96.7289
18.84,70,0,3,1,1,0,0,1,-1.02043e-55,1336.26,1339.83,169.599,171.97,5634.93,97.1089
18.86,70,0,3,1,1,0,0,1,-8.43333e-56,1334.83,1338.4,169.418,167.93,5635.33,97.1724
18.88,70,0,3,1,1,0,0,1,-6.96969e-56,1333.41,1336.98,169.238,169.404,5633.71,97.0713
18.9,70,0,3,1,1,0,0,1,-5.76008e-56,1331.99,1335.55,169.057,168.636,5642.79,96.9415
18.92,70,0,3,1,1,0,0,1,-4.76039e-56,1330.57,1334.13,168.877,170.224,5651.92,96.8663
18.94,70,0,3,1,1,0,0,1,-3.93421e-56,1329.15,1332.71,168.697,167.289,5656.17,97.3916
18.96,70,0,3,1,1,0,0,1,-3.25141e-56,1327.74,1331.29,168.517,170.834,5669.45,97.4809
18.98,70,0,3,1,1,0,0,1,-2.68712e-56,1326.33,1329.87,168.338,169.158,5661.83,97.3218
19,70,0,3,1,1,0,0,1,-2.22076e-56,1324.92,1328.46,168.159,166.72,5677.8,97.461
19.02,70,0,3,1,1,0,0,1,-1.83534e-56,1323.51,1327.04,167.98,168.534,5666.75,97.3759
19.04,70,0,3,1,1,0,0,1,-1.51681e-56,1322.11,1325.63,167.802,168.665,5679.06,97.6274
19.06,70,0,3,1,1,0,0,1,-1.25356e-56,1320.7,1324.22,167.623,167.032,5691.49,97.8093
19.08,70,0,3,1,1,0,0,1,-1.036e-56,1319.3,1322.82,167.445,169.173,5686.62,97.7968
19.1,70,0,3,1,1,0,0,1,-8.56199e-57,1317.9,1321.41,167.267,169.329,5701.42,97.6468
19.12,70,0,3,1,1,0,0,1,-7.07602e-57,1316.51,1320.01,167.09,167.888,5704.9,97.9392
19.14,70,0,3,1,1,0,0,1,-5.84795e-57,1315.11,1318.61,166.913,165.556,5709.3,98.1868
19.16,70,0,3,1,1,0,0,1,-4.83302e-57,1313.72,1317.21,166.736,167.429,5705.83,97.9531
19.18,70,0,3,1,1,0,0,1,-3.99423e-57,1312.33,1315.82,166.559,168.395,5714.65,98.3475
19.2,70,0,3,1,1,0,0,1,-3.30102e-57,1310.94,1314.42,166.383,164.207,5732.34,98.5126
19.22,70,0,3,1,1,0,0,1,-2.72811e-57,1309.55,1313.03,166.207,168.967,5723.7,98.3647
19.24,70,0,3,1,1,0,0,1,-2.25464e-57,1308.17,1311.64,166.031,168.24,5730.83,98.7968
19.26,70,0,3,1,1,0,0,1,-1.86334e-57,1306.79,1310.25,165.855,165.699,5738.09,98.5764
19.28,70,0,3,1,1,0,0,1,-1.53995e-57,1305.41,1308.87,165.68,168.006,5743.33,98.5502
19.3,70,0,3,1,1,0,0,1,-1.27268e-57,1304.03,1307.49,165.505,164.718,5745.86,98.4253
19.32,70,0,3,1,1,0,0,1,-1.05181e-57,1302.65,1306.11,165.33,165.322,5747,98.7279
19.34,70,0,3,1,1,0,0,1,-8.69261e-58,1301.28,1304.73,165.155,166.158,5759.18,99.0679
19.36,70,0,3,1,1,0,0,1,-7.18397e-58,1299.91,1303.35,164.981,163.932,5755.66,99.1331
19.38,70,0,3,1,1,0,0,1,-5.93717e-58,1298.54,1301.97,164.807,166.666,5768.46,99.0208
19.4,70,0,3,1,1,0,0,1,-4.90675e-58,1297.17,1300.6,164.633,163.104,5770.56,99.0799
19.42,70,0,3,1,1,0,0,1,-4.05517e-58,1295.8,1299.23,164.46,165.265,5778.35,99.1393
19.44,70,0,3,1,1,0,0,1,-3.35138e-58,1294.44,1297.86,164.286,165.318,5786.15,99.277
19.46,70,0,3,1,1,0,0,1,-2.76973e-58,1293.08,1296.49,164.113,165.92,5784.6,99.604
19.48,70,0,3,1,1,0,0,1,-2.28904e-58,1291.72,1295.13,163.941,162.288,5793.63,99.7266
19.5,70,0,3,1,1,0,0,1,-1.89176e-58,1290.36,1293.77,163.768,163.886,5797.79,99.723
19.52,70,0,3,1,1,0,0,1,-1.56344e-58,1289.01,1292.41,163.596,165.847,5810.46,99.6688
19.54,70,0,3,1,1,0,0,1,-1.2921e-58,1287.65,1291.05,163.424,164.064,5808.17,99.8669
19.56,70,0,3,1,1,0,0,1,-1.06785e-58,1286.3,1289.69,163.252,166.033,5816.27,99.7477
19.58,70,0,3,1,1,0,0,1,-8.82522e-59,1284.95,1288.34,163.081,160.896,5815.45,100.135
19.6,70,0,3,1,1,0,0,1,-7.29357e-59,1283.74,1287.01,162.912,164.221,5831.14,99.9111
19.62,70,0,3,1,1,0,0,1,-6.02775e-59,1282.84,1285.8,162.759,160.704,5827.39,100.11
19.64,70,0,3,1,1,0,0,1,-4.98161e-59,1281.94,1284.68,162.618,163.414,5825.51,99.9045
19.66,70,0,3,1,1,0,0,1,-4.11703e-59,1281.05,1283.63,162.485,162.492,5836.35,100.051
19.68,70,0,3,1,1,0,0,1,-3.40251e-59,1280.16,1282.63,162.359,162.469,5846.84,100.271
19.7,70,0,3,1,1,0,0,1,-2.81199e-59,1279.27,1281.67,162.236,163.272,5838.78,100.402
19.72,70,0,3,1,1,0,0,1,-2.32396e-59,1278.37,1280.72,162.117,163.781,5854.61,100.221
19.74,70,0,3,1,1,0,0,1,-1.92063e-59,1277.48,1279.79,161.999,159.808,5859.13,100.688
19.76,70,0,3,1,1,0,0,1,-1.58729e-59,1276.6,1278.88,161.883,162.386,5859.88,100.894
19.78,70,0,3,1,1,0,0,1,-1.31181e-59,1275.71,1277.97,161.769,162.498,5871.6,100.622
19.8,70,0,3,1,1,0,0,1,-1.08414e-59,1274.82,1277.07,161.654,161.527,5866.19,100.616
19.82,70,0,3,1,1,0,0,1,-8.95986e-60,1273.93,1276.17,161.541,160.681,5865.64,100.876
19.84,70,0,3,1,1,0,0,1,-7.40484e-60,1273.05,1275.28,161.428,160.209,5871.02,101.254
19.86,70,0,3,1,1,0,0,1,-6.1197e-60,1272.17,1274.39,161.315,161.554,5883.27,101.055
19.88,70,0,3,1,1,0,0,1,-5.05761e-60,1271.28,1273.5,161.203,162.608,5882.22,101.319
19.9,70,0,3,1,1,0,0,1,-4.17984e-60,1270.4,1272.62,161.091,160.923,5894.51,101.304
19.92,70,0,3,1,1,0,0,1,-3.45441e-60,1269.52,1271.73,160.979,160.254,5896.44,101.374
19.94,70,0,3,1,1,0,0,1,-2.85489e-60,1268.64,1270.85,160.867,161.514,5912.19,101.532
19.96,70,0,3,1,1,0,0,1,-2.35941e-60,1267.76,1269.96,160.755,161.799,5907.41,101.342
19.98,70,0,3,1,1,0,0,1,-1.94993e-60,1266.88,1269.08,160.644,159.43,5908.93,101.549
20,70,0,3,1,1,0,0,1,-1.61151e-60,1266,1268.2,160.532,161.03,5917.07,101.497
20.02,70,0,3,1,1,0,0,1,-1.33183e-60,1265.13,1267.32,160.421,160.624,5924.7,101.717
20.04,70,0,3,1,1,0,0,1,-1.10068e-60,1264.25,1266.45,160.31,160.257,5923.1,101.83
20.06,70,0,3,1,1,0,0,1,-9.09655e-61,1263.38,1265.57,160.199,160.115,5927.31,101.688
20.08,70,0,3,1,1,0,0,1,-7.51781e-61,1262.5,1264.69,160.088,160.347,5936.69,101.997
20.1,70,0,3,1,1,0,0,1,-6.21307e-61,1261.63,1263.82,159.977,159.819,5945.78,102.33
20.12,70,0,3,1,1,0,0,1,-5.13477e-61,1260.76,1262.94,159.866,160.872,5942.56,102.279
20.14,70,0,3,1,1,0,0,1,-4.24361e-61,1259.89,1262.07,159.756,161.608,5949.4,102.122
20.16,70,0,3,1,1,0,0,1,-3.50711e-61,1259.02,1261.2,159.646,159.987,5953.89,102.16
20.18,70,0,3,1,1,0,0,1,-2.89844e-61,1258.15,1260.33,159.535,154.98,5969.06,102.453
20.2,70,0,3,1,1,0,0,1,-2.39541e-61,1257.28,1259.46,159.425,158.166,5967.7,102.238
20.22,70,0,3,1,1,0,0,1,-1.97967e-61,1256.42,1258.59,159.315,160.236,5964.37,102.449
20.24,70,0,3,1,1,0,0,1,-1.63609e-61,1255.55,1257.72,159.205,158.332,5977.61,102.742
20.26,70,0,3,1,1,0,0,1,-1.35214e-61,1254.69,1256.85,159.095,160.532,5979.66,102.53
20.28,70,0,3,1,1,0,0,1,-1.11747e-61,1253.82,1255.99,158.986,157.336,5979.33,102.822
20.3,70,0,3,1,1,0,0,1,-9.23533e-62,1252.96,1255.12,158.876,158.778,5992.7,103.015
20.32,70,0,3,1,1,0,0,1,-7.6325e-62,1252.1,1254.26,158.767,159.975,5992.49,103.022
20.34,70,0,3,1,1,0,0,1,-6.30785e-62,1251.23,1253.39,158.657,158.047,5997.53,103.046
20.36,70,0,3,1,1,0,0,1,-5.2131e-62,1250.37,1252.53,158.548,158.5,6012.02,103.257
20.38,70,0,3,1,1,0,0,1,-4.30835e-62,1249.51,1251.67,158.439,157.056,5996.91,103.223
20.4,70,0,3,1,1,0,0,1,-3.56062e-62,1248.66,1250.81,158.33,159.066,6010.7,103.266
20.42,70,0,3,1,1,0,0,1,-2.94266e-62,1247.8,1249.95,158.221,155.954,6015.45,103.355
20.44,70,0,3,1,1,0,0,1,-2.43195e-62,1246.94,1249.09,158.112,158.864,6018.47,103.388
20.46,70,0,3,1,1,0,0,1,-2.00988e-62,1246.09,1248.23,158.004,159.115,6024.77,103.341
20.48,70,0,3,1,1,0,0,1,-1.66105e-62,1245.23,1247.37,157.895,157.006,6034.44,103.549
20.5,70,0,3,1,1,0,0,1,-1.37277e-62,1244.38,1246.52,157.787,155.912,6026.12,103.737
20.52,70,0,3,1,1,0,0,1,-1.13452e-62,1243.52,1245.66,157.679,157.427,6037.81,103.821
20.54,70,0,3,1,1,0,0,1,-9.37622e-63,1242.67,1244.81,157.571,156.518,6046.04,103.886
20.56,70,0,3,1,1,0,0,1,-7.74894e-63,1241.82,1243.95,157.463,156.107,6054.06,103.806
20.58,70,0,3,1,1,0,0,1,-6.40409e-63,1240.97,1243.1,157.355,157.325,6062.98,104.132
20.6,70,0,3,1,1,0,0,1,-5.29263e-63,1240.12,1242.25,157.247,154.484,6060.56,104.082
20.62,70,0,3,1,1,0,0,1,-4.37408e-63,1239.27,1241.4,157.139,156.549,6059.19,104.422
20.64,70,0,3,1,1,0,0,1,-3.61494e-63,1238.43,1240.55,157.032,159.142,6072.98,104.344
20.66,70,0,3,1,1,0,0,1,-2.98755e-63,1237.58,1239.7,156.924,154.699,6079.07,104.323
20.68,70,0,3,1,1,0,0,1,-2.46905e-63,1236.73,1238.85,156.817,154.519,6078.87,104.379
20.7,70,0,3,1,1,0,0,1,-2.04054e-63,1235.89,1238.01,156.71,155.048,6088.41,104.337
20.72,70,0,3,1,1,0,0,1,-1.6864e-63,1235.04,1237.16,156.602,157.69,6088.01,104.703
20.74,70,0,3,1,1,0,0,1,-1.39372e-63,1234.2,1236.31,156.495,155.676,6091.37,104.519
20.76,70,0,3,1,1,0,0,1,-1.15183e-63,1233.36,1235.47,156.389,158.247,6091.55,104.368
20.78,70,0,3,1,1,0,0,1,-9.51926e-64,1232.52,1234.63,156.282,154.354,6102.17,104.76
20.8,70,0,3,1,1,0,0,1,-7.86716e-64,1231.68,1233.78,156.175,156.018,6119.52,105.072
20.82,70,0,3,1,1,0,0,1,-6.50179e-64,1230.84,1232.94,156.069,155.363,6111.83,104.9
20.84,70,0,3,1,1,0,0,1,-5.37338e-64,1230,1232.1,155.962,154.138,6111.95,105.162
20.86,70,0,3,1,1,0,0,1,-4.44081e-64,1229.16,1231.26,155.856,157.648,6126.55,105.328
20.88,70,0,3,1,1,0,0,1,-3.67009e-64,1228.33,1230.42,155.75,154.29,6124.69,104.865
20.9,70,0,3,1,1,0,0,1,-3.03313e-64,1227.49,1229.59,155.644,155.506,6125.87,105.326
20.92,70,0,3,1,1,0,0,1,-2.50672e-64,1226.66,1228.75,155.538,156.9,6127.14,105.572
20.94,70,0,3,1,1,0,0,1,-2.07167e-64,1225.82,1227.91,155.432,155.051,6141.6,105.31
20.96,70,0,3,1,1,0,0,1,-1.71212e-64,1224.99,1227.08,155.326,154.155,6140.54,105.701
20.98,70,0,3,1,1,0,0,1,-1.41498e-64,1224.16,1226.24,155.221,155.052,6146.46,105.521
21,70,0,3,1,1,0,0,1,-1.1694e-64,1223.33,1225.41,155.115,158.638,6148.28,105.588
21.02,70,0,3,1,1,0,0,1,-9.66449e-65,1222.5,1224.58,155.01,154.276,6152.5,105.69
21.04,70,0,3,1,1,0,0,1,-7.98718e-65,1221.67,1223.75,154.905,153.021,6165.47,105.898
21.06,70,0,3,1,1,0,0,1,-6.60098e-65,1220.84,1222.92,154.8,152.631,6163.86,105.867
21.08,70,0,3,1,1,0,0,1,-5.45535e-65,1220.01,1222.09,154.695,154.708,6174.01,105.988
21.1,70,0,3,1,1,0,0,1,-4.50856e-65,1219.19,1221.26,154.59,153.947,6177.84,106.247
21.12,70,0,3,1,1,0,0,1,-3.72608e-65,1218.36,1220.43,154.485,153.177,6169.51,106.092
21.14,70,0,3,1,1,0,0,1,-3.0794e-65,1217.54,1219.6,154.38,152.745,6176.35,106.394
21.16,70,0,3,1,1,0,0,1,-2.54496e-65,1216.71,1218.78,154.276,156.229,6185.17,106.474
21.18,70,0,3,1,1,0,0,1,-2.10327e-65,1215.89,1217.95,154.171,155.949,6192.09,106.463
21.2,70,0,3,1,1,0,0,1,-1.73824e-65,1215.07,1217.13,154.067,155.052,6189.05,106.543
21.22,70,0,3,1,1,0,0,1,-1.43656e-65,1214.25,1216.3,153.963,154.68,6197.25,106.336
21.24,70,0,3,1,1,0,0,1,-1.18724e-65,1213.43,1215.48,153.858,155.191,6203.74,106.9
21.26,70,0,3,1,1,0,0,1,-9.81193e-66,1212.61,1214.66,153.754,155.434,6214.18,107.006
21.28,70,0,3,1,1,0,0,1,-8.10903e-66,1211.79,1213.84,153.651,156.477,6213.79,106.806
21.3,70,0,3,1,1,0,0,1,-6.70168e-66,1210.97,1213.02,153.547,153.894,6213.92,106.838
21.32,70,0,3,1,1,0,0,1,-5.53858e-66,1210.15,1212.2,153.443,154.337,6229.16,106.88
21.34,70,0,3,1,1,0,0,1,-4.57734e-66,1209.34,1211.38,153.34,156.795,6224.38,106.768
21.36,70,0,3,1,1,0,0,1,-3.78292e-66,1208.52,1210.57,153.236,154.216,6233.9,107.122
21.38,70,0,3,1,1,0,0,1,-3.12638e-66,1207.71,1209.75,153.133,153.334,6234.11,106.936
21.4,70,0,3,1,1,0,0,1,-2.58379e-66,1206.9,1208.93,153.03,154.523,6237.66,107.025
21.42,70,0,3,1,1,0,0,1,-2.13536e-66,1206.08,1208.12,152.927,154.246,6238.46,107.339
21.44,70,0,3,1,1,0,0,1,-1.76476e-66,1205.27,1207.31,152.824,152.213,6246.61,107.374
21.46,70,0,3,1,1,0,0,1,-1.45848e-66,1204.46,1206.49,152.721,153.786,6250.74,107.329
21.48,70,0,3,1,1,0,0,1,-1.20536e-66,1203.65,1205.68,152.618,152.158,6261.33,107.817
21.5,70,0,3,1,1,0,0,1,-9.96162e-67,1202.84,1204.87,152.515,151.981,6259.27,107.598
21.52,70,0,3,1,1,0,0,1,-8.23275e-67,1202.04,1204.06,152.413,150.423,6274.88,107.544
21.54,70,0,3,1,1,0,0,1,-6.80392e-67,1201.23,1203.25,152.31,153.453,6280.96,107.747
21.56,70,0,3,1,1,0,0,1,-5.62308e-67,1200.42,1202.44,152.208,154.859,6275.69,107.874
21.58,70,0,3,1,1,0,0,1,-4.64717e-67,1199.62,1201.64,152.106,152.392,6275.8,107.917
21.6,70,0,3,1,1,0,0,1,-3.84064e-67,1198.81,1200.83,152.004,152.282,6293.74,108.114
21.62,70,0,3,1,1,0,0,1,-3.17408e-67,1198.01,1200.02,151.902,152.978,6282.15,108.207
21.64,70,0,3,1,1,0,0,1,-2.62321e-67,1197.21,1199.22,151.8,153.163,6294.07,108.091
21.66,70,0,3,1,1,0,0,1,-2.16794e-67,1196.41,1198.42,151.698,148.911,6298.08,108.209
21.68,70,0,3,1,1,0,0,1,-1.79169e-67,1195.61,1197.61,151.597,152.426,6310.12,108.588
21.7,70,0,3,1,1,0,0,1,-1.48073e-67,1194.81,1196.81,151.495,148.497,6306.68,107.915
21.72,70,0,3,1,1,0,0,1,-1.22375e-67,1194.01,1196.01,151.394,151.447,6317.08,108.338
21.74,70,0,3,1,1,0,0,1,-1.01136e-67,1193.21,1195.21,151.292,152.809,6304.36,108.137
21.76,70,0,3,1,1,0,0,1,-8.35834e-68,1192.41,1194.41,151.191,151.333,6322.78,108.461
21.78,70,0,3,1,1,0,0,1,-6.90772e-68,1191.62,1193.61,151.09,152.622,6328.38,108.756
21.8,70,0,3,1,1,0,0,1,-5.70886e-68,1190.82,1192.81,150.989,153.844,6328.7,108.575
21.82,70,0,3,1,1,0,0,1,-4.71807e-68,1190.03,1192.02,150.888,151.899,6337.79,108.753
21.84,70,0,3,1,1,0,0,1,-3.89923e-68,1189.23,1191.22,150.788,148.224,6335.3,109.062
21.86,70,0,3,1,1,0,0,1,-3.2225e-68,1188.44,1190.43,150.687,152.169,6344.29,108.884
21.88,70,0,3,1,1,0,0,1,-2.66323e-68,1187.65,1189.63,150.586,153.633,6339.69,109.039
21.9,70,0,3,1,1,0,0,1,-2.20101e-68,1186.86,1188.84,150.486,150.14,6356.12,109.394
21.92,70,0,3,1,1,0,0,1,-1.81902e-68,1186.07,1188.05,150.386,151.874,6355.6,109.27
21.94,70,0,3,1,1,0,0,1,-1.50332e-68,1185.28,1187.25,150.285,150.975,6357.07,109.475
21.96,70,0,3,1,1,0,0,1,-1.24241e-68,1184.49,1186.46,150.185,150.173,6368.88,109.177
21.98,70,0,3,1,1,0,0,1,-1.02679e-68,1183.7,1185.67,150.085,148.095,6374.16,109.404
22,70,0,3,1,1,0,0,1,-8.48586e-69,1182.91,1184.89,149.985,151.218,6369.57,109.618
22.02,69.58,0,3,1,1,0,0,1,-7.01311e-69,1173.73,1182.11,149.635,149.482,6372.85,109.479
22.04,69.16,0,3,1,1,0,0,1,-5.79596e-69,1164.57,1177.39,149.037,149.58,6383.96,109.703
22.06,68.74,0,3,1,1,0,0,1,-4.79005e-69,1155.41,1171.31,148.267,152.594,6381.3,109.8
22.08,68.32,0,3,1,1,0,0,1,-3.95872e-69,1146.27,1164.29,147.379,148.53,6380.52,109.795
22.1,67.9,0,3,1,1,0,0,1,-3.27167e-69,1137.15,1156.63,146.409,149.161,6386.79,109.717
22.12,67.48,0,3,1,1,0,0,1,-2.70386e-69,1128.04,1148.53,145.383,151.334,6390.52,109.853
22.14,67.06,0,3,1,1,0,0,1,-2.23459e-69,1118.95,1140.12,144.319,145.435,6407.62,110.306
22.16,66.64,0,3,1,1,0,0,1,-1.84677e-69,1109.88,1131.51,143.229,144.447,6406.9,109.909
22.18,66.22,0,3,1,1,0,0,1,-1.52626e-69,1100.82,1122.76,142.122,142.909,6416.57,110.208
22.2,65.8,0,3,1,1,0,0,1,-1.26137e-69,1091.79,1113.93,141.003,142.565,6414.64,110.142
22.22,65.38,0,3,1,1,0,0,1,-1.04245e-69,1082.77,1105.03,139.877,143.594,6408.03,110.355
22.24,64.96,0,3,1,1,0,0,1,-8.61532e-70,1073.76,1096.1,138.747,139.559,6417.58,110.022
22.26,64.54,0,3,1,1,0,0,1,-7.1201e-70,1064.78,1087.15,137.614,138.949,6428.49,110.654
22.28,64.12,0,3,1,1,0,0,1,-5.88438e-70,1055.81,1078.2,136.481,140.615,6417.89,110.434
22.3,63.7,0,3,1,1,0,0,1,-4.86312e-70,1046.86,1069.24,135.347,137.079,6428.98,110.49
22.32,63.28,0,3,1,1,0,0,1,-4.01911e-70,1037.92,1060.29,134.214,136.119,6435.6,110.425
22.34,62.86,0,3,1,1,0,0,1,-3.32158e-70,1029,1051.35,133.082,134.713,6450.71,110.643
22.36,62.44,0,3,1,1,0,0,1,-2.74511e-70,1020.1,1042.42,131.952,132.344,6433.57,110.706
22.38,62.02,0,3,1,1,0,0,1,-2.26868e-70,1011.21,1033.5,130.823,134.997,6440.12,110.572
22.4,61.6,0,3,1,1,0,0,1,-1.87494e-70,1002.35,1024.6,129.696,131.706,6444.03,111.029
22.42,61.18,0,3,1,1,0,0,1,-1.54954e-70,993.492,1015.71,128.571,128.646,6453.57,110.767
22.44,60.76,0,3,1,1,0,0,1,-1.28061e-70,984.654,1006.83,127.447,130.858,6454.32,110.831
22.46,60.34,0,3,1,1,0,0,1,-1.05836e-70,975.832,997.973,126.326,127.057,6457.15,110.931
22.48,59.92,0,3,1,1,0,0,1,-8.74675e-71,967.082,989.137,125.207,126.279,6462.49,110.927
22.5,59.5,0,3,1,1,0,0,1,-7.22872e-71,958.584,980.391,124.1,128.198,6469.14,111.12
22.52,59.08,0,3,1,1,0,0,1,-5.97415e-71,950.102,971.725,123.003,122.528,6470.34,111.316
22.54,58.66,0,3,1,1,0,0,1,-4.93731e-71,941.635,963.119,121.914,121.68,6476.83,111.558
22.56,58.24,0,3,1,1,0,0,1,-4.08043e-71,933.182,954.558,120.83,121.912,6476.82,111.3
22.58,57.82,0,3,1,1,0,0,1,-3.37225e-71,924.744,946.034,119.751,119.037,6473.76,111.416
22.6,57.4,0,3,1,1,0,0,1,-2.78699e-71,916.32,937.539,118.676,119.696,6479.77,111.4
22.62,56.98,0,3,1,1,0,0,1,-2.30329e-71,907.91,929.07,117.604,118.102,6487.82,111.528
22.64,56.56,0,3,1,1,0,0,1,-1.90355e-71,899.514,920.621,116.534,118.58,6487.65,111.681
22.66,56.14,0,3,1,1,0,0,1,-1.57318e-71,891.132,912.193,115.467,115.73,6492,111.316
22.68,55.72,0,3,1,1,0,0,1,-1.30015e-71,882.763,903.781,114.403,117.675,6496.46,111.572
22.7,55.3,0,3,1,1,0,0,1,-1.0745e-71,874.407,895.386,113.34,116.085,6506.59,111.716
22.72,54.88,0,3,1,1,0,0,1,-8.88019e-72,866.065,887.006,112.279,116.835,6497.83,111.781
22.74,54.46,0,3,1,1,0,0,1,-7.339e-72,857.736,878.641,111.22,111.56,6503.19,111.925
22.76,54.04,0,3,1,1,0,0,1,-6.06529e-72,849.42,870.289,110.163,111.738,6509.86,111.93
22.78,53.62,0,3,1,1,0,0,1,-5.01264e-72,841.116,861.952,109.108,108.891,6510.69,111.732
22.8,53.2,0,3,1,1,0,0,1,-4.14268e-72,832.826,853.628,108.054,109.33,6514.53,111.592
22.82,52.78,0,3,1,1,0,0,1,-3.4237e-72,824.547,845.317,107.002,113.12,6510.59,112.003
22.84,52.36,0,3,1,1,0,0,1,-2.8295e-72,816.281,837.018,105.952,108.318,6512.96,111.988
22.86,51.94,0,3,1,1,0,0,1,-2.33843e-72,808.026,828.733,104.903,107.267,6517.03,111.853
22.88,51.52,0,3,1,1,0,0,1,-1.93259e-72,799.784,820.459,103.856,104.444,6523.06,112.081
22.9,51.1,0,3,1,1,0,0,1,-1.59718e-72,791.553,812.198,102.81,102.801,6527.68,112.158
22.92,50.68,0,3,1,1,0,0,1,-1.31998e-72,783.334,803.949,101.766,104.431,6531.11,112.103
22.94,50.26,0,3,1,1,0,0,1,-1.0909e-72,775.126,795.712,100.723,101.485,6532.89,112.555
22.96,49.84,0,3,1,1,0,0,1,-9.01567e-73,767.045,787.506,99.6843,99.9986,6536.4,112.31
22.98,49.42,0,3,1,1,0,0,1,-7.45097e-73,759.16,779.392,98.6572,100.285,6531.47,112.36
23,49,0,3,1,1,0,0,1,-6.15782e-73,751.285,771.35,97.6393,98.2308,6556.92,112.095
23.02,48.58,0,3,1,1,0,0,1,-5.08911e-73,743.421,763.362,96.6281,98.1833,6528.9,112.422
23.04,48.16,0,3,1,1,0,0,1,-4.20588e-73,735.566,755.414,95.6221,95.5534,6537.89,112.224
23.06,47.74,0,3,1,1,0,0,1,-3.47593e-73,727.722,747.497,94.6199,94.8541,6544.36,112.436
23.08,47.32,0,3,1,1,0,0,1,-2.87267e-73,719.887,739.605,93.6209,93.9295,6556,112.534
23.1,46.9,0,3,1,1,0,0,1,-2.37411e-73,712.062,731.732,92.6243,95.0831,6545.86,112.392
23.12,46.48,0,3,1,1,0,0,1,-1.96207e-73,704.247,723.877,91.6299,91.9779,6559.28,112.361
23.14,46.06,0,3,1,1,0,0,1,-1.62155e-73,696.44,716.035,90.6374,91.4965,6557.2,112.377
23.16,45.64,0,3,1,1,0,0,1,-1.34012e-73,688.643,708.207,89.6464,92.3189,6555.39,112.96
23.18,45.22,0,3,1,1,0,0,1,-1.10754e-73,680.855,700.39,88.6569,89.3208,6562.83,112.658
23.2,44.8,0,3,1,1,0,0,1,-9.15321e-74,673.075,692.584,87.6688,94.0461,6560.52,112.743
23.22,44.38,0,3,1,1,0,0,1,-7.56464e-74,665.305,684.788,86.682,87.0547,6561.03,112.797
23.24,43.96,0,3,1,1,0,0,1,-6.25177e-74,657.542,677.002,85.6964,85.8192,6567.48,112.791
23.26,43.54,0,3,1,1,0,0,1,-5.16675e-74,649.789,669.225,84.712,84.3035,6568.07,112.618
23.28,43.12,0,3,1,1,0,0,1,-4.27004e-74,642.043,661.457,83.7288,85.9942,6563.66,112.709
23.3,42.7,0,3,1,1,0,0,1,-3.52896e-74,634.306,653.698,82.7466,85.6354,6569.7,112.992
23.32,42.28,0,3,1,1,0,0,1,-2.9165e-74,626.577,645.948,81.7656,84.3131,6571.66,113.056
23.34,41.86,0,3,1,1,0,0,1,-2.41033e-74,618.856,638.206,80.7855,85.3901,6569.29,112.755
23.36,41.44,0,3,1,1,0,0,1,-1.99201e-74,611.142,630.472,79.8066,80.7741,6574.46,113.077
23.38,41.02,0,3,1,1,0,0,1,-1.64629e-74,603.436,622.746,78.8286,78.3771,6579.85,112.892
23.4,40.6,0,3,1,1,0,0,1,-1.36057e-74,595.738,615.028,77.8517,79.7068,6579.1,113.152
23.42,40.18,0,3,1,1,0,0,1,-1.12444e-74,588.047,607.318,76.8757,81.3239,6590.89,113.139
23.44,39.76,0,3,1,1,0,0,1,-9.29285e-75,580.572,599.653,75.9055,75.3149,6589.53,113.066
23.46,39.34,0,3,1,1,0,0,1,-7.68005e-75,573.26,592.096,74.9489,75.0693,6591.17,113.376
23.48,38.92,0,3,1,1,0,0,1,-6.34714e-75,565.955,584.616,74.002,77.5477,6581,113.119
23.5,38.5,0,3,1,1,0,0,1,-5.24557e-75,558.656,577.19,73.0621,73.5797,6592.53,113.14
23.52,38.08,0,3,1,1,0,0,1,-4.33519e-75,551.364,569.805,72.1272,73.5525,6586.24,113.241
23.54,37.66,0,3,1,1,0,0,1,-3.5828e-75,544.078,562.45,71.1962,73.4009,6591.91,113.151
23.56,37.24,0,3,1,1,0,0,1,-2.96099e-75,536.798,555.117,70.268,74.2162,6591.92,113.286
23.58,36.82,0,3,1,1,0,0,1,-2.4471e-75,529.524,547.802,69.3421,71.9614,6590.26,113.49
23.6,36.4,0,3,1,1,0,0,1,-2.0224e-75,522.256,540.501,68.4179,69.5295,6589.35,113.328
23.62,35.98,0,3,1,1,0,0,1,-1.6714e-75,514.994,533.212,67.4951,65.3543,6591.61,113.299
23.64,35.56,0,3,1,1,0,0,1,-1.38132e-75,507.738,525.932,66.5736,65.4532,6594.93,113.091
23.66,35.14,0,3,1,1,0,0,1,-1.14159e-75,500.487,518.66,65.6532,67.3388,6595.41,113.372
23.68,34.72,0,3,1,1,0,0,1,-9.43463e-76,493.241,511.396,64.7337,63.3851,6590.98,113.401
23.7,34.3,0,3,1,1,0,0,1,-7.79721e-76,486.001,504.139,63.8151,66.0261,6604.93,113.473
23.72,33.88,0,3,1,1,0,0,1,-6.44398e-76,478.766,496.889,62.8973,63.4296,6586.67,113.615
23.74,33.46,0,3,1,1,0,0,1,-5.3256e-76,471.535,489.644,61.9802,63.4916,6596.92,113.483
23.76,33.04,0,3,1,1,0,0,1,-4.40132e-76,464.31,482.405,61.0639,62.6127,6602.53,113.409
23.78,32.62,0,3,1,1,0,0,1,-3.63746e-76,457.09,475.171,60.1482,64.379,6604.51,113.311
23.8,32.2,0,3,1,1,0,0,1,-3.00616e-76,449.874,467.942,59.2332,61.9251,6612.69,113.368
23.82,31.78,0,3,1,1,0,0,1,-2.48443e-76,442.663,460.719,58.3188,56.2268,6600.79,113.345
23.84,31.36,0,3,1,1,0,0,1,-2.05325e-76,435.456,453.5,57.4051,61.693,6601.65,113.208
23.86,30.94,0,3,1,1,0,0,1,-1.6969e-76,428.254,446.286,56.4919,57.6154,6612.06,113.38
23.88,30.52,0,3,1,1,0,0,1,-1.4024e-76,421.056,439.077,55.5793,57.734,6619.76,113.574
23.9,30.1,0,3,1,1,0,0,1,-1.15901e-76,413.862,431.872,54.6673,54.9375,6613.6,113.392
23.92,29.68,0,3,1,1,0,0,1,-9.57856e-77,407.034,424.749,53.7656,58.5855,6611.42,113.446
23.94,29.26,0,3,1,1,0,0,1,-7.91617e-77,400.323,417.751,52.8799,55.6243,6617.75,113.487
23.96,28.84,0,3,1,1,0,0,1,-6.54229e-77,393.616,410.842,52.0054,52.432,6610.31,113.939
23.98,28.42,0,3,1,1,0,0,1,-5.40685e-77,386.913,403.996,51.1388,55.8932,6605.05,113.592
24,28,0,3,1,1,0,0,1,-4.46847e-77,380.213,397.194,50.2778,54.2855,6610.41,113.816
24.02,28,0,3,1,1,0,0,1,-3.69295e-77,380.176,391.997,49.6199,50.265,6621.02,113.488
24.04,28,0,3,1,1,0,0,1,-3.05202e-77,380.142,388.377,49.1616,50.964,6609.15,113.62
24.06,28,0,3,1,1,0,0,1,-2.52233e-77,380.108,385.853,48.8421,48.98,6616.64,113.596
24.08,28,0,3,1,1,0,0,1,-2.08457e-77,380.076,384.09,48.619,48.0798,6620.13,113.602
24.1,28,0,3,1,1,0,0,1,-1.72279e-77,380.045,382.856,48.4628,48.3629,6620.05,113.742
24.12,28,0,3,1,1,0,0,1,-1.42379e-77,380.014,381.99,48.3531,46.7036,6616.9,113.553
24.14,28,0,3,1,1,0,0,1,-1.17669e-77,379.984,381.379,48.2758,51.4144,6619.12,113.675
24.16,28,0,3,1,1,0,0,1,-9.72469e-78,379.954,380.945,48.2209,49.2493,6620.17,113.555
24.18,28,0,3,1,1,0,0,1,-8.03694e-78,379.924,380.635,48.1817,45.8678,6615.18,113.693
24.2,28,0,3,1,1,0,0,1,-6.6421e-78,379.895,380.411,48.1533,46.9887,6605.33,113.642
24.22,28,0,3,1,1,0,0,1,-5.48933e-78,379.865,380.246,48.1324,46.5689,6622.41,113.714
24.24,28,0,3,1,1,0,0,1,-4.53664e-78,379.836,380.123,48.1168,47.5797,6618.72,113.782
24.26,28,0,3,1,1,0,0,1,-3.74929e-78,379.807,380.028,48.1049,47.4027,6608.44,113.915
24.28,28,0,3,1,1,0,0,1,-3.09859e-78,379.778,379.954,48.0954,49.86,6623.62,113.757
24.3,28,0,3,1,1,0,0,1,-2.56082e-78,379.748,379.893,48.0877,51.6142,6621.21,113.716
24.32,28,0,3,1,1,0,0,1,-2.11638e-78,379.719,379.842,48.0813,46.4889,6626.98,113.975
24.34,28,0,3,1,1,0,0,1,-1.74907e-78,379.69,379.798,48.0756,47.2966,6623.71,113.708
24.36,28,0,3,1,1,0,0,1,-1.44551e-78,379.661,379.758,48.0706,44.831,6618.28,113.715
24.38,28,0,3,1,1,0,0,1,-1.19464e-78,379.632,379.722,48.066,46.9254,6619.21,113.747
24.4,28,0,3,1,1,0,0,1,-9.87305e-79,379.603,379.687,48.0617,47.4655,6624.58,113.829
24.42,28,0,3,1,1,0,0,1,-8.15955e-79,379.574,379.655,48.0576,45.9948,6621.19,113.85
24.44,28,0,3,1,1,0,0,1,-6.74343e-79,379.545,379.623,48.0536,48.2604,6618.94,113.681
24.46,28,0,3,1,1,0,0,1,-5.57308e-79,379.516,379.593,48.0497,47.8722,6631.59,113.767
24.48,28,0,3,1,1,0,0,1,-4.60585e-79,379.487,379.562,48.0459,47.5416,6630.58,113.894
24.5,28,0,3,1,1,0,0,1,-3.80649e-79,379.458,379.533,48.0421,50.5761,6627.67,113.702
24.52,28,0,3,1,1,0,0,1,-3.14586e-79,379.43,379.503,48.0384,47.5753,6621.38,113.56
24.54,28,0,3,1,1,0,0,1,-2.59988e-79,379.401,379.474,48.0347,48.9118,6626.77,113.937
24.56,28,0,3,1,1,0,0,1,-2.14866e-79,379.372,379.445,48.031,48.7016,6623.28,114.061
24.58,28,0,3,1,1,0,0,1,-1.77576e-79,379.343,379.416,48.0273,47.9499,6632.13,113.933
24.6,28,0,3,1,1,0,0,1,-1.46757e-79,379.314,379.387,48.0236,50.6002,6636.51,113.812
24.62,28,0,3,1,1,0,0,1,-1.21286e-79,379.285,379.358,48.02,45.8241,6629.39,114.102
24.64,28,0,3,1,1,0,0,1,-1.00237e-79,379.257,379.329,48.0163,46.8197,6628.86,113.808
24.66,28,0,3,1,1,0,0,1,-8.28403e-80,379.228,379.3,48.0126,47.2052,6634.74,113.736
24.68,28,0,3,1,1,0,0,1,-6.8463e-80,379.199,379.271,48.009,49.7904,6630.79,114.122
24.7,28,0,3,1,1,0,0,1,-5.6581e-80,379.17,379.242,48.0053,49.4286,6623.15,113.748
24.72,28,0,3,1,1,0,0,1,-4.67612e-80,379.141,379.213,48.0017,45.3472,6632.43,113.766
24.74,28,0,3,1,1,0,0,1,-3.86456e-80,379.113,379.185,47.9981,49.3586,6630.59,113.865
24.76,28,0,3,1,1,0,0,1,-3.19385e-80,379.084,379.156,47.9944,49.8346,6632.01,114.076
24.78,28,0,3,1,1,0,0,1,-2.63955e-80,379.055,379.127,47.9908,46.4158,6634.48,113.952
24.8,28,0,3,1,1,0,0,1,-2.18144e-80,379.027,379.098,47.9871,48.3594,6633.44,114.133
24.82,28,0,3,1,1,0,0,1,-1.80285e-80,378.998,379.07,47.9835,48.6533,6624.13,114.078
24.84,28,0,3,1,1,0,0,1,-1.48996e-80,378.969,379.041,47.9799,49.6767,6626.43,113.694
24.86,28,0,3,1,1,0,0,1,-1.23137e-80,378.941,379.012,47.9763,46.738,6635.91,113.856
24.88,28,0,3,1,1,0,0,1,-1.01766e-80,378.912,378.984,47.9726,48.9658,6628.27,113.872
24.9,28,0,3,1,1,0,0,1,-8.41041e-81,378.884,378.955,47.969,45.6392,6640.68,113.911
24.92,28,0,3,1,1,0,0,1,-6.95075e-81,378.855,378.926,47.9654,45.7692,6638.78,114.153
24.94,28,0,3,1,1,0,0,1,-5.74442e-81,378.826,378.898,47.9618,46.5012,6632.14,113.455
24.96,28,0,3,1,1,0,0,1,-4.74746e-81,378.798,378.869,47.9581,46.4215,6643.71,114.066
24.98,28,0,3,1,1,0,0,1,-3.92352e-81,378.769,378.841,47.9545,48.0411,6629.27,114.012
25,28,0,3,1,1,0,0,1,-3.24258e-81,378.741,378.812,47.9509,47.0828,6632.43,113.936
25.02,28,0,3,1,1,0,0,1,-2.67982e-81,378.712,378.784,47.9473,48.9151,6640.19,114.063
25.04,28,0,3,1,1,0,0,1,-2.21472e-81,378.684,378.755,47.9437,46.3067,6629.78,114.212
25.06,28,0,3,1,1,0,0,1,-1.83035e-81,378.655,378.727,47.9401,49.0172,6636.86,114.052
25.08,28,0,3,1,1,0,0,1,-1.51269e-81,378.627,378.698,47.9365,49.4083,6643.99,114.044
25.1,28,0,3,1,1,0,0,1,-1.25015e-81,378.598,378.67,47.9329,47.2362,6642.4,114.022
25.12,28,0,3,1,1,0,0,1,-1.03318e-81,378.57,378.641,47.9293,48.9954,6637.45,114.175
25.14,28,0,3,1,1,0,0,1,-8.53872e-82,378.542,378.613,47.9257,45.6293,6640.72,113.943
25.16,28,0,3,1,1,0,0,1,-7.05679e-82,378.513,378.584,47.9221,47.2765,6638.07,114.383
25.18,28,0,3,1,1,0,0,1,-5.83206e-82,378.485,378.556,47.9185,47.23,6632.86,114.031
25.2,28,0,3,1,1,0,0,1,-4.81988e-82,378.456,378.527,47.9149,46.1413,6638.83,114.11
25.22,28,0,3,1,1,0,0,1,-3.98338e-82,378.428,378.499,47.9113,45.7836,6648.32,114.021
25.24,28,0,3,1,1,0,0,1,-3.29205e-82,378.4,378.471,47.9077,49.1464,6647.8,114.218
25.26,28,0,3,1,1,0,0,1,-2.7207e-82,378.371,378.442,47.9041,49.198,6651.85,114.098
25.28,28,0,3,1,1,0,0,1,-2.24851e-82,378.343,378.414,47.9005,46.3918,6636.13,114.166
25.3,28,0,3,1,1,0,0,1,-1.85827e-82,378.315,378.386,47.8969,47.0427,6646.5,114.341
25.32,28,0,3,1,1,0,0,1,-1.53576e-82,378.286,378.357,47.8933,49.919,6646.12,113.978
25.34,28,0,3,1,1,0,0,1,-1.26923e-82,378.258,378.329,47.8897,45.7752,6662.42,113.982
25.36,28,0,3,1,1,0,0,1,-1.04895e-82,378.23,378.301,47.8862,50.4367,6642.18,114.17
25.38,28,0,3,1,1,0,0,1,-8.66898e-83,378.202,378.272,47.8826,46.1333,6646.75,114.13
25.4,28,0,3,1,1,0,0,1,-7.16445e-83,378.173,378.244,47.879,46.6559,6642.57,114.173
25.42,28,0,3,1,1,0,0,1,-5.92103e-83,378.145,378.216,47.8754,48.2538,6643.87,114.369
25.44,28,0,3,1,1,0,0,1,-4.89342e-83,378.117,378.188,47.8719,50.4481,6651.73,114.072
25.46,28,0,3,1,1,0,0,1,-4.04415e-83,378.089,378.159,47.8683,47.018,6640.55,114.157
25.48,28,0,3,1,1,0,0,1,-3.34227e-83,378.061,378.131,47.8647,48.6106,6640.74,114.258
25.5,28,0,3,1,1,0,0,1,-2.76221e-83,378.033,378.103,47.8611,46.4257,6648.18,114.165
25.52,28,0,3,1,1,0,0,1,-2.28281e-83,378.004,378.075,47.8576,49.7939,6651.4,114.273
25.54,28,0,3,1,1,0,0,1,-1.88662e-83,377.976,378.047,47.854,48.3259,6652.58,114.149
25.56,28,0,3,1,1,0,0,1,-1.55919e-83,377.948,378.019,47.8505,47.4412,6650.97,114.65
25.58,28,0,3,1,1,0,0,1,-1.28859e-83,377.92,377.99,47.8469,46.082,6650.29,114.119
25.6,28,0,3,1,1,0,0,1,-1.06495e-83,377.892,377.962,47.8433,45.5389,6646.26,114.335
25.62,28,0,3,1,1,0,0,1,-8.80124e-84,377.864,377.934,47.8398,48.2467,6657.72,114.362
25.64,28,0,3,1,1,0,0,1,-7.27375e-84,377.836,377.906,47.8362,48.6388,6648.54,114.365
25.66,28,0,3,1,1,0,0,1,-6.01136e-84,377.808,377.878,47.8327,48.0146,6657.73,114.456
25.68,28,0,3,1,1,0,0,1,-4.96807e-84,377.78,377.85,47.8291,47.0295,6647.8,114.368
25.7,28,0,3,1,1,0,0,1,-4.10584e-84,377.752,377.822,47.8256,46.2359,6651.82,114.347
25.72,28,0,3,1,1,0,0,1,-3.39326e-84,377.724,377.794,47.822,47.4892,6660.81,114.507
25.74,28,0,3,1,1,0,0,1,-2.80435e-84,377.696,377.766,47.8185,47.1097,6653.59,114.545
25.76,28,0,3,1,1,0,0,1,-2.31764e-84,377.668,377.738,47.8149,49.2262,6643.04,114.417
25.78,28,0,3,1,1,0,0,1,-1.91541e-84,377.64,377.71,47.8114,48.5245,6660.9,114.264
25.8,28,0,3,1,1,0,0,1,-1.58298e-84,377.612,377.682,47.8079,47.602,6658.74,114.316
25.82,28,0,3,1,1,0,0,1,-1.30825e-84,377.584,377.654,47.8043,48.2151,6661.79,114.493
25.84,28,0,3,1,1,0,0,1,-1.0812e-84,377.556,377.626,47.8008,47.0378,6664.84,114.28
25.86,28,0,3,1,1,0,0,1,-8.93551e-85,377.529,377.598,47.7973,49.7909,6660.23,114.517
25.88,28,0,3,1,1,0,0,1,-7.38472e-85,377.501,377.57,47.7937,46.6552,6652.14,114.253
25.9,28,0,3,1,1,0,0,1,-6.10307e-85,377.473,377.543,47.7902,48.4953,6659,114.324
25.92,28,0,3,1,1,0,0,1,-5.04386e-85,377.445,377.515,47.7867,46.2795,6655.94,114.425
25.94,28,0,3,1,1,0,0,1,-4.16848e-85,377.417,377.487,47.7831,47.2932,6656.59,114.385
25.96,28,0,3,1,1,0,0,1,-3.44503e-85,377.389,377.459,47.7796,48.1923,6652.53,114.145
25.98,28,0,3,1,1,0,0,1,-2.84713e-85,377.362,377.431,47.7761,48.4551,6651.19,114.333
26,28,0,3,1,1,0,0,1,-2.353e-85,377.334,377.403,47.7726,47.4083,6663.78,114.367
26.02,28,0,3,1,1,0,0,1,-1.94463e-85,377.306,377.376,47.7691,46.0685,6659.04,114.633
26.04,28,0,3,1,1,0,0,1,-1.60713e-85,377.278,377.348,47.7656,47.9256,6665.24,114.629
26.06,28,0,3,1,1,0,0,1,-1.32821e-85,377.251,377.32,47.762,47.09,6665.72,114.286
26.08,28,0,3,1,1,0,0,1,-1.09769e-85,377.223,377.292,47.7585,48.4999,6662.69,114.513
26.1,28,0,3,1,1,0,0,1,-9.07183e-86,377.195,377.265,47.755,46.4573,6665.41,114.654
26.12,28,0,3,1,1,0,0,1,-7.49738e-86,377.168,377.237,47.7515,46.2395,6666.95,114.288
26.14,28,0,3,1,1,0,0,1,-6.19618e-86,377.14,377.209,47.748,49.0671,6673.15,114.681
26.16,28,0,3,1,1,0,0,1,-5.12081e-86,377.112,377.182,47.7445,47.4206,6659.71,114.563
26.18,28,0,3,1,1,0,0,1,-4.23208e-86,377.085,377.154,47.741,50.1609,6662.37,114.396
26.2,28,0,3,1,1,0,0,1,-3.49758e-86,377.057,377.126,47.7375,47.7247,6658.94,114.362
26.22,28,0,3,1,1,0,0,1,-2.89056e-86,377.029,377.099,47.734,47.6284,6654.87,114.533
26.24,28,0,3,1,1,0,0,1,-2.3889e-86,377.002,377.071,47.7305,49.6149,6661.88,114.207
26.26,28,0,3,1,1,0,0,1,-1.97429e-86,376.974,377.043,47.727,45.4286,6663.81,114.517
26.28,28,0,3,1,1,0,0,1,-1.63165e-86,376.947,377.016,47.7235,47.4127,6664.98,114.448
26.3,28,0,3,1,1,0,0,1,-1.34847e-86,376.919,376.988,47.72,48.3838,6674.18,114.478
26.32,28,0,3,1,1,0,0,1,-1.11444e-86,376.892,376.961,47.7165,45.6829,6667.5,114.636
26.34,28,0,3,1,1,0,0,1,-9.21023e-87,376.864,376.933,47.713,48.2104,6666.56,114.49
26.36,28,0,3,1,1,0,0,1,-7.61176e-87,376.837,376.905,47.7096,47.7391,6674.86,114.587
26.38,28,0,3,1,1,0,0,1,-6.29071e-87,376.809,376.878,47.7061,47.6378,6660.99,114.713
26.4,28,0,3,1,1,0,0,1,-5.19893e-87,376.782,376.85,47.7026,47.4049,6669.43,114.375
26.42,28,0,3,1,1,0,0,1,-4.29664e-87,376.754,376.823,47.6991,48.5843,6669.33,114.461
26.44,28,0,3,1,1,0,0,1,-3.55094e-87,376.727,376.795,47.6956,50.2389,6667.31,114.445
26.46,28,0,3,1,1,0,0,1,-2.93466e-87,376.699,376.768,47.6922,49.2925,6666.61,114.641
26.48,28,0,3,1,1,0,0,1,-2.42534e-87,376.672,376.741,47.6887,49.6662,6675.14,114.412
26.5,28,0,3,1,1,0,0,1,-2.00441e-87,376.645,376.713,47.6852,48.8056,6667.18,114.801
26.52,28,0,3,1,1,0,0,1,-1.65654e-87,376.617,376.686,47.6817,49.113,6674.48,114.668
26.54,28,0,3,1,1,0,0,1,-1.36904e-87,376.59,376.658,47.6783,46.1178,6669.06,114.549
26.56,28,0,3,1,1,0,0,1,-1.13144e-87,376.562,376.631,47.6748,47.761,6666.88,114.948
26.58,28,0,3,1,1,0,0,1,-9.35074e-88,376.535,376.604,47.6713,47.8923,6676.04,114.632
26.6,28,0,3,1,1,0,0,1,-7.72788e-88,376.508,376.576,47.6679,47.3506,6671.86,114.527
26.62,28,0,3,1,1,0,0,1,-6.38668e-88,376.48,376.549,47.6644,46.7132,6677.06,114.67
26.64,28,0,3,1,1,0,0,1,-5.27825e-88,376.453,376.522,47.661,47.616,6675.71,114.513
26.66,28,0,3,1,1,0,0,1,-4.36219e-88,376.426,376.494,47.6575,47.4774,6678.26,114.553
26.68,28,0,3,1,1,0,0,1,-3.60512e-88,376.399,376.467,47.654,45.2235,6682.74,114.695
26.7,28,0,3,1,1,0,0,1,-2.97943e-88,376.371,376.44,47.6506,46.8773,6663.41,114.564
26.72,28,0,3,1,1,0,0,1,-2.46234e-88,376.344,376.412,47.6471,47.8115,6672.83,114.469
26.74,28,0,3,1,1,0,0,1,-2.03499e-88,376.317,376.385,47.6437,46.4638,6683.76,114.833
26.76,28,0,3,1,1,0,0,1,-1.68181e-88,376.29,376.358,47.6402,48.4787,6682.54,114.682
26.78,28,0,3,1,1,0,0,1,-1.38993e-88,376.263,376.331,47.6368,46.302,6683.5,114.695
26.8,28,0,3,1,1,0,0,1,-1.1487e-88,376.235,376.303,47.6333,48.8991,6684.88,114.653
26.82,28,0,3,1,1,0,0,1,-9.4934e-89,376.208,376.276,47.6299,49.3245,6674.36,114.606
26.84,28,0,3,1,1,0,0,1,-7.84578e-89,376.181,376.249,47.6265,49.4235,6675.37,114.71
26.86,28,0,3,1,1,0,0,1,-6.48412e-89,376.154,376.222,47.623,46.9888,6680.02,114.81
26.88,28,0,3,1,1,0,0,1,-5.35877e-89,376.127,376.195,47.6196,47.9323,6672.6,114.753
26.9,28,0,3,1,1,0,0,1,-4.42874e-89,376.1,376.168,47.6161,47.1602,6680.88,114.887
26.92,28,0,3,1,1,0,0,1,-3.66011e-89,376.073,376.14,47.6127,45.8219,6670.36,114.713
26.94,28,0,3,1,1,0,0,1,-3.02489e-89,376.046,376.113,47.6093,47.603,6680.33,114.86
26.96,28,0,3,1,1,0,0,1,-2.49991e-89,376.019,376.086,47.6059,47.1483,6681.54,114.653
26.98,28,0,3,1,1,0,0,1,-2.06604e-89,375.991,376.059,47.6024,46.9373,6679.86,114.764
27,28,0,3,1,1,0,0,1,-1.70747e-89,375.964,376.032,47.599,46.6886,6678.96,114.906
27.02,28,0,3,1,1,0,0,1,-1.41113e-89,375.937,376.005,47.5956,48.9564,6676.02,114.827
27.04,28,0,3,1,1,0,0,1,-1.16623e-89,375.91,375.978,47.5922,48.424,6672.83,114.735
27.06,28,0,3,1,1,0,0,1,-9.63823e-90,375.883,375.951,47.5887,46.0141,6679.68,114.746
27.08,28,0,3,1,1,0,0,1,-7.96548e-90,375.856,375.924,47.5853,46.3099,6675.5,114.854
27.1,28,0,3,1,1,0,0,1,-6.58304e-90,375.829,375.897,47.5819,47.3662,6685.86,114.882
27.12,28,0,3,1,1,0,0,1,-5.44053e-90,375.803,375.87,47.5785,47.0041,6674.26,114.654
27.14,28,0,3,1,1,0,0,1,-4.4963e-90,375.776,375.843,47.5751,48.5724,6690.37,114.995
27.16,28,0,3,1,1,0,0,1,-3.71595e-90,375.749,375.816,47.5717,46.8802,6681.07,114.766
27.18,28,0,3,1,1,0,0,1,-3.07104e-90,375.722,375.789,47.5682,48.8607,6679.52,114.991
27.2,28,0,3,1,1,0,0,1,-2.53805e-90,375.695,375.762,47.5648,48.8685,6674.82,114.91
27.22,28,0,3,1,1,0,0,1,-2.09756e-90,375.668,375.735,47.5614,43.387,6684.9,114.748
27.24,28,0,3,1,1,0,0,1,-1.73352e-90,375.641,375.708,47.558,46.8835,6685.95,114.745
27.26,28,0,3,1,1,0,0,1,-1.43266e-90,375.614,375.682,47.5546,46.3457,6680.74,115.005
27.28,28,0,3,1,1,0,0,1,-1.18402e-90,375.588,375.655,47.5512,48.2441,6680.94,114.938
27.3,28,0,3,1,1,0,0,1,-9.78527e-91,375.561,375.628,47.5478,46.1788,6686.49,114.731
27.32,28,0,3,1,1,0,0,1,-8.087e-91,375.534,375.601,47.5444,48.8616,6687.33,114.57
27.34,28,0,3,1,1,0,0,1,-6.68347e-91,375.507,375.574,47.541,47.8647,6685.3,114.956
27.36,28,0,3,1,1,0,0,1,-5.52353e-91,375.48,375.547,47.5376,46.7458,6682.33,115.044
27.38,28,0,3,1,1,0,0,1,-4.5649e-91,375.454,375.521,47.5343,46.5063,6685.45,114.818
27.4,28,0,3,1,1,0,0,1,-3.77264e-91,375.427,375.494,47.5309,47.5441,6692.72,114.716
27.42,28,0,3,1,1,0,0,1,-3.11789e-91,375.4,375.467,47.5275,46.1814,6689.61,115.247
27.44,28,0,3,1,1,0,0,1,-2.57677e-91,375.373,375.44,47.5241,45.4311,6686.92,115.039
27.46,28,0,3,1,1,0,0,1,-2.12956e-91,375.347,375.414,47.5207,49.7963,6686.41,114.817
27.48,28,0,3,1,1,0,0,1,-1.75997e-91,375.32,375.387,47.5173,47.7964,6699.84,114.999
27.5,28,0,3,1,1,0,0,1,-1.45452e-91,375.293,375.36,47.5139,48.3082,6691.02,114.856
27.52,28,0,3,1,1,0,0,1,-1.20208e-91,375.267,375.333,47.5106,46.6921,6702.98,115.118
27.54,28,0,3,1,1,0,0,1,-9.93455e-92,375.24,375.307,47.5072,46.0816,6696.11,114.622
27.56,28,0,3,1,1,0,0,1,-8.21037e-92,375.213,375.28,47.5038,47.4812,6687.65,114.775
27.58,28,0,3,1,1,0,0,1,-6.78543e-92,375.187,375.253,47.5004,47.329,6688.04,114.969
27.6,28,0,3,1,1,0,0,1,-5.6078e-92,375.16,375.227,47.4971,47.1358,6690.85,115.037
27.62,28,0,3,1,1,0,0,1,-4.63454e-92,375.134,375.2,47.4937,48.1109,6698.15,115.221
27.64,28,0,3,1,1,0,0,1,-3.8302e-92,375.107,375.174,47.4903,49.7908,6690.34,114.964
27.66,28,0,3,1,1,0,0,1,-3.16545e-92,375.081,375.147,47.487,47.8073,6686.93,115.012
27.68,28,0,3,1,1,0,0,1,-2.61608e-92,375.054,375.12,47.4836,45.2841,6694.33,115.013
27.7,28,0,3,1,1,0,0,1,-2.16205e-92,375.028,375.094,47.4802,46.4363,6692.62,115.126
27.72,28,0,3,1,1,0,0,1,-1.78682e-92,375.001,375.067,47.4769,47.1183,6699.1,115.135
27.74,28,0,3,1,1,0,0,1,-1.47671e-92,374.974,375.041,47.4735,45.5837,6699.94,115.031
27.76,28,0,3,1,1,0,0,1,-1.22042e-92,374.948,375.014,47.4702,45.4747,6691.34,115.034
27.78,28,0,3,1,1,0,0,1,-1.00861e-92,374.922,374.988,47.4668,48.2679,6699.46,115.049
27.8,28,0,3,1,1,0,0,1,-8.33563e-93,374.895,374.961,47.4635,44.8368,6698.93,114.929
27.82,28,0,3,1,1,0,0,1,-6.88895e-93,374.869,374.935,47.4601,47.8551,6712.85,115.369
27.84,28,0,3,1,1,0,0,1,-5.69335e-93,374.842,374.908,47.4568,48.1049,6701.7,114.799
27.86,28,0,3,1,1,0,0,1,-4.70525e-93,374.816,374.882,47.4534,49.7167,6695.04,114.98
27.88,28,0,3,1,1,0,0,1,-3.88863e-93,374.789,374.855,47.4501,47.7574,6703.54,115.249
27.9,28,0,3,1,1,0,0,1,-3.21375e-93,374.763,374.829,47.4467,45.5665,6699.08,114.974
27.92,28,0,3,1,1,0,0,1,-2.65599e-93,374.737,374.803,47.4434,48.64,6703,114.94
27.94,28,0,3,1,1,0,0,1,-2.19503e-93,374.71,374.776,47.44,45.7271,6699.28,115.127
27.96,28,0,3,1,1,0,0,1,-1.81408e-93,374.684,374.75,47.4367,47.5459,6698.62,115.103
27.98,28,0,3,1,1,0,0,1,-1.49924e-93,374.658,374.724,47.4334,49.1301,6707.57,115.118
28,28,0,3,1,1,0,0,1,-1.23904e-93,374.631,374.697,47.43,47.9797,6705.78,114.799
28.02,28,0,3,1,1,0,0,1,-1.024e-93,374.605,374.671,47.4267,45.3065,6694.99,115.282
28.04,28,0,3,1,1,0,0,1,-8.4628e-94,374.579,374.645,47.4234,48.1649,6707.93,115.401
28.06,28,0,3,1,1,0,0,1,-6.99405e-94,374.552,374.618,47.42,46.1969,6700.06,115.163
28.08,28,0,3,1,1,0,0,1,-5.78021e-94,374.526,374.592,47.4167,49.9215,6710.1,115.043
28.1,28,0,3,1,1,0,0,1,-4.77703e-94,374.5,374.566,47.4134,46.8199,6700.43,115.361
28.12,28,0,3,1,1,0,0,1,-3.94796e-94,374.474,374.539,47.4101,45.5118,6703.26,114.922
28.14,28,0,3,1,1,0,0,1,-3.26278e-94,374.448,374.513,47.4067,48.4196,6701.01,115.112
28.16,28,0,3,1,1,0,0,1,-2.69651e-94,374.421,374.487,47.4034,46.1718,6706.69,115.237
28.18,28,0,3,1,1,0,0,1,-2.22852e-94,374.395,374.461,47.4001,48.2691,6711.11,115.154
28.2,28,0,3,1,1,0,0,1,-1.84175e-94,374.369,374.435,47.3968,46.5476,6706.12,115.361
28.22,28,0,3,1,1,0,0,1,-1.52211e-94,374.343,374.408,47.3935,47.5871,6710.57,115.063
28.24,28,0,3,1,1,0,0,1,-1.25794e-94,374.317,374.382,47.3901,45.2379,6708.15,114.953
28.26,28,0,3,1,1,0,0,1,-1.03962e-94,374.291,374.356,47.3868,47.7476,6707.45,115.53
28.28,28,0,3,1,1,0,0,1,-8.59191e-95,374.264,374.33,47.3835,49.2,6700.16,115.148
28.3,28,0,3,1,1,0,0,1,-7.10075e-95,374.238,374.304,47.3802,46.2694,6717.99,115.249
28.32,28,0,3,1,1,0,0,1,-5.86839e-95,374.212,374.278,47.3769,48.1915,6714.03,115.424
28.34,28,0,3,1,1,0,0,1,-4.84991e-95,374.186,374.251,47.3736,50.2444,6718.83,115.246
28.36,28,0,3,1,1,0,0,1,-4.00819e-95,374.16,374.225,47.3703,46.8283,6706.64,115.332
28.38,28,0,3,1,1,0,0,1,-3.31255e-95,374.134,374.199,47.367,48.7785,6705.66,115.161
28.4,28,0,3,1,1,0,0,1,-2.73765e-95,374.108,374.173,47.3637,45.4448,6704.33,115.195
28.42,28,0,3,1,1,0,0,1,-2.26252e-95,374.082,374.147,47.3604,46.4995,6703.32,115.149
28.44,28,0,3,1,1,0,0,1,-1.86985e-95,374.056,374.121,47.3571,47.3656,6718.88,115.482
28.46,28,0,3,1,1,0,0,1,-1.54533e-95,374.03,374.095,47.3538,45.2627,6705.05,115.478
28.48,28,0,3,1,1,0,0,1,-1.27713e-95,374.004,374.069,47.3505,48.8938,6708.29,115.469
28.5,28,0,3,1,1,0,0,1,-1.05548e-95,373.978,374.043,47.3472,48.8501,6708.91,115.472
28.52,28,0,3,1,1,0,0,1,-8.72298e-96,373.952,374.017,47.3439,42.4245,6711.78,115.759
28.54,28,0,3,1,1,0,0,1,-7.20908e-96,373.926,373.991,47.3407,47.9827,6714.43,115.377
28.56,28,0,3,1,1,0,0,1,-5.95792e-96,373.9,373.965,47.3374,47.496,6710.28,115.323
28.58,28,0,3,1,1,0,0,1,-4.9239e-96,373.874,373.939,47.3341,42.9641,6720.05,115.557
28.6,28,0,3,1,1,0,0,1,-4.06934e-96,373.849,373.913,47.3308,47.4963,6721.97,115.129
28.62,28,0,3,1,1,0,0,1,-3.36309e-96,373.823,373.887,47.3275,45.7782,6716.76,115.311
28.64,28,0,3,1,1,0,0,1,-2.77941e-96,373.797,373.862,47.3243,48.51,6725.51,115.275
28.66,28,0,3,1,1,0,0,1,-2.29703e-96,373.771,373.836,47.321,47.7436,6721.81,115.454
28.68,28,0,3,1,1,0,0,1,-1.89838e-96,373.745,373.81,47.3177,46.0213,6719.79,115.432
28.7,28,0,3,1,1,0,0,1,-1.56891e-96,373.719,373.784,47.3144,47.2305,6720.52,115.333
28.72,28,0,3,1,1,0,0,1,-1.29662e-96,373.694,373.758,47.3112,46.0681,6722.17,115.545
28.74,28,0,3,1,1,0,0,1,-1.07158e-96,373.668,373.732,47.3079,49.6969,6715.7,115.529
28.76,28,0,3,1,1,0,0,1,-8.85606e-97,373.642,373.707,47.3046,48.4583,6718.87,115.564
28.78,28,0,3,1,1,0,0,1,-7.31906e-97,373.616,373.681,47.3014,46.1884,6711.97,115.356
28.8,28,0,3,1,1,0,0,1,-6.04881e-97,373.59,373.655,47.2981,45.8043,6719,115.389
28.82,28,0,3,1,1,0,0,1,-4.99902e-97,373.565,373.629,47.2948,48.2612,6724.42,115.527
28.84,28,0,3,1,1,0,0,1,-4.13142e-97,373.539,373.603,47.2916,52.363,6725.05,115.477
28.86,28,0,3,1,1,0,0,1,-3.4144e-97,373.513,373.578,47.2883,45.9258,6720.11,115.455
28.88,28,0,3,1,1,0,0,1,-2.82181e-97,373.488,373.552,47.2851,46.5172,6721.96,115.827
28.9,28,0,3,1,1,0,0,1,-2.33208e-97,373.462,373.526,47.2818,46.4366,6714.12,115.637
28.92,28,0,3,1,1,0,0,1,-1.92734e-97,373.436,373.501,47.2785,48.5511,6718.13,115.388
28.94,28,0,3,1,1,0,0,1,-1.59284e-97,373.411,373.475,47.2753,45.2783,6721.95,115.629
28.96,28,0,3,1,1,0,0,1,-1.3164e-97,373.385,373.449,47.272,46.0339,6728.9,115.53
28.98,28,0,3,1,1,0,0,1,-1.08793e-97,373.359,373.423,47.2688,43.9579,6725.31,115.54
29,28,0,3,1,1,0,0,1,-8.99117e-98,373.334,373.398,47.2656,48.3069,6732.09,115.616
29.02,28,0,3,1,1,0,0,1,-7.43072e-98,373.308,373.372,47.2623,48.4603,6731.3,115.436
29.04,28,0,3,1,1,0,0,1,-6.14109e-98,373.283,373.347,47.2591,48.7428,6725.88,115.704
29.06,28,0,3,1,1,0,0,1,-5.07528e-98,373.257,373.321,47.2558,48.2204,6722.72,115.559
29.08,28,0,3,1,1,0,0,1,-4.19445e-98,373.231,373.295,47.2526,45.8492,6723.27,115.409
29.1,28,0,3,1,1,0,0,1,-3.46649e-98,373.206,373.27,47.2493,48.6959,6727.26,115.402
29.12,28,0,3,1,1,0,0,1,-2.86486e-98,373.18,373.244,47.2461,49.955,6723.02,115.67
29.14,28,0,3,1,1,0,0,1,-2.36766e-98,373.155,373.219,47.2429,52.322,6716.48,115.467
29.16,28,0,3,1,1,0,0,1,-1.95674e-98,373.129,373.193,47.2396,47.7273,6725.01,115.332
29.18,28,0,3,1,1,0,0,1,-1.61714e-98,373.104,373.168,47.2364,44.1831,6722.37,115.872
29.2,28,0,3,1,1,0,0,1,-1.33648e-98,373.078,373.142,47.2332,47.2502,6733.84,115.465
29.22,28,0,3,1,1,0,0,1,-1.10453e-98,373.053,373.117,47.23,46.6916,6723.68,115.72
29.24,28,0,3,1,1,0,0,1,-9.12834e-99,373.028,373.091,47.2267,46.4866,6727.02,115.391
29.26,28,0,3,1,1,0,0,1,-7.54408e-99,373.002,373.066,47.2235,46.6169,6731.89,115.455
29.28,28,0,3,1,1,0,0,1,-6.23478e-99,372.977,373.04,47.2203,47.8401,6737.14,115.545
29.3,28,0,3,1,1,0,0,1,-5.15271e-99,372.951,373.015,47.2171,47.0584,6728.36,115.702
29.32,28,0,3,1,1,0,0,1,-4.25844e-99,372.926,372.989,47.2139,48.7761,6735.87,115.405
29.34,28,0,3,1,1,0,0,1,-3.51937e-99,372.9,372.964,47.2106,48.3005,6733.97,115.72
29.36,28,0,3,1,1,0,0,1,-2.90857e-99,372.875,372.939,47.2074,47.846,6735.32,115.709
29.38,28,0,3,1,1,0,0,1,-2.40378e-99,372.85,372.913,47.2042,49.4189,6730.47,115.545
29.4,28,0,3,1,1,0,0,1,-1.98659e-99,372.824,372.888,47.201,48.2907,6726.72,115.571
29.42,28,0,3,1,1,0,0,1,-1.64181e-99,372.799,372.863,47.1978,46.5055,6733.31,115.613
29.44,28,0,3,1,1,0,0,1,-1.35687e-99,372.774,372.837,47.1946,45.2574,6734.91,115.621
29.46,28,0,3,1,1,0,0,1,-1.12138e-99,372.749,372.812,47.1914,46.7339,6728.47,115.257
29.48,28,0,3,1,1,0,0,1,-9.2676e-100,372.723,372.787,47.1882,48.4155,6737.75,115.559
29.5,28,0,3,1,1,0,0,1,-7.65917e-100,372.698,372.761,47.185,46.5745,6736.03,115.75
29.52,28,0,3,1,1,0,0,1,-6.3299e-100,372.673,372.736,47.1818,45.9908,6726.72,115.798
29.54,28,0,3,1,1,0,0,1,-5.23132e-100,372.647,372.711,47.1786,47.7433,6741.57,115.758
29.56,28,0,3,1,1,0,0,1,-4.3234e-100,372.622,372.685,47.1754,49.4028,6726.94,115.883
29.58,28,0,3,1,1,0,0,1,-3.57306e-100,372.597,372.66,47.1722,49.1825,6736.65,115.936
29.6,28,0,3,1,1,0,0,1,-2.95294e-100,372.572,372.635,47.169,46.9355,6732.83,115.634
29.62,28,0,3,1,1,0,0,1,-2.44045e-100,372.547,372.61,47.1658,47.5412,6738.92,115.718
29.64,28,0,3,1,1,0,0,1,-2.0169e-100,372.521,372.585,47.1626,48.1993,6734.32,115.786
29.66,28,0,3,1,1,0,0,1,-1.66686e-100,372.496,372.559,47.1594,49.011,6740.87,115.995
29.68,28,0,3,1,1,0,0,1,-1.37757e-100,372.471,372.534,47.1562,45.4079,6738.84,115.734
29.7,28,0,3,1,1,0,0,1,-1.13849e-100,372.446,372.509,47.153,46.5451,6741.65,115.637
29.72,28,0,3,1,1,0,0,1,-9.40899e-101,372.421,372.484,47.1499,47.594,6741.63,115.91
29.74,28,0,3,1,1,0,0,1,-7.77602e-101,372.396,372.459,47.1467,47.7938,6733.88,115.78
29.76,28,0,3,1,1,0,0,1,-6.42646e-101,372.371,372.434,47.1435,46.5726,6735.22,115.853
29.78,28,0,3,1,1,0,0,1,-5.31113e-101,372.346,372.408,47.1403,45.2434,6735.58,116.137
29.8,28,0,3,1,1,0,0,1,-4.38936e-101,372.321,372.383,47.1371,49.1158,6738.99,115.735
29.82,28,0,3,1,1,0,0,1,-3.62757e-101,372.296,372.358,47.134,47.3076,6742.05,115.807
29.84,28,0,3,1,1,0,0,1,-2.99799e-101,372.271,372.333,47.1308,48.7697,6735.01,115.967
29.86,28,0,3,1,1,0,0,1,-2.47768e-101,372.246,372.308,47.1276,49.8695,6736.23,115.864
29.88,28,0,3,1,1,0,0,1,-2.04767e-101,372.221,372.283,47.1244,47.6369,6735.37,116.088
29.9,28,0,3,1,1,0,0,1,-1.69229e-101,372.196,372.258,47.1213,45.205,6744.32,115.867
29.92,28,0,3,1,1,0,0,1,-1.39859e-101,372.171,372.233,47.1181,46.373,6740.45,116.023
29.94,28,0,3,1,1,0,0,1,-1.15586e-101,372.146,372.208,47.1149,46.8165,6747.66,115.805
29.96,28,0,3,1,1,0,0,1,-9.55253e-102,372.121,372.183,47.1118,47.5027,6752.91,115.932
29.98,28,0,3,1,1,0,0,1,-7.89465e-102,372.096,372.158,47.1086,45.9831,6745.79,115.774
30,28,0,3,1,1,0,0,1,-6.52451e-102,372.071,372.133,47.1055,46.8957,6742.56,115.885
30.02,28,0,3,1,1,0,0,1,-5.39215e-102,372.046,372.108,47.1023,46.6536,6742.67,115.812
30.04,28,0,3,1,1,0,0,1,-4.45633e-102,372.021,372.083,47.0991,48.3411,6749.06,115.9
30.06,28,0,3,1,1,0,0,1,-3.68291e-102,371.996,372.058,47.096,46.1759,6745.34,115.793
30.08,28,0,3,1,1,0,0,1,-3.04373e-102,371.971,372.033,47.0928,48.9264,6755.69,115.755
30.1,28,0,3,1,1,0,0,1,-2.51548e-102,371.946,372.009,47.0897,47.4653,6748.03,115.837
30.12,28,0,3,1,1,0,0,1,-2.07891e-102,371.921,371.984,47.0865,47.1528,6753.79,115.925
30.14,28,0,3,1,1,0,0,1,-1.71811e-102,371.897,371.959,47.0834,48.209,6749.14,115.985
30.16,28,0,3,1,1,0,0,1,-1.41992e-102,371.872,371.934,47.0802,50.0661,6751.5,115.95
30.18,28,0,3,1,1,0,0,1,-1.17349e-102,371.847,371.909,47.0771,47.3712,6751.37,115.811
30.2,28,0,3,1,1,0,0,1,-9.69826e-103,371.822,371.884,47.074,46.4405,6749.49,116.135
30.22,28,0,3,1,1,0,0,1,-8.01509e-103,371.797,371.859,47.0708,48.069,6745.97,115.956
30.24,28,0,3,1,1,0,0,1,-6.62404e-103,371.773,371.835,47.0677,44.4579,6745.49,115.828
30.26,28,0,3,1,1,0,0,1,-5.47442e-103,371.748,371.81,47.0645,50.5972,6746.86,115.955
30.28,28,0,3,1,1,0,0,1,-4.52431e-103,371.723,371.785,47.0614,46.8869,6752.81,115.898
30.3,28,0,3,1,1,0,0,1,-3.7391e-103,371.698,371.76,47.0583,47.8835,6741.34,115.842
30.32,28,0,3,1,1,0,0,1,-3.09017e-103,371.674,371.736,47.0551,46.4656,6746.35,116.155
30.34,28,0,3,1,1,0,0,1,-2.55386e-103,371.649,371.711,47.052,47.6303,6754.86,116.04
30.36,28,0,3,1,1,0,0,1,-2.11062e-103,371.624,371.686,47.0489,48.5619,6755.32,115.97
30.38,28,0,3,1,1,0,0,1,-1.74432e-103,371.6,371.661,47.0458,47.3139,6751.91,115.681
30.4,28,0,3,1,1,0,0,1,-1.44159e-103,371.575,371.637,47.0426,47.8204,6756.9,115.957
30.42,28,0,3,1,1,0,0,1,-1.19139e-103,371.55,371.612,47.0395,45.2566,6749.78,116.236
30.44,28,0,3,1,1,0,0,1,-9.84622e-104,371.526,371.587,47.0364,50.0518,6763.49,116.181
30.46,28,0,3,1,1,0,0,1,-8.13737e-104,371.501,371.563,47.0333,48.6809,6757.54,115.945
30.48,28,0,3,1,1,0,0,1,-6.7251e-104,371.477,371.538,47.0301,45.7399,6753.85,116.007
30.5,28,0,3,1,1,0,0,1,-5.55793e-104,371.452,371.513,47.027,46.1988,6754.78,115.977
30.52,28,0,3,1,1,0,0,1,-4.59333e-104,371.427,371.489,47.0239,44.8532,6753.24,115.765
30.54,28,0,3,1,1,0,0,1,-3.79614e-104,371.403,371.464,47.0208,49.173,6753.14,115.948
30.56,28,0,3,1,1,0,0,1,-3.13731e-104,371.378,371.44,47.0177,42.2648,6755.48,116.141
30.58,28,0,3,1,1,0,0,1,-2.59282e-104,371.354,371.415,47.0146,48.9391,6756.76,116.113
30.6,28,0,3,1,1,0,0,1,-2.14282e-104,371.329,371.391,47.0115,44.7459,6751.97,116.068
30.62,28,0,3,1,1,0,0,1,-1.77093e-104,371.305,371.366,47.0084,49.5998,6750.59,116.097
30.64,28,0,3,1,1,0,0,1,-1.46358e-104,371.28,371.341,47.0053,47.0361,6758.15,116.181
30.66,28,0,3,1,1,0,0,1,-1.20957e-104,371.256,371.317,47.0021,47.688,6753.5,115.972
30.68,28,0,3,1,1,0,0,1,-9.99643e-105,371.231,371.292,46.999,44.241,6768.78,116.143
30.7,28,0,3,1,1,0,0,1,-8.26152e-105,371.207,371.268,46.9959,46.718,6758.65,116.234
30.72,28,0,3,1,1,0,0,1,-6.8277e-105,371.182,371.244,46.9928,45.5008,6763.79,116.2
30.74,28,0,3,1,1,0,0,1,-5.64273e-105,371.158,371.219,46.9898,46.1572,6754.71,116.115
30.76,28,0,3,1,1,0,0,1,-4.66341e-105,371.133,371.195,46.9867,45.2946,6759.62,116.172
30.78,28,0,3,1,1,0,0,1,-3.85406e-105,371.109,371.17,46.9836,45.6311,6761.39,116.171
30.8,28,0,3,1,1,0,0,1,-3.18517e-105,371.085,371.146,46.9805,45.2289,6757.99,116.406
30.82,28,0,3,1,1,0,0,1,-2.63237e-105,371.06,371.121,46.9774,47.4623,6745.56,115.994
30.84,28,0,3,1,1,0,0,1,-2.17552e-105,371.036,371.097,46.9743,46.4186,6759.19,116.388
30.86,28,0,3,1,1,0,0,1,-1.79795e-105,371.012,371.073,46.9712,44.7097,6764.41,115.924
30.88,28,0,3,1,1,0,0,1,-1.48591e-105,370.987,371.048,46.9681,49.0849,6766.57,116.222
30.9,28,0,3,1,1,0,0,1,-1.22802e-105,370.963,371.024,46.965,49.365,6764.83,116.341
30.92,28,0,3,1,1,0,0,1,-1.01489e-105,370.939,370.999,46.962,46.133,6758.62,116.251
30.94,28,0,3,1,1,0,0,1,-8.38755e-106,370.914,370.975,46.9589,50.7784,6750.92,116.207
30.96,28,0,3,1,1,0,0,1,-6.93186e-106,370.89,370.951,46.9558,47.9664,6766.2,116.089
30.98,28,0,3,1,1,0,0,1,-5.72881e-106,370.866,370.926,46.9527,47.1229,6760.57,116.242
31,28,0,3,1,1,0,0,1,-4.73456e-106,370.841,370.902,46.9496,47.5123,6756.4,116.002
31.02,28,0,3,1,1,0,0,1,-3.91286e-106,370.817,370.878,46.9466,45.6333,6754.98,116.191
31.04,28,0,3,1,1,0,0,1,-3.23376e-106,370.793,370.854,46.9435,47.2399,6775.88,116.202
31.06,28,0,3,1,1,0,0,1,-2.67253e-106,370.769,370.829,46.9404,47.2018,6770.63,116.197
31.08,28,0,3,1,1,0,0,1,-2.2087e-106,370.745,370.805,46.9374,48.3526,6764.79,116.003
31.1,28,0,3,1,1,0,0,1,-1.82538e-106,370.72,370.781,46.9343,50.0487,6766,116.272
31.12,28,0,3,1,1,0,0,1,-1.50858e-106,370.696,370.757,46.9312,49.6251,6764.76,116.345
31.14,28,0,3,1,1,0,0,1,-1.24676e-106,370.672,370.733,46.9282,46.9,6764.79,116.456
31.16,28,0,3,1,1,0,0,1,-1.03038e-106,370.648,370.708,46.9251,47.8822,6765.42,116.555
31.18,28,0,3,1,1,0,0,1,-8.51551e-107,370.624,370.684,46.922,46.6717,6765.96,116.479
31.2,28,0,3,1,1,0,0,1,-7.03761e-107,370.6,370.66,46.919,46.7411,6764.25,116.466
31.22,28,0,3,1,1,0,0,1,-5.81621e-107,370.575,370.636,46.9159,45.8672,6769.65,116.173
31.24,28,0,3,1,1,0,0,1,-4.80679e-107,370.551,370.612,46.9129,46.8438,6771.11,116.201
31.26,28,0,3,1,1,0,0,1,-3.97255e-107,370.527,370.588,46.9098,50.1647,6777.77,116.158
31.28,28,0,3,1,1,0,0,1,-3.2831e-107,370.503,370.563,46.9068,47.1997,6773.45,116.428
31.3,28,0,3,1,1,0,0,1,-2.71331e-107,370.479,370.539,46.9037,44.2125,6764.21,116.145
31.32,28,0,3,1,1,0,0,1,-2.2424e-107,370.455,370.515,46.9007,47.7233,6773.74,116.747
31.34,28,0,3,1,1,0,0,1,-1.85322e-107,370.431,370.491,46.8976,48.0007,6766.45,116.27
31.36,28,0,3,1,1,0,0,1,-1.53159e-107,370.407,370.467,46.8946,45.5148,6769.58,116.165
31.38,28,0,3,1,1,0,0,1,-1.26578e-107,370.383,370.443,46.8915,45.9998,6768.62,115.979
31.4,28,0,3,1,1,0,0,1,-1.0461e-107,370.359,370.419,46.8885,48.1826,6773.56,116.427
31.42,28,0,3,1,1,0,0,1,-8.64543e-108,370.335,370.395,46.8854,48.7139,6777.46,116.148
31.44,28,0,3,1,1,0,0,1,-7.14498e-108,370.311,370.371,46.8824,45.8922,6763.19,116.332
31.46,28,0,3,1,1,0,0,1,-5.90494e-108,370.287,370.347,46.8794,46.7691,6781.57,116.419
31.48,28,0,3,1,1,0,0,1,-4.88012e-108,370.263,370.323,46.8763,47.2091,6774.93,116.097
31.5,28,0,3,1,1,0,0,1,-4.03316e-108,370.239,370.299,46.8733,48.6609,6768.48,116.537
31.52,28,0,3,1,1,0,0,1,-3.33319e-108,370.215,370.275,46.8703,45.4672,6770.68,116.237
31.54,28,0,3,1,1,0,0,1,-2.7547e-108,370.191,370.251,46.8672,45.2625,6778.97,116.277
31.56,28,0,3,1,1,0,0,1,-2.27661e-108,370.167,370.227,46.8642,47.7282,6782.63,116.28
31.58,28,0,3,1,1,0,0,1,-1.8815e-108,370.144,370.203,46.8612,43.8966,6782.42,116.644
31.6,28,0,3,1,1,0,0,1,-1.55496e-108,370.12,370.179,46.8582,47.562,6773.06,116.535
31.62,28,0,3,1,1,0,0,1,-1.28509e-108,370.096,370.156,46.8551,44.3154,6772.38,116.396
31.64,28,0,3,1,1,0,0,1,-1.06206e-108,370.072,370.132,46.8521,49.69,6770.73,116.371
31.66,28,0,3,1,1,0,0,1,-8.77732e-109,370.048,370.108,46.8491,46.6226,6781.92,116.446
31.68,28,0,3,1,1,0,0,1,-7.25398e-109,370.024,370.084,46.8461,45.7229,6768.05,116.316
31.7,28,0,3,1,1,0,0,1,-5.99503e-109,370.001,370.06,46.8431,47.182,6773.96,116.59
31.72,28,0,3,1,1,0,0,1,-4.95457e-109,369.977,370.036,46.84,45.4709,6780.03,116.661
31.74,28,0,3,1,1,0,0,1,-4.09468e-109,369.953,370.013,46.837,46.3395,6775.13,116.521
31.76,28,0,3,1,1,0,0,1,-3.38404e-109,369.929,369.989,46.834,46.6125,6780.7,116.392
31.78,28,0,3,1,1,0,0,1,-2.79672e-109,369.905,369.965,46.831,47.2399,6774.16,116.352
31.8,28,0,3,1,1,0,0,1,-2.31134e-109,369.882,369.941,46.828,49.3483,6780.34,116.469
31.82,28,0,3,1,1,0,0,1,-1.9102e-109,369.858,369.917,46.825,46.3604,6771.74,116.481
31.84,28,0,3,1,1,0,0,1,-1.57868e-109,369.834,369.894,46.822,44.8788,6780.43,116.579
31.86,28,0,3,1,1,0,0,1,-1.30469e-109,369.811,369.87,46.819,45.8259,6781.45,116.367
31.88,28,0,3,1,1,0,0,1,-1.07826e-109,369.787,369.846,46.816,45.932,6776.95,116.568
31.9,28,0,3,1,1,0,0,1,-8.91123e-110,369.763,369.822,46.813,47.0288,6776.02,116.476
31.92,28,0,3,1,1,0,0,1,-7.36465e-110,369.74,369.799,46.81,48.6328,6784.07,116.616
31.94,28,0,3,1,1,0,0,1,-6.08649e-110,369.716,369.775,46.807,46.4135,6785.24,116.819
31.96,28,0,3,1,1,0,0,1,-5.03016e-110,369.692,369.751,46.804,47.9471,6784.09,116.317
31.98,28,0,3,1,1,0,0,1,-4.15715e-110,369.669,369.728,46.801,42.2712,6779.33,116.628
32,28,0,3,1,1,0,0,1,-3.43566e-110,369.645,369.704,46.798,46.6775,6775.5,116.341
32.02,28,0,3,1,1,0,0,1,-2.83939e-110,369.621,369.681,46.795,46.9302,6784.36,116.411
32.04,28,0,3,1,1,0,0,1,-2.3466e-110,369.598,369.657,46.792,48.1502,6779.52,116.505
32.06,28,0,3,1,1,0,0,1,-1.93934e-110,369.574,369.633,46.789,46.6831,6783.12,116.547
32.08,28,0,3,1,1,0,0,1,-1.60276e-110,369.551,369.61,46.786,48.1108,6787.14,116.556
32.1,28,0,3,1,1,0,0,1,-1.3246e-110,369.527,369.586,46.7831,45.3834,6778.34,116.845
32.12,28,0,3,1,1,0,0,1,-1.09471e-110,369.504,369.563,46.7801,45.3977,6783.52,116.493
32.14,28,0,3,1,1,0,0,1,-9.04718e-111,369.48,369.539,46.7771,48.2205,6777.72,116.613
32.16,28,0,3,1,1,0,0,1,-7.47701e-111,369.457,369.515,46.7741,48.8083,6792.8,116.375
32.18,28,0,3,1,1,0,0,1,-6.17934e-111,369.433,369.492,46.7711,47.3964,6792.8,116.431
32.2,28,0,3,1,1,0,0,1,-5.1069e-111,369.41,369.468,46.7682,45.4145,6781.98,116.691
32.22,28,0,3,1,1,0,0,1,-4.22057e-111,369.386,369.445,46.7652,47.5179,6780.13,116.668
32.24,28,0,3,1,1,0,0,1,-3.48808e-111,369.363,369.421,46.7622,46.3293,6795.07,116.494
32.26,28,0,3,1,1,0,0,1,-2.88271e-111,369.339,369.398,46.7592,42.5284,6796.33,116.637
32.28,28,0,3,1,1,0,0,1,-2.3824e-111,369.316,369.374,46.7563,47.5511,6784.25,116.742
32.3,28,0,3,1,1,0,0,1,-1.96893e-111,369.292,369.351,46.7533,44.0276,6789.54,116.467
32.32,28,0,3,1,1,0,0,1,-1.62721e-111,369.269,369.328,46.7503,46.571,6794.65,116.482
32.34,28,0,3,1,1,0,0,1,-1.34481e-111,369.246,369.304,46.7474,47.2646,6792.88,116.668
32.36,28,0,3,1,1,0,0,1,-1.11141e-111,369.222,369.281,46.7444,46.9788,6792.18,116.827
32.38,28,0,3,1,1,0,0,1,-9.1852e-112,369.199,369.257,46.7414,46.1548,6788.78,116.619
32.4,28,0,3,1,1,0,0,1,-7.59107e-112,369.175,369.234,46.7385,47.3958,6788.57,116.685
32.42,28,0,3,1,1,0,0,1,-6.27362e-112,369.152,369.211,46.7355,43.7061,6787.87,116.803
32.44,28,0,3,1,1,0,0,1,-5.18481e-112,369.129,369.187,46.7326,48.8474,6769.27,116.773
32.46,28,0,3,1,1,0,0,1,-4.28496e-112,369.105,369.164,46.7296,44.9452,6792.76,116.929
32.48,28,0,3,1,1,0,0,1,-3.54129e-112,369.082,369.141,46.7266,46.8336,6789.96,116.795
32.5,28,0,3,1,1,0,0,1,-2.92669e-112,369.059,369.117,46.7237,45.3344,6788.53,116.458
32.52,28,0,3,1,1,0,0,1,-2.41875e-112,369.036,369.094,46.7207,46.6297,6793.6,116.557
32.54,28,0,3,1,1,0,0,1,-1.99897e-112,369.012,369.071,46.7178,47.5519,6786.21,116.53
32.56,28,0,3,1,1,0,0,1,-1.65204e-112,368.989,369.047,46.7148,47.5059,6792.58,116.659
32.58,28,0,3,1,1,0,0,1,-1.36532e-112,368.966,369.024,46.7119,45.5158,6793.93,116.713
32.6,28,0,3,1,1,0,0,1,-1.12836e-112,368.943,369.001,46.709,47.8861,6805.3,116.755
32.62,28,0,3,1,1,0,0,1,-9.32533e-113,368.919,368.978,46.706,48.2391,6796.47,116.671
32.64,28,0,3,1,1,0,0,1,-7.70688e-113,368.896,368.954,46.7031,42.8759,6785.78,116.727
32.66,28,0,3,1,1,0,0,1,-6.36933e-113,368.873,368.931,46.7001,46.736,6794.44,116.661
32.68,28,0,3,1,1,0,0,1,-5.26391e-113,368.85,368.908,46.6972,43.2647,6795.7,116.779
32.7,28,0,3,1,1,0,0,1,-4.35034e-113,368.827,368.885,46.6943,48.8228,6792.84,116.789
32.72,28,0,3,1,1,0,0,1,-3.59532e-113,368.804,368.861,46.6913,47.0629,6800.72,116.734
32.74,28,0,3,1,1,0,0,1,-2.97134e-113,368.78,368.838,46.6884,46.9452,6801.49,116.814
32.76,28,0,3,1,1,0,0,1,-2.45565e-113,368.757,368.815,46.6855,47.4076,6794.39,116.722
32.78,28,0,3,1,1,0,0,1,-2.02946e-113,368.734,368.792,46.6825,45.6552,6793.13,116.782
32.8,28,0,3,1,1,0,0,1,-1.67724e-113,368.711,368.769,46.6796,46.1793,6803.11,116.674
32.82,28,0,3,1,1,0,0,1,-1.38615e-113,368.688,368.746,46.6767,46.3394,6798.08,116.948
32.84,28,0,3,1,1,0,0,1,-1.14558e-113,368.665,368.723,46.6737,44.9411,6803.82,116.667
32.86,28,0,3,1,1,0,0,1,-9.4676e-114,368.642,368.7,46.6708,45.5994,6791.92,116.916
32.88,28,0,3,1,1,0,0,1,-7.82446e-114,368.619,368.676,46.6679,44.6644,6801.33,116.765
32.9,28,0,3,1,1,0,0,1,-6.4665e-114,368.596,368.653,46.665,45.0871,6802.05,116.635
32.92,28,0,3,1,1,0,0,1,-5.34421e-114,368.573,368.63,46.6621,45.6922,6791.78,116.726
32.94,28,0,3,1,1,0,0,1,-4.4167e-114,368.55,368.607,46.6591,48.5843,6797.93,116.994
32.96,28,0,3,1,1,0,0,1,-3.65017e-114,368.527,368.584,46.6562,47.7035,6808.61,116.661
32.98,28,0,3,1,1,0,0,1,-3.01667e-114,368.504,368.561,46.6533,44.2247,6804.11,117.198
33,28,0,3,1,1,0,0,1,-2.49311e-114,368.481,368.538,46.6504,46.8294,6803.28,116.84
33.02,28,0,3,1,1,0,0,1,-2.06042e-114,368.458,368.515,46.6475,49.2582,6801.58,117.084
33.04,28,0,3,1,1,0,0,1,-1.70283e-114,368.435,368.492,46.6446,46.6822,6799.39,116.923
33.06,28,0,3,1,1,0,0,1,-1.4073e-114,368.412,368.469,46.6417,48.5054,6806.54,116.735
33.08,28,0,3,1,1,0,0,1,-1.16306e-114,368.389,368.446,46.6388,45.5541,6795.75,116.914
33.1,28,0,3,1,1,0,0,1,-9.61203e-115,368.366,368.423,46.6359,46.1318,6807.94,116.917
33.12,28,0,3,1,1,0,0,1,-7.94383e-115,368.343,368.4,46.633,46.5694,6808.67,116.777
33.14,28,0,3,1,1,0,0,1,-6.56515e-115,368.32,368.377,46.6301,47.3818,6801.42,117.093
33.16,28,0,3,1,1,0,0,1,-5.42574e-115,368.297,368.355,46.6272,47.4558,6813.97,117.097
33.18,28,0,3,1,1,0,0,1,-4.48408e-115,368.274,368.332,46.6243,49.6382,6811.78,116.914
33.2,28,0,3,1,1,0,0,1,-3.70586e-115,368.252,368.309,46.6214,44.5395,6814.09,117.014
33.22,28,0,3,1,1,0,0,1,-3.06269e-115,368.229,368.286,46.6185,46.6355,6794.57,117.154
33.24,28,0,3,1,1,0,0,1,-2.53115e-115,368.206,368.263,46.6156,47.0431,6810.95,116.876
33.26,28,0,3,1,1,0,0,1,-2.09186e-115,368.183,368.24,46.6127,45.9794,6809.43,116.832
33.28,28,0,3,1,1,0,0,1,-1.72881e-115,368.16,368.217,46.6098,46.3675,6800.43,117.073
33.3,28,0,3,1,1,0,0,1,-1.42877e-115,368.137,368.195,46.6069,48.7235,6805.94,117.213
33.32,28,0,3,1,1,0,0,1,-1.1808e-115,368.115,368.172,46.604,47.3948,6805.5,117.192
33.34,28,0,3,1,1,0,0,1,-9.75867e-116,368.092,368.149,46.6011,46.0228,6801.66,117.202
33.36,28,0,3,1,1,0,0,1,-8.06502e-116,368.069,368.126,46.5982,45.5198,6801.99,116.985
33.38,28,0,3,1,1,0,0,1,-6.66531e-116,368.046,368.103,46.5954,47.9233,6804.49,116.954
33.4,28,0,3,1,1,0,0,1,-5.50852e-116,368.024,368.081,46.5925,45.6288,6813.61,116.943
33.42,28,0,3,1,1,0,0,1,-4.55249e-116,368.001,368.058,46.5896,45.8116,6811.5,116.747
33.44,28,0,3,1,1,0,0,1,-3.76239e-116,367.978,368.035,46.5867,46.8878,6813.56,116.914
33.46,28,0,3,1,1,0,0,1,-3.10941e-116,367.956,368.012,46.5838,48.1941,6820.59,116.834
33.48,28,0,3,1,1,0,0,1,-2.56976e-116,367.933,367.99,46.581,44.9563,6809.57,116.875
33.5,28,0,3,1,1,0,0,1,-2.12377e-116,367.91,367.967,46.5781,47.5126,6807,116.883
33.52,28,0,3,1,1,0,0,1,-1.75518e-116,367.888,367.944,46.5752,45.4003,6805.52,117.158
33.54,28,0,3,1,1,0,0,1,-1.45056e-116,367.865,367.922,46.5724,45.9843,6818.78,116.94
33.56,28,0,3,1,1,0,0,1,-1.19881e-116,367.842,367.899,46.5695,46.5205,6811.33,116.909
33.58,28,0,3,1,1,0,0,1,-9.90755e-117,367.82,367.876,46.5666,44.055,6810.14,117.181
33.6,28,0,3,1,1,0,0,1,-8.18806e-117,367.797,367.854,46.5638,47.4853,6805.76,117.126
33.62,28,0,3,1,1,0,0,1,-6.76699e-117,367.774,367.831,46.5609,46.4999,6805.41,117.234
33.64,28,0,3,1,1,0,0,1,-5.59256e-117,367.752,367.808,46.558,47.6808,6810.06,117.235
33.66,28,0,3,1,1,0,0,1,-4.62195e-117,367.729,367.786,46.5552,48.0164,6814.45,116.91
33.68,28,0,3,1,1,0,0,1,-3.81979e-117,367.707,367.763,46.5523,46.0131,6818.88,116.904
33.7,28,0,3,1,1,0,0,1,-3.15685e-117,367.684,367.741,46.5494,43.4619,6812.91,117.057
33.72,28,0,3,1,1,0,0,1,-2.60897e-117,367.662,367.718,46.5466,47.4093,6811.72,116.88
33.74,28,0,3,1,1,0,0,1,-2.15617e-117,367.639,367.696,46.5437,47.0857,6827.2,116.985
33.76,28,0,3,1,1,0,0,1,-1.78196e-117,367.617,367.673,46.5409,45.9476,6811.94,117.061
33.78,28,0,3,1,1,0,0,1,-1.47269e-117,367.594,367.65,46.538,46.7026,6815.96,116.878
33.8,28,0,3,1,1,0,0,1,-1.2171e-117,367.572,367.628,46.5352,47.0081,6818.04,117.42
33.82,28,0,3,1,1,0,0,1,-1.00587e-117,367.549,367.605,46.5323,47.5075,6822,117.089
33.84,28,0,3,1,1,0,0,1,-8.31298e-118,367.527,367.583,46.5295,47.7018,6818.03,117.059
33.86,28,0,3,1,1,0,0,1,-6.87023e-118,367.504,367.56,46.5266,48.873,6818.71,117.132
33.88,28,0,3,1,1,0,0,1,-5.67788e-118,367.482,367.538,46.5238,46.2637,6826.16,117.082
33.9,28,0,3,1,1,0,0,1,-4.69246e-118,367.459,367.516,46.521,47.0857,6821.42,117.174
33.92,28,0,3,1,1,0,0,1,-3.87807e-118,367.437,367.493,46.5181,45.8119,6820.27,117.15
33.94,28,0,3,1,1,0,0,1,-3.20501e-118,367.415,367.471,46.5153,45.3452,6822.29,117.155
33.96,28,0,3,1,1,0,0,1,-2.64877e-118,367.392,367.448,46.5124,42.6186,6813.97,117.404
33.98,28,0,3,1,1,0,0,1,-2.18907e-118,367.37,367.426,46.5096,46.9325,6820.91,117.061
34,28,0,3,1,1,0,0,1,-1.80915e-118,367.347,367.403,46.5068,45.952,6823.69,117.238
34.02,28,0,3,1,1,0,0,1,-1.49516e-118,367.325,367.381,46.5039,47.2093,6816.77,117.06
34.04,28,0,3,1,1,0,0,1,-1.23567e-118,367.303,367.359,46.5011,47.0585,6831.25,117.315
34.06,28,0,3,1,1,0,0,1,-1.02122e-118,367.28,367.336,46.4983,43.724,6822.94,116.97
34.08,28,0,3,1,1,0,0,1,-8.4398e-119,367.258,367.314,46.4954,47.2102,6819.17,117.14
34.1,28,0,3,1,1,0,0,1,-6.97504e-119,367.236,367.292,46.4926,47.7017,6822.26,117.099
34.12,28,0,3,1,1,0,0,1,-5.7645e-119,367.214,367.269,46.4898,45.6516,6823.78,117.128
34.14,28,0,3,1,1,0,0,1,-4.76405e-119,367.191,367.247,46.487,46.0335,6820.63,117.153
34.16,28,0,3,1,1,0,0,1,-3.93723e-119,367.169,367.225,46.4841,45.4139,6820.01,117.318
34.18,28,0,3,1,1,0,0,1,-3.25391e-119,367.147,367.202,46.4813,46.195,6823.58,117.476
34.2,28,0,3,1,1,0,0,1,-2.68918e-119,367.125,367.18,46.4785,46.6772,6818.99,117.313
34.22,28,0,3,1,1,0,0,1,-2.22246e-119,367.102,367.158,46.4757,46.3638,6821.6,117.262
34.24,28,0,3,1,1,0,0,1,-1.83675e-119,367.08,367.136,46.4729,46.1076,6821.86,117.341
34.26,28,0,3,1,1,0,0,1,-1.51797e-119,367.058,367.113,46.4701,47.4563,6824.01,117.285
34.28,28,0,3,1,1,0,0,1,-1.25452e-119,367.036,367.091,46.4672,44.5446,6830.98,117.517
34.3,28,0,3,1,1,0,0,1,-1.0368e-119,367.013,367.069,46.4644,48.3976,6818.31,117.229
34.32,28,0,3,1,1,0,0,1,-8.56856e-120,366.991,367.047,46.4616,47.0719,6835.28,117.277
34.34,28,0,3,1,1,0,0,1,-7.08145e-120,366.969,367.025,46.4588,47.1116,6825.77,117.142
34.36,28,0,3,1,1,0,0,1,-5.85244e-120,366.947,367.002,46.456,48.5163,6827.2,117.184
34.38,28,0,3,1,1,0,0,1,-4.83673e-120,366.925,366.98,46.4532,47.291,6828.34,117.465
34.4,28,0,3,1,1,0,0,1,-3.9973e-120,366.903,366.958,46.4504,46.4757,6832.88,117.383
34.42,28,0,3,1,1,0,0,1,-3.30355e-120,366.881,366.936,46.4476,46.0315,6833.13,117.623
34.44,28,0,3,1,1,0,0,1,-2.73021e-120,366.859,366.914,46.4448,44.8897,6825.5,117.345
34.46,28,0,3,1,1,0,0,1,-2.25637e-120,366.836,366.892,46.442,45.0038,6823.54,117.322
34.48,28,0,3,1,1,0,0,1,-1.86477e-120,366.814,366.87,46.4392,43.8708,6817.86,117.599
34.5,28,0,3,1,1,0,0,1,-1.54113e-120,366.792,366.848,46.4364,46.4963,6817.51,117.259
34.52,28,0,3,1,1,0,0,1,-1.27366e-120,366.77,366.825,46.4336,45.0601,6829.65,117.09
34.54,28,0,3,1,1,0,0,1,-1.05261e-120,366.748,366.803,46.4308,47.0779,6832.31,117.138
34.56,28,0,3,1,1,0,0,1,-8.69928e-121,366.726,366.781,46.428,47.1857,6827.65,117.391
34.58,28,0,3,1,1,0,0,1,-7.18949e-121,366.704,366.759,46.4252,44.5747,6827.61,117.203
34.6,28,0,3,1,1,0,0,1,-5.94172e-121,366.682,366.737,46.4224,45.2052,6836.19,117.378
34.62,28,0,3,1,1,0,0,1,-4.91052e-121,366.66,366.715,46.4197,46.034,6836.04,117.137
34.64,28,0,3,1,1,0,0,1,-4.05828e-121,366.638,366.693,46.4169,46.3803,6818.84,117.652
34.66,28,0,3,1,1,0,0,1,-3.35395e-121,366.616,366.671,46.4141,46.3155,6844.53,117.685
34.68,28,0,3,1,1,0,0,1,-2.77186e-121,366.594,366.649,46.4113,47.0719,6827.1,117.401
34.7,28,0,3,1,1,0,0,1,-2.29079e-121,366.572,366.627,46.4085,46.3177,6820.41,117.392
34.72,28,0,3,1,1,0,0,1,-1.89322e-121,366.55,366.605,46.4057,48.2296,6834.76,117.351
34.74,28,0,3,1,1,0,0,1,-1.56464e-121,366.529,366.583,46.403,44.8549,6832.46,117.225
34.76,28,0,3,1,1,0,0,1,-1.29309e-121,366.507,366.561,46.4002,45.8732,6842.57,117.3
34.78,28,0,3,1,1,0,0,1,-1.06867e-121,366.485,366.54,46.3974,47.9637,6839.97,117.632
34.8,28,0,3,1,1,0,0,1,-8.832e-122,366.463,366.518,46.3946,45.5328,6830.3,117.357
34.82,28,0,3,1,1,0,0,1,-7.29917e-122,366.441,366.496,46.3919,47.1905,6834.1,117.63
34.84,28,0,3,1,1,0,0,1,-6.03237e-122,366.419,366.474,46.3891,41.8817,6821.65,117.206
34.86,28,0,3,1,1,0,0,1,-4.98543e-122,366.397,366.452,46.3863,47.684,6831.24,117.394
34.88,28,0,3,1,1,0,0,1,-4.12019e-122,366.375,366.43,46.3836,47.873,6832.58,117.255
34.9,28,0,3,1,1,0,0,1,-3.40512e-122,366.354,366.408,46.3808,45.3365,6842.72,117.597
34.92,28,0,3,1,1,0,0,1,-2.81415e-122,366.332,366.386,46.378,45.8863,6842.46,117.236
34.94,28,0,3,1,1,0,0,1,-2.32574e-122,366.31,366.365,46.3753,46.1301,6844.23,117.421
34.96,28,0,3,1,1,0,0,1,-1.9221e-122,366.288,366.343,46.3725,44.4374,6832.22,117.351
34.98,28,0,3,1,1,0,0,1,-1.58851e-122,366.266,366.321,46.3697,46.938,6840.16,117.712
35,28,0,3,1,1,0,0,1,-1.31282e-122,366.245,366.299,46.367,44.8394,6837.37,117.296
35.02,28,0,3,1,1,0,0,1,-1.08498e-122,366.223,366.277,46.3642,45.7598,6835.88,117.472
35.04,28,0,3,1,1,0,0,1,-8.96674e-123,366.201,366.256,46.3615,46.2454,6850.36,117.494
35.06,28,0,3,1,1,0,0,1,-7.41053e-123,366.179,366.234,46.3587,46.2383,6839.94,117.314
35.08,28,0,3,1,1,0,0,1,-6.1244e-123,366.158,366.212,46.356,46.2868,6839.64,117.566
35.1,28,0,3,1,1,0,0,1,-5.06149e-123,366.136,366.19,46.3532,44.663,6837.24,117.624
35.12,28,0,3,1,1,0,0,1,-4.18305e-123,366.114,366.169,46.3505,44.8271,6850.05,117.716
35.14,28,0,3,1,1,0,0,1,-3.45706e-123,366.093,366.147,46.3477,46.181,6841.36,117.827
35.16,28,0,3,1,1,0,0,1,-2.85708e-123,366.071,366.125,46.345,48.2591,6844.48,117.505
35.18,28,0,3,1,1,0,0,1,-2.36122e-123,366.049,366.104,46.3422,46.4943,6831.23,117.845
35.2,28,0,3,1,1,0,0,1,-1.95142e-123,366.028,366.082,46.3395,46.0311,6841.57,117.617
35.22,28,0,3,1,1,0,0,1,-1.61275e-123,366.006,366.06,46.3367,42.9317,6843.09,117.739
35.24,28,0,3,1,1,0,0,1,-1.33285e-123,365.984,366.039,46.334,45.8953,6851.08,117.337
35.26,28,0,3,1,1,0,0,1,-1.10153e-123,365.963,366.017,46.3313,45.8832,6837.81,117.419
35.28,28,0,3,1,1,0,0,1,-9.10353e-124,365.941,365.995,46.3285,45.7839,6839.8,117.474
35.3,28,0,3,1,1,0,0,1,-7.52358e-124,365.92,365.974,46.3258,47.91,6845.54,117.388
35.32,28,0,3,1,1,0,0,1,-6.21783e-124,365.898,365.952,46.3231,45.1445,6847.75,117.597
35.34,28,0,3,1,1,0,0,1,-5.13871e-124,365.877,365.931,46.3203,45.988,6845.75,117.695
35.36,28,0,3,1,1,0,0,1,-4.24686e-124,365.855,365.909,46.3176,45.0256,6837.33,117.448
35.38,28,0,3,1,1,0,0,1,-3.50981e-124,365.833,365.887,46.3149,48.5873,6830.55,117.487
35.4,28,0,3,1,1,0,0,1,-2.90067e-124,365.812,365.866,46.3121,45.7633,6847.27,117.462
35.42,28,0,3,1,1,0,0,1,-2.39724e-124,365.79,365.844,46.3094,47.2611,6848.97,117.504
35.44,28,0,3,1,1,0,0,1,-1.98119e-124,365.769,365.823,46.3067,47.8325,6850.28,117.743
35.46,28,0,3,1,1,0,0,1,-1.63735e-124,365.747,365.801,46.304,46.8001,6840.74,117.706
35.48,28,0,3,1,1,0,0,1,-1.35318e-124,365.726,365.78,46.3012,44.1442,6839.79,117.617
35.5,28,0,3,1,1,0,0,1,-1.11833e-124,365.704,365.758,46.2985,45.7363,6840.89,117.427
35.52,28,0,3,1,1,0,0,1,-9.24242e-125,365.683,365.737,46.2958,45.2682,6847.11,117.832
35.54,28,0,3,1,1,0,0,1,-7.63836e-125,365.662,365.715,46.2931,47.9053,6850.28,117.276
35.56,28,0,3,1,1,0,0,1,-6.31269e-125,365.64,365.694,46.2904,41.993,6856.16,117.751
35.58,28,0,3,1,1,0,0,1,-5.2171e-125,365.619,365.672,46.2876,46.5167,6855.17,117.764
35.6,28,0,3,1,1,0,0,1,-4.31166e-125,365.597,365.651,46.2849,46.8772,6848.9,117.706
35.62,28,0,3,1,1,0,0,1,-3.56335e-125,365.576,365.629,46.2822,44.859,6852.52,117.629
35.64,28,0,3,1,1,0,0,1,-2.94492e-125,365.555,365.608,46.2795,43.4698,6853.32,117.783
35.66,28,0,3,1,1,0,0,1,-2.43382e-125,365.533,365.587,46.2768,47.4558,6849.63,117.686
35.68,28,0,3,1,1,0,0,1,-2.01142e-125,365.512,365.565,46.2741,43.8918,6858.44,117.824
35.7,28,0,3,1,1,0,0,1,-1.66233e-125,365.49,365.544,46.2714,46.8369,6848.7,117.635
35.72,28,0,3,1,1,0,0,1,-1.37383e-125,365.469,365.523,46.2687,48.99,6851.37,117.797
35.74,28,0,3,1,1,0,0,1,-1.13539e-125,365.448,365.501,46.266,48.762,6861.07,117.716
35.76,28,0,3,1,1,0,0,1,-9.38342e-126,365.426,365.48,46.2633,46.3404,6846.07,117.75
35.78,28,0,3,1,1,0,0,1,-7.75489e-126,365.405,365.458,46.2606,45.8989,6860.01,117.58
35.8,28,0,3,1,1,0,0,1,-6.409e-126,365.384,365.437,46.2579,45.2525,6848.05,117.82
35.82,28,0,3,1,1,0,0,1,-5.29669e-126,365.363,365.416,46.2552,43.0096,6859.69,117.502
35.84,28,0,3,1,1,0,0,1,-4.37743e-126,365.341,365.395,46.2525,45.8742,6850.79,118.067
35.86,28,0,3,1,1,0,0,1,-3.61771e-126,365.32,365.373,46.2498,45.7203,6853.4,117.639
35.88,28,0,3,1,1,0,0,1,-2.98985e-126,365.299,365.352,46.2471,45.1586,6847.05,117.871
35.9,28,0,3,1,1,0,0,1,-2.47095e-126,365.278,365.331,46.2444,48.1194,6849.74,117.838
35.92,28,0,3,1,1,0,0,1,-2.04211e-126,365.256,365.309,46.2417,46.1541,6853.8,117.818
35.94,28,0,3,1,1,0,0,1,-1.68769e-126,365.235,365.288,46.239,45.0401,6850.2,118.043
35.96,28,0,3,1,1,0,0,1,-1.39479e-126,365.214,365.267,46.2363,45.6343,6860.5,117.728
35.98,28,0,3,1,1,0,0,1,-1.15272e-126,365.193,365.246,46.2336,47.3769,6860.81,117.833
36,28,0,3,1,1,0,0,1,-9.52657e-127,365.172,365.225,46.231,48.5355,6855.63,117.792
36.02,28,0,3,1,1,0,0,1,-7.8732e-127,365.15,365.203,46.2283,46.8889,6864.04,117.768
36.04,28,0,3,1,1,0,0,1,-6.50678e-127,365.129,365.182,46.2256,45.998,6858.45,117.713
36.06,28,0,3,1,1,0,0,1,-5.3775e-127,365.108,365.161,46.2229,45.4488,6855.17,117.82
36.08,28,0,3,1,1,0,0,1,-4.44422e-127,365.087,365.14,46.2202,46.5906,6861.26,117.911
36.1,28,0,3,1,1,0,0,1,-3.67291e-127,365.066,365.119,46.2176,48.5018,6868.79,118.015
36.12,28,0,3,1,1,0,0,1,-3.03546e-127,365.045,365.098,46.2149,44.3521,6853.5,117.861
36.14,28,0,3,1,1,0,0,1,-2.50864e-127,365.024,365.076,46.2122,46.6967,6856.51,117.727
36.16,28,0,3,1,1,0,0,1,-2.07326e-127,365.003,365.055,46.2095,46.0525,6858.48,117.805
36.18,28,0,3,1,1,0,0,1,-1.71344e-127,364.981,365.034,46.2069,43.0272,6855.53,117.853
36.2,28,0,3,1,1,0,0,1,-1.41606e-127,364.96,365.013,46.2042,44.7866,6859.17,117.873
36.22,28,0,3,1,1,0,0,1,-1.1703e-127,364.939,364.992,46.2015,49.7995,6860.75,117.778
36.24,28,0,3,1,1,0,0,1,-9.67191e-128,364.918,364.971,46.1989,44.8806,6863.92,117.854
36.26,28,0,3,1,1,0,0,1,-7.99331e-128,364.897,364.95,46.1962,45.1213,6860.61,117.853
36.28,28,0,3,1,1,0,0,1,-6.60604e-128,364.876,364.929,46.1935,48.1788,6863.84,118.071
36.3,28,0,3,1,1,0,0,1,-5.45954e-128,364.855,364.908,46.1909,44.9186,6858.34,117.862
36.32,28,0,3,1,1,0,0,1,-4.51202e-128,364.834,364.887,46.1882,43.4914,6856.51,118.031
36.34,28,0,3,1,1,0,0,1,-3.72894e-128,364.813,364.866,46.1855,44.3769,6860.6,117.783
36.36,28,0,3,1,1,0,0,1,-3.08177e-128,364.792,364.845,46.1829,48.0037,6868.04,117.97
36.38,28,0,3,1,1,0,0,1,-2.54692e-128,364.771,364.824,46.1802,45.0417,6866.94,117.949
36.4,28,0,3,1,1,0,0,1,-2.10489e-128,364.75,364.803,46.1776,44.6865,6861.77,118.008
36.42,28,0,3,1,1,0,0,1,-1.73958e-128,364.73,364.782,46.1749,46.3039,6865.13,118.069
36.44,28,0,3,1,1,0,0,1,-1.43767e-128,364.709,364.761,46.1723,46.8649,6860.89,117.824
36.46,28,0,3,1,1,0,0,1,-1.18815e-128,364.688,364.74,46.1696,44.9597,6860.21,118.021
36.48,28,0,3,1,1,0,0,1,-9.81946e-129,364.667,364.719,46.167,47.4931,6868.03,117.852
36.5,28,0,3,1,1,0,0,1,-8.11526e-129,364.646,364.698,46.1643,47.274,6866.6,118.035
36.52,28,0,3,1,1,0,0,1,-6.70682e-129,364.625,364.677,46.1617,46.6048,6864.68,118.021
36.54,28,0,3,1,1,0,0,1,-5.54283e-129,364.604,364.656,46.159,45.5371,6859.42,118.022
36.56,28,0,3,1,1,0,0,1,-4.58085e-129,364.583,364.635,46.1564,45.6709,6865.75,117.923
36.58,28,0,3,1,1,0,0,1,-3.78583e-129,364.562,364.615,46.1537,44.6037,6860.77,117.766
36.6,28,0,3,1,1,0,0,1,-3.12878e-129,364.542,364.594,46.1511,48.8675,6874.17,117.828
36.62,28,0,3,1,1,0,0,1,-2.58577e-129,364.521,364.573,46.1485,44.8112,6875.66,117.764
36.64,28,0,3,1,1,0,0,1,-2.137e-129,364.5,364.552,46.1458,47.7778,6856.04,117.745
36.66,28,0,3,1,1,0,0,1,-1.76612e-129,364.479,364.531,46.1432,42.7363,6874.43,118.054
36.68,28,0,3,1,1,0,0,1,-1.4596e-129,364.458,364.51,46.1406,43.7875,6863.81,117.799
36.7,28,0,3,1,1,0,0,1,-1.20628e-129,364.438,364.49,46.1379,45.4299,6866.62,117.995
36.72,28,0,3,1,1,0,0,1,-9.96927e-130,364.417,364.469,46.1353,47.3452,6874.53,118.085
36.74,28,0,3,1,1,0,0,1,-8.23906e-130,364.396,364.448,46.1327,46.4904,6870.57,118.207
36.76,28,0,3,1,1,0,0,1,-6.80914e-130,364.375,364.427,46.13,43.4104,6860.56,118.166
36.78,28,0,3,1,1,0,0,1,-5.62739e-130,364.355,364.406,46.1274,46.8022,6857.84,118.098
36.8,28,0,3,1,1,0,0,1,-4.65074e-130,364.334,364.386,46.1248,46.6375,6869.17,118.128
36.82,28,0,3,1,1,0,0,1,-3.84358e-130,364.313,364.365,46.1222,46.4406,6865.32,118.166
36.84,28,0,3,1,1,0,0,1,-3.17652e-130,364.292,364.344,46.1195,44.8974,6866.53,117.878
36.86,28,0,3,1,1,0,0,1,-2.62522e-130,364.272,364.324,46.1169,44.7161,6874.7,117.812
36.88,28,0,3,1,1,0,0,1,-2.1696e-130,364.251,364.303,46.1143,45.4941,6875.06,118.242
36.9,28,0,3,1,1,0,0,1,-1.79306e-130,364.23,364.282,46.1117,41.5005,6867.56,118.156
36.92,28,0,3,1,1,0,0,1,-1.48187e-130,364.21,364.261,46.109,46.7615,6873.28,118.031
36.94,28,0,3,1,1,0,0,1,-1.22468e-130,364.189,364.241,46.1064,42.8763,6866.38,117.808
36.96,28,0,3,1,1,0,0,1,-1.01214e-130,364.169,364.22,46.1038,45.0547,6881.77,117.975
36.98,28,0,3,1,1,0,0,1,-8.36476e-131,364.148,364.2,46.1012,47.1072,6873.23,117.939
37,28,0,3,1,1,0,0,1,-6.91302e-131,364.127,364.179,46.0986,45.6717,6863.38,117.898
37.02,28,0,3,1,1,0,0,1,-5.71324e-131,364.107,364.158,46.096,46.7791,6873.15,118.036
37.04,28,0,3,1,1,0,0,1,-4.72169e-131,364.086,364.138,46.0934,48.0535,6874.14,118.21
37.06,28,0,3,1,1,0,0,1,-3.90222e-131,364.066,364.117,46.0908,44.0413,6870.89,118.199
37.08,28,0,3,1,1,0,0,1,-3.22498e-131,364.045,364.096,46.0882,45.848,6872.71,118.304
37.1,28,0,3,1,1,0,0,1,-2.66527e-131,364.024,364.076,46.0856,45.5269,6878.33,118.182
37.12,28,0,3,1,1,0,0,1,-2.2027e-131,364.004,364.055,46.083,47.8591,6876.26,118.236
37.14,28,0,3,1,1,0,0,1,-1.82042e-131,363.983,364.035,46.0803,45.0825,6881.4,118.157
37.16,28,0,3,1,1,0,0,1,-1.50448e-131,363.963,364.014,46.0777,41.4164,6872.72,118.152
37.18,28,0,3,1,1,0,0,1,-1.24337e-131,363.942,363.994,46.0751,45.1811,6882.4,118.224
37.2,28,0,3,1,1,0,0,1,-1.02758e-131,363.922,363.973,46.0726,45.9748,6873.03,118.322
37.22,28,0,3,1,1,0,0,1,-8.49237e-132,363.901,363.953,46.07,43.5501,6884.49,118.252
37.24,28,0,3,1,1,0,0,1,-7.01849e-132,363.881,363.932,46.0674,46.5891,6867.75,118.349
37.26,28,0,3,1,1,0,0,1,-5.8004e-132,363.86,363.912,46.0648,47.0575,6871.08,118.134
37.28,28,0,3,1,1,0,0,1,-4.79372e-132,363.84,363.891,46.0622,47.5608,6881.33,118.027
37.3,28,0,3,1,1,0,0,1,-3.96175e-132,363.82,363.871,46.0596,45.5312,6873.19,118.311
37.32,28,0,3,1,1,0,0,1,-3.27418e-132,363.799,363.85,46.057,45.0439,6879.64,118.317
37.34,28,0,3,1,1,0,0,1,-2.70593e-132,363.779,363.83,46.0544,41.6805,6881.2,118.04
37.36,28,0,3,1,1,0,0,1,-2.23631e-132,363.758,363.809,46.0518,44.2214,6886.92,118.311
37.38,28,0,3,1,1,0,0,1,-1.84819e-132,363.738,363.789,46.0492,45.9479,6875.63,118.583
37.4,28,0,3,1,1,0,0,1,-1.52743e-132,363.718,363.769,46.0466,48.1247,6881.48,118.187
37.42,28,0,3,1,1,0,0,1,-1.26234e-132,363.697,363.748,46.0441,44.0808,6885.13,117.826
37.44,28,0,3,1,1,0,0,1,-1.04325e-132,363.677,363.728,46.0415,48.4739,6875.43,118.495
37.46,28,0,3,1,1,0,0,1,-8.62193e-133,363.656,363.707,46.0389,44.0524,6876.62,118.397
37.48,28,0,3,1,1,0,0,1,-7.12556e-133,363.636,363.687,46.0363,46.3484,6884.19,117.983
37.5,28,0,3,1,1,0,0,1,-5.8889e-133,363.616,363.667,46.0338,46.2995,6868.92,118.103
37.52,28,0,3,1,1,0,0,1,-4.86686e-133,363.595,363.646,46.0312,46.8028,6877,118.177
37.54,28,0,3,1,1,0,0,1,-4.02219e-133,363.575,363.626,46.0286,46.4321,6879.79,118.02
37.56,28,0,3,1,1,0,0,1,-3.32413e-133,363.555,363.606,46.026,45.5808,6883.46,118.375
37.58,28,0,3,1,1,0,0,1,-2.74721e-133,363.535,363.585,46.0235,45.1033,6880.64,118.196
37.6,28,0,3,1,1,0,0,1,-2.27042e-133,363.514,363.565,46.0209,44.4034,6881.89,118.232
37.62,28,0,3,1,1,0,0,1,-1.87638e-133,363.494,363.545,46.0183,45.7247,6877.27,118.328
37.64,28,0,3,1,1,0,0,1,-1.55073e-133,363.474,363.524,46.0158,45.8734,6885.9,118.312
37.66,28,0,3,1,1,0,0,1,-1.2816e-133,363.454,363.504,46.0132,48.4074,6879.22,118.305
37.68,28,0,3,1,1,0,0,1,-1.05917e-133,363.433,363.484,46.0106,46.1238,6886.61,118.24
37.7,28,0,3,1,1,0,0,1,-8.75347e-134,363.413,363.464,46.0081,46.6541,6875.68,118.293
37.72,28,0,3,1,1,0,0,1,-7.23427e-134,363.393,363.443,46.0055,44.6384,6882.23,118.388
37.74,28,0,3,1,1,0,0,1,-5.97874e-134,363.373,363.423,46.0029,45.6576,6893.57,118.091
37.76,28,0,3,1,1,0,0,1,-4.9411e-134,363.353,363.403,46.0004,49.4179,6888.17,118.191
37.78,28,0,3,1,1,0,0,1,-4.08356e-134,363.332,363.383,45.9978,45.2739,6896.16,118.295
37.8,28,0,3,1,1,0,0,1,-3.37484e-134,363.312,363.363,45.9953,44.1903,6878.55,118.385
37.82,28,0,3,1,1,0,0,1,-2.78912e-134,363.292,363.342,45.9927,46.727,6889.48,118.579
37.84,28,0,3,1,1,0,0,1,-2.30506e-134,363.272,363.322,45.9902,47.1031,6879.75,118.111
37.86,28,0,3,1,1,0,0,1,-1.90501e-134,363.252,363.302,45.9876,45.5699,6889.84,118.054
37.88,28,0,3,1,1,0,0,1,-1.57439e-134,363.232,363.282,45.9851,48.5011,6878.92,118.715
37.9,28,0,3,1,1,0,0,1,-1.30115e-134,363.212,363.262,45.9825,48.9016,6885.77,118.492
37.92,28,0,3,1,1,0,0,1,-1.07533e-134,363.191,363.242,45.98,47.8717,6890.22,118.441
37.94,28,0,3,1,1,0,0,1,-8.88701e-135,363.171,363.222,45.9774,45.3989,6884.97,118.416
37.96,28,0,3,1,1,0,0,1,-7.34464e-135,363.151,363.202,45.9749,46.2869,6888.5,118.347
37.98,28,0,3,1,1,0,0,1,-6.06995e-135,363.131,363.181,45.9723,45.4975,6890.09,118.314
38,28,0,3,1,1,0,0,1,-5.01649e-135,363.111,363.161,45.9698,45.0177,6892.72,118.672
38.02,28,0,3,1,1,0,0,1,-4.14586e-135,363.091,363.141,45.9673,46.9346,6894.95,118.495
38.04,28,0,3,1,1,0,0,1,-3.42633e-135,363.071,363.121,45.9647,44.5385,6893.03,118.486
38.06,28,0,3,1,1,0,0,1,-2.83168e-135,363.051,363.101,45.9622,44.0389,6895.21,118.197
38.08,28,0,3,1,1,0,0,1,-2.34023e-135,363.031,363.081,45.9596,44.3474,6885.96,118.537
38.1,28,0,3,1,1,0,0,1,-1.93407e-135,363.011,363.061,45.9571,44.0429,6882.73,118.482
38.12,28,0,3,1,1,0,0,1,-1.59841e-135,362.991,363.041,45.9546,47.9785,6891.63,118.083
38.14,28,0,3,1,1,0,0,1,-1.321e-135,362.971,363.021,45.952,47.2773,6891.27,118.517
38.16,28,0,3,1,1,0,0,1,-1.09173e-135,362.951,363.001,45.9495,47.9935,6884.84,118.43
38.18,28,0,3,1,1,0,0,1,-9.02259e-136,362.931,362.981,45.947,45.5068,6891.44,118.422
38.2,28,0,3,1,1,0,0,1,-7.45669e-136,362.911,362.961,45.9445,46.4011,6896.53,118.426
38.22,28,0,3,1,1,0,0,1,-6.16255e-136,362.891,362.941,45.9419,45.3588,6883.94,118.192
38.24,28,0,3,1,1,0,0,1,-5.09302e-136,362.871,362.921,45.9394,47.3212,6895.12,118.439
38.26,28,0,3,1,1,0,0,1,-4.2091e-136,362.851,362.901,45.9369,48.8979,6893.87,118.095
38.28,28,0,3,1,1,0,0,1,-3.4786e-136,362.832,362.881,45.9344,45.5509,6893.78,118.558
38.3,28,0,3,1,1,0,0,1,-2.87488e-136,362.812,362.861,45.9318,44.4587,6891.65,118.285
38.32,28,0,3,1,1,0,0,1,-2.37593e-136,362.792,362.842,45.9293,47.0661,6896.78,118.394
38.34,28,0,3,1,1,0,0,1,-1.96358e-136,362.772,362.822,45.9268,45.2371,6893.34,118.56
38.36,28,0,3,1,1,0,0,1,-1.62279e-136,362.752,362.802,45.9243,45.7991,6895.83,118.8
38.38,28,0,3,1,1,0,0,1,-1.34115e-136,362.732,362.782,45.9218,44.7666,6897.79,118.187
38.4,28,0,3,1,1,0,0,1,-1.10839e-136,362.712,362.762,45.9192,46.6339,6895.78,118.297
38.42,28,0,3,1,1,0,0,1,-9.16024e-137,362.693,362.742,45.9167,45.1431,6886.54,118.533
38.44,28,0,3,1,1,0,0,1,-7.57045e-137,362.673,362.722,45.9142,46.8745,6888.14,118.309
38.46,28,0,3,1,1,0,0,1,-6.25657e-137,362.653,362.703,45.9117,47.2898,6906.12,118.41
38.48,28,0,3,1,1,0,0,1,-5.17072e-137,362.633,362.683,45.9092,45.429,6897.33,118.484
38.5,28,0,3,1,1,0,0,1,-4.27332e-137,362.613,362.663,45.9067,45.4283,6904.67,118.443
38.52,28,0,3,1,1,0,0,1,-3.53167e-137,362.594,362.643,45.9042,43.7739,6895.37,118.446
38.54,28,0,3,1,1,0,0,1,-2.91873e-137,362.574,362.623,45.9017,46.1039,6901.11,118.592
38.56,28,0,3,1,1,0,0,1,-2.41218e-137,362.554,362.604,45.8992,44.2557,6901.25,118.621
38.58,28,0,3,1,1,0,0,1,-1.99353e-137,362.534,362.584,45.8967,45.5593,6901.09,118.352
38.6,28,0,3,1,1,0,0,1,-1.64755e-137,362.515,362.564,45.8942,44.696,6897.31,118.529
38.62,28,0,3,1,1,0,0,1,-1.36161e-137,362.495,362.544,45.8917,44.6461,6897.53,118.433
38.64,28,0,3,1,1,0,0,1,-1.1253e-137,362.475,362.525,45.8892,44.5237,6901.33,118.713
38.66,28,0,3,1,1,0,0,1,-9.29999e-138,362.456,362.505,45.8867,47.6248,6894.13,118.319
38.68,28,0,3,1,1,0,0,1,-7.68594e-138,362.436,362.485,45.8842,46.9306,6906.46,118.673
38.7,28,0,3,1,1,0,0,1,-6.35202e-138,362.416,362.465,45.8817,45.0763,6901.81,118.644
38.72,28,0,3,1,1,0,0,1,-5.2496e-138,362.397,362.446,45.8792,44.403,6905.42,118.756
38.74,28,0,3,1,1,0,0,1,-4.33851e-138,362.377,362.426,45.8767,46.6611,6901.16,118.344
38.76,28,0,3,1,1,0,0,1,-3.58555e-138,362.357,362.406,45.8742,44.7563,6909.39,118.664
38.78,28,0,3,1,1,0,0,1,-2.96326e-138,362.338,362.387,45.8717,44.1767,6893.24,118.621
38.8,28,0,3,1,1,0,0,1,-2.44898e-138,362.318,362.367,45.8693,45.9069,6904.29,118.599
38.82,28,0,3,1,1,0,0,1,-2.02395e-138,362.298,362.347,45.8668,44.6823,6901.05,118.539
38.84,28,0,3,1,1,0,0,1,-1.67268e-138,362.279,362.328,45.8643,45.4545,6899.79,118.414
38.86,28,0,3,1,1,0,0,1,-1.38238e-138,362.259,362.308,45.8618,45.4059,6902.75,118.53
38.88,28,0,3,1,1,0,0,1,-1.14247e-138,362.24,362.289,45.8593,46.0274,6894.23,118.677
38.9,28,0,3,1,1,0,0,1,-9.44187e-139,362.22,362.269,45.8568,46.3058,6904.12,118.641
38.92,28,0,3,1,1,0,0,1,-7.8032e-139,362.201,362.249,45.8544,45.553,6907.55,118.82
38.94,28,0,3,1,1,0,0,1,-6.44892e-139,362.181,362.23,45.8519,45.868,6913.79,118.615
38.96,28,0,3,1,1,0,0,1,-5.32969e-139,362.161,362.21,45.8494,45.4453,6905.63,118.612
38.98,28,0,3,1,1,0,0,1,-4.4047e-139,362.142,362.191,45.8469,44.0497,6908.59,118.531
39,28,0,3,1,1,0,0,1,-3.64025e-139,362.122,362.171,45.8445,45.4397,6907.16,118.797
39.02,28,0,3,1,1,0,0,1,-3.00847e-139,362.103,362.152,45.842,44.227,6906.56,118.571
39.04,28,0,3,1,1,0,0,1,-2.48634e-139,362.083,362.132,45.8395,47.8111,6906.8,118.574
39.06,28,0,3,1,1,0,0,1,-2.05483e-139,362.064,362.113,45.8371,44.7883,6914.06,118.607
39.08,28,0,3,1,1,0,0,1,-1.6982e-139,362.044,362.093,45.8346,46.7078,6905.6,118.86
39.1,28,0,3,1,1,0,0,1,-1.40347e-139,362.025,362.074,45.8321,45.1322,6904.18,118.805
39.12,28,0,3,1,1,0,0,1,-1.1599e-139,362.006,362.054,45.8297,43.1584,6908.72,118.548
39.14,28,0,3,1,1,0,0,1,-9.58591e-140,361.986,362.035,45.8272,45.8165,6909.22,118.618
39.16,28,0,3,1,1,0,0,1,-7.92224e-140,361.967,362.015,45.8247,45.196,6916.07,118.753
39.18,28,0,3,1,1,0,0,1,-6.54731e-140,361.947,361.996,45.8223,46.8848,6909.92,118.872
39.2,28,0,3,1,1,0,0,1,-5.411e-140,361.928,361.976,45.8198,49.4245,6913.93,118.645
39.22,28,0,3,1,1,0,0,1,-4.4719e-140,361.908,361.957,45.8173,44.9689,6914.71,118.871
39.24,28,0,3,1,1,0,0,1,-3.69578e-140,361.889,361.938,45.8149,48.5748,6908.1,118.766
39.26,28,0,3,1,1,0,0,1,-3.05437e-140,361.87,361.918,45.8124,46.9054,6914.4,118.446
39.28,28,0,3,1,1,0,0,1,-2.52427e-140,361.85,361.899,45.81,43.9325,6901.15,118.511
39.3,28,0,3,1,1,0,0,1,-2.08617e-140,361.831,361.879,45.8075,44.6434,6917.04,118.624
39.32,28,0,3,1,1,0,0,1,-1.72411e-140,361.812,361.86,45.8051,44.5148,6906.34,118.494
39.34,28,0,3,1,1,0,0,1,-1.42488e-140,361.792,361.841,45.8026,45.7097,6912.12,118.689
39.36,28,0,3,1,1,0,0,1,-1.17759e-140,361.773,361.821,45.8002,46.8349,6917.38,118.567
39.38,28,0,3,1,1,0,0,1,-9.73216e-141,361.754,361.802,45.7977,45.9247,6905.03,118.693
39.4,28,0,3,1,1,0,0,1,-8.0431e-141,361.734,361.783,45.7953,44.1797,6917.39,118.645
39.42,28,0,3,1,1,0,0,1,-6.64719e-141,361.715,361.763,45.7928,48.267,6916.44,118.569
39.44,28,0,3,1,1,0,0,1,-5.49355e-141,361.696,361.744,45.7904,45.9435,6915.87,118.717
39.46,28,0,3,1,1,0,0,1,-4.54012e-141,361.677,361.725,45.788,47.6305,6907.14,119.054
39.48,28,0,3,1,1,0,0,1,-3.75217e-141,361.657,361.706,45.7855,44.7149,6922.72,118.743
39.5,28,0,3,1,1,0,0,1,-3.10096e-141,361.638,361.686,45.7831,46.8724,6923.71,118.914
39.52,28,0,3,1,1,0,0,1,-2.56278e-141,361.619,361.667,45.7806,47.8392,6910.58,118.598
39.54,28,0,3,1,1,0,0,1,-2.118e-141,361.6,361.648,45.7782,48.4235,6921.16,118.753
39.56,28,0,3,1,1,0,0,1,-1.75041e-141,361.58,361.629,45.7758,47.7174,6918.46,118.701
39.58,28,0,3,1,1,0,0,1,-1.44662e-141,361.561,361.609,45.7733,47.5945,6910.2,118.772
39.6,28,0,3,1,1,0,0,1,-1.19556e-141,361.542,361.59,45.7709,46.531,6907.4,118.683
39.62,28,0,3,1,1,0,0,1,-9.88063e-142,361.523,361.571,45.7685,47.7896,6919.84,118.728
39.64,28,0,3,1,1,0,0,1,-8.16581e-142,361.504,361.552,45.766,47.0907,6919.61,118.597
39.66,28,0,3,1,1,0,0,1,-6.7486e-142,361.485,361.532,45.7636,47.4108,6910.07,118.877
39.68,28,0,3,1,1,0,0,1,-5.57736e-142,361.465,361.513,45.7612,48.3448,6912.98,118.724
39.7,28,0,3,1,1,0,0,1,-4.60939e-142,361.446,361.494,45.7588,45.0112,6916.36,118.774
39.72,28,0,3,1,1,0,0,1,-3.80941e-142,361.427,361.475,45.7563,42.0317,6919.54,118.642
39.74,28,0,3,1,1,0,0,1,-3.14827e-142,361.408,361.456,45.7539,46.7408,6913.05,118.629
39.76,28,0,3,1,1,0,0,1,-2.60188e-142,361.389,361.437,45.7515,48.8449,6922.62,118.654
39.78,28,0,3,1,1,0,0,1,-2.15031e-142,361.37,361.418,45.7491,43.8175,6920.14,118.854
39.8,28,0,3,1,1,0,0,1,-1.77712e-142,361.351,361.398,45.7466,45.9824,6916.83,118.963
39.82,28,0,3,1,1,0,0,1,-1.46869e-142,361.332,361.379,45.7442,46.8574,6920.7,118.956
39.84,28,0,3,1,1,0,0,1,-1.2138e-142,361.313,361.36,45.7418,46.4565,6920.19,118.677
39.86,28,0,3,1,1,0,0,1,-1.00314e-142,361.293,361.341,45.7394,42.8129,6918.39,118.838
39.88,28,0,3,1,1,0,0,1,-8.29039e-143,361.274,361.322,45.737,45.4429,6918.15,118.802
39.9,28,0,3,1,1,0,0,1,-6.85156e-143,361.255,361.303,45.7346,46.4768,6931.46,119.011
39.92,28,0,3,1,1,0,0,1,-5.66245e-143,361.236,361.284,45.7321,45.9984,6929.49,118.986
39.94,28,0,3,1,1,0,0,1,-4.67971e-143,361.217,361.265,45.7297,46.7854,6917.86,118.942
39.96,28,0,3,1,1,0,0,1,-3.86753e-143,361.198,361.246,45.7273,44.9264,6922.89,119.01
39.98,28,0,3,1,1,0,0,1,-3.1963e-143,361.179,361.227,45.7249,45.415,6919.35,118.926
40,0,0,3,1,1,0,0,1,-2.64157e-143,0,352.876,44.6679,44.3074,6922.23,118.871
40.02,0,0,3,1,1,0,0,1,-2.18312e-143,0,316.521,40.066,43.0865,6923.7,118.69
40.04,0,0,3,1,1,0,0,1,-1.80423e-143,0,260.72,33.0025,40.5123,6927.24,118.878
40.06,0,0,3,1,1,0,0,1,-1.4911e-143,0,191.413,24.2295,34.7328,6921.61,118.951
40.08,0,0,3,1,1,0,0,1,-1.23231e-143,0,132.925,16.826,29.3814,6917.52,119.052
40.1,0,0,3,1,1,0,0,1,-1.01844e-143,0,92.3094,11.6847,25.3229,6920.79,118.839
40.12,0,0,3,1,1,0,0,1,-8.41686e-144,0,64.1037,8.1144,19.5001,6919.55,118.776
40.14,0,0,3,1,1,0,0,1,-6.95609e-144,0,44.5165,5.635,12.7036,6922.83,118.625
40.16,0,0,3,1,1,0,0,1,-5.74883e-144,0,30.9142,3.91319,7.04861,6914.17,119.078
40.18,0,0,3,1,1,0,0,1,-4.7511e-144,0,21.4682,2.71749,6.63475,6912.77,118.597
40.2,0,0,3,1,1,0,0,1,-3.92653e-144,0,14.9085,1.88715,3.27988,6911.74,118.866
40.22,0,0,3,1,1,0,0,1,-3.24507e-144,0,10.3531,1.31052,2.16399,6914.44,118.645
40.24,0,0,3,1,1,0,0,1,-2.68187e-144,0,7.18966,0.910083,1.11792,6915.8,118.703
40.26,0,0,3,1,1,0,0,1,-2.21642e-144,0,4.99282,0.632002,1.40456,6912.66,118.81
40.28,0,0,3,1,1,0,0,1,-1.83175e-144,0,3.46724,0.438891,-0.85497,6918.89,118.559
40.3,0,0,3,1,1,0,0,1,-1.51385e-144,0,2.4078,0.304785,-1.33835,6899.15,118.576
40.32,0,0,3,1,1,0,0,1,-1.25111e-144,0,1.67209,0.211656,1.56332,6916.72,118.683
40.34,0,0,3,1,1,0,0,1,-1.03398e-144,0,1.16117,0.146984,0.361345,6904.62,118.829
40.36,0,0,3,1,1,0,0,1,-8.54527e-145,0,0.806368,0.102072,-1.13665,6899.39,118.65
40.38,0,0,3,1,1,0,0,1,-7.06221e-145,0,0.559978,0.0708833,0.403232,6898.9,118.753
40.4,0,0,3,1,1,0,0,1,-5.83654e-145,0,0.388874,0.0492245,3.06198,6906.59,118.488
40.42,0,0,3,1,1,0,0,1,-4.82358e-145,0,0.270051,0.0341837,0.461445,6908.79,118.675
40.44,0,0,3,1,1,0,0,1,-3.98643e-145,0,0.187535,0.0237387,0.440849,6895.4,118.625
40.46,0,0,3,1,1,0,0,1,-3.29457e-145,0,0.130233,0.0164852,1.52361,6897.61,118.609
40.48,0,0,3,1,1,0,0,1,-2.72279e-145,0,0.0904396,0.011448,2.52609,6894.24,118.294
40.5,0,0,3,1,1,0,0,1,-2.25024e-145,0,0.0628052,0.00795003,-0.247571,6896.34,118.232
40.52,0,0,3,1,1,0,0,1,-1.8597e-145,0,0.0436148,0.00552086,-2.29972,6890.22,118.541
40.54,0,0,3,1,1,0,0,1,-1.53694e-145,0,0.030288,0.00383393,-2.99871,6885.06,118.496
40.56,0,0,3,1,1,0,0,1,-1.2702e-145,0,0.0210334,0.00266245,-0.223948,6900.67,118.528
40.58,0,0,3,1,1,0,0,1,-1.04975e-145,0,0.0146065,0.00184892,0.711365,6896.57,118.627
40.6,0,0,3,1,1,0,0,1,-8.67564e-146,0,0.0101434,0.00128397,1.06079,6889.76,118.18
40.62,0,0,3,1,1,0,0,1,-7.16995e-146,0,0.00704403,0.000891649,-0.776494,6892.78,118.653
40.64,0,0,3,1,1,0,0,1,-5.92558e-146,0,0.00489169,0.000619201,0.122424,6888.88,118.218
40.66,0,0,3,1,1,0,0,1,-4.89717e-146,0,0.003397,0.00043,-1.79981,6884.99,118.186
40.68,0,0,3,1,1,0,0,1,-4.04725e-146,0,0.00235903,0.000298611,-0.208853,6881.47,118.172
40.7,0,0,3,1,1,0,0,1,-3.34483e-146,0,0.00163822,0.000207369,2.23904,6885.48,118.151
40.72,0,0,3,1,1,0,0,1,-2.76433e-146,0,0.00113765,0.000144006,0.649861,6878.12,118.084
40.74,0,0,3,1,1,0,0,1,-2.28457e-146,0,0.000790034,0.000100004,-0.889296,6877.35,118.348
40.76,0,0,3,1,1,0,0,1,-1.88807e-146,0,0.000548635,0.0000694475,-0.217171,6875.07,118.137
40.78,0,0,3,1,1,0,0,1,-1.56039e-146,0,0.000380997,0.0000482274,2.15414,6878.58,117.892
40.8,0,0,3,1,1,0,0,1,-1.28958e-146,0,0.000264581,0.0000334913,-0.295934,6873.98,118.016
40.82,0,0,3,1,1,0,0,1,-1.06577e-146,0,0.000183737,0.0000232578,1.68885,6878.45,118.246
40.84,0,0,3,1,1,0,0,1,-8.80799e-147,0,0.000127595,0.0000161513,-1.12934,6872.28,117.69
40.86,0,0,3,1,1,0,0,1,-7.27933e-147,0,0.0000886076,0.0000112162,0.496304,6878.3,118.09
40.88,0,0,3,1,1,0,0,1,-6.01598e-147,0,0.0000615331,0.000007789,0.43871,6862.16,118.114
40.9,0,0,3,1,1,0,0,1,-4.97188e-147,0,0.0000427313,0.00000540903,0.109397,6865.69,118.176
40.92,0,0,3,1,1,0,0,1,-4.10899e-147,0,0.0000296745,0.00000375627,-0.400255,6865.93,117.943
40.94,0,0,3,1,1,0,0,1,-3.39586e-147,0,0.0000206073,0.00000260852,1.04331,6869.76,117.958
40.96,0,0,3,1,1,0,0,1,-2.8065e-147,0,0.0000143106,0.00000181147,-1.83005,6864.24,117.993
40.98,0,0,3,1,1,0,0,1,-2.31942e-147,0,0.00000993793,0.00000125797,-0.482535,6864.32,117.951
41,0,0,3,1,1,0,0,1,-1.91688e-147,0,0.00000690134,8.73588e-7,0.364702,6866.4,118.167
41.02,0,0,3,1,1,0,0,1,-1.5842e-147,0,0.0000047926,6.06658e-7,1.14239,6856.92,117.754
41.04,0,0,3,1,1,0,0,1,-1.30925e-147,0,0.00000332819,4.2129e-7,-1.83339,6854.08,117.942
41.06,0,0,3,1,1,0,0,1,-1.08203e-147,0,0.00000231125,2.92563e-7,3.12594,6861.72,118.027
41.08,0,0,3,1,1,0,0,1,-8.94237e-148,0,0.00000160503,2.03169e-7,1.65719,6856.97,117.585
41.1,0,0,3,1,1,0,0,1,-7.39039e-148,0,0.00000111461,1.41089e-7,-1.34269,6856.57,117.821
41.12,0,0,3,1,1,0,0,1,-6.10776e-148,0,7.74032e-7,9.79787e-8,-1.56898,6859.36,117.68
41.14,0,0,3,1,1,0,0,1,-5.04773e-148,0,5.37522e-7,6.80408e-8,2.2816,6856.02,117.598
41.16,0,0,3,1,1,0,0,1,-4.17168e-148,0,3.73279e-7,4.72505e-8,0.623782,6848.3,117.626
41.18,0,0,3,1,1,0,0,1,-3.44767e-148,0,2.59222e-7,3.28129e-8,0.118951,6841.97,117.833
41.2,0,0,3,1,1,0,0,1,-2.84931e-148,0,1.80015e-7,2.27867e-8,-0.723813,6844.68,117.808
41.22,0,0,3,1,1,0,0,1,-2.3548e-148,0,1.2501e-7,1.58241e-8,-1.67923,6853.59,117.796
41.24,0,0,3,1,1,0,0,1,-1.94612e-148,0,8.68128e-8,1.0989e-8,0.07831,6837.88,117.375
41.26,0,0,3,1,1,0,0,1,-1.60836e-148,0,6.02867e-8,7.63122e-9,2.65787,6849.35,117.592
41.28,0,0,3,1,1,0,0,1,-1.32923e-148,0,4.18657e-8,5.29946e-9,-0.786984,6840.86,117.839
41.3,0,0,3,1,1,0,0,1,-1.09853e-148,0,2.90734e-8,3.68018e-9,-0.796748,6836.77,117.453
41.32,0,0,3,1,1,0,0,1,-9.07879e-149,0,2.01899e-8,2.55568e-9,-0.436628,6851.65,117.546
41.34,0,0,3,1,1,0,0,1,-7.50313e-149,0,1.40208e-8,1.77478e-9,2.45733,6837.41,117.716
41.36,0,0,3,1,1,0,0,1,-6.20094e-149,0,9.73663e-9,1.23249e-9,-0.435472,6836.11,117.446
41.38,0,0,3,1,1,0,0,1,-5.12474e-149,0,6.76155e-9,8.55892e-10,-1.52163,6838.69,117.235
41.4,0,0,3,1,1,0,0,1,-4.23532e-149,0,4.69552e-9,5.9437e-10,-2.30131,6834.48,117.593
41.42,0,0,3,1,1,0,0,1,-3.50027e-149,0,3.26078e-9,4.12757e-10,-3.76451,6835.69,117.296
41.44,0,0,3,1,1,0,0,1,-2.89278e-149,0,2.26443e-9,2.86637e-10,0.565706,6833.91,117.44
41.46,0,0,3,1,1,0,0,1,-2.39073e-149,0,1.57252e-9,1.99053e-10,2.33521,6825.01,117.179
41.48,0,0,3,1,1,0,0,1,-1.97581e-149,0,1.09203e-9,1.38231e-10,1.27713,6825.35,117.268
41.5,0,0,3,1,1,0,0,1,-1.6329e-149,0,7.58353e-10,9.5994e-11,-1.98628,6825.73,117.357
41.52,0,0,3,1,1,0,0,1,-1.3495e-149,0,5.26634e-10,6.66625e-11,1.22015,6828.21,117.377
41.54,0,0,3,1,1,0,0,1,-1.11529e-149,0,3.65718e-10,4.62934e-11,-0.931181,6827.71,117.288
41.56,0,0,3,1,1,0,0,1,-9.2173e-150,0,2.53971e-10,3.21482e-11,-0.431106,6830.4,117.138
41.58,0,0,3,1,1,0,0,1,-7.6176e-150,0,1.76369e-10,2.23251e-11,0.559595,6829.34,117.238
41.6,0,0,3,1,1,0,0,1,-6.29554e-150,0,1.22478e-10,1.55036e-11,-1.15368,6817.91,117.148
41.62,0,0,3,1,1,0,0,1,-5.20292e-150,0,8.50543e-11,1.07664e-11,1.92861,6825.35,116.976
41.64,0,0,3,1,1,0,0,1,-4.29994e-150,0,5.90655e-11,7.47665e-12,-0.79971,6824.11,117.062
41.66,0,0,3,1,1,0,0,1,-3.55367e-150,0,4.10177e-11,5.19211e-12,-3.22001,6816.02,117.354
41.68,0,0,3,1,1,0,0,1,-2.93692e-150,0,2.84845e-11,3.60564e-12,-1.31571,6821.53,117.371
41.7,0,0,3,1,1,0,0,1,-2.4272e-150,0,1.97809e-11,2.50391e-12,-2.10792,6811.98,117.16
41.72,0,0,3,1,1,0,0,1,-2.00595e-150,0,1.37367e-11,1.73883e-12,-3.16203,6811.98,116.969
41.74,0,0,3,1,1,0,0,1,-1.65781e-150,0,9.53941e-12,1.20752e-12,0.407949,6815.83,117.124
41.76,0,0,3,1,1,0,0,1,-1.37009e-150,0,6.62459e-12,8.38556e-13,-2.56377,6811.71,116.924
41.78,0,0,3,1,1,0,0,1,-1.13231e-150,0,4.60041e-12,5.8233e-13,0.0378415,6799.56,116.768
41.8,0,0,3,1,1,0,0,1,-9.35792e-151,0,3.19473e-12,4.04396e-13,0.656471,6804.76,116.786
41.82,0,0,3,1,1,0,0,1,-7.73382e-151,0,2.21856e-12,2.80831e-13,0.531994,6810.56,116.82
41.84,0,0,3,1,1,0,0,1,-6.39158e-151,0,1.54067e-12,1.95021e-13,2.98837,6812.68,116.706
41.86,0,0,3,1,1,0,0,1,-5.2823e-151,0,1.06991e-12,1.35431e-13,-1.64124,6804.23,117.055
41.88,0,0,3,1,1,0,0,1,-4.36554e-151,0,7.42992e-13,9.40496e-14,-0.928597,6798.96,116.853
41.9,0,0,3,1,1,0,0,1,-3.60788e-151,0,5.15966e-13,6.53122e-14,2.12981,6803.59,116.988
41.92,0,0,3,1,1,0,0,1,-2.98172e-151,0,3.5831e-13,4.53557e-14,0.288091,6796.3,116.925
41.94,0,0,3,1,1,0,0,1,-2.46423e-151,0,2.48826e-13,3.1497e-14,-0.211556,6802.75,116.69
41.96,0,0,3,1,1,0,0,1,-2.03656e-151,0,1.72796e-13,2.18729e-14,-0.891596,6798.97,116.713
41.98,0,0,3,1,1,0,0,1,-1.6831e-151,0,1.19997e-13,1.51895e-14,0.926722,6795.51,116.675
42,0,0,3,1,1,0,0,1,-1.39099e-151,0,8.33315e-14,1.05483e-14,0.650491,6790.1,116.79
42.02,0,0,3,1,1,0,0,1,-1.14958e-151,0,5.78691e-14,7.3252e-15,-0.0506629,6796.99,116.665
42.04,0,0,3,1,1,0,0,1,-9.50068e-152,0,4.01869e-14,5.08694e-15,0.0927873,6801.25,116.97
42.06,0,0,3,1,1,0,0,1,-7.8518e-152,0,2.79075e-14,3.5326e-15,3.99853,6788.7,116.538
42.08,0,0,3,1,1,0,0,1,-6.48909e-152,0,1.93802e-14,2.45319e-15,-0.39491,6793.14,116.631
42.1,0,0,3,1,1,0,0,1,-5.36289e-152,0,1.34585e-14,1.70361e-15,1.20386,6776.67,116.388
42.12,0,0,3,1,1,0,0,1,-4.43214e-152,0,9.34618e-15,1.18306e-15,1.05509,6784.64,116.845
42.14,0,0,3,1,1,0,0,1,-3.66292e-152,0,6.4904e-15,8.2157e-16,-0.052976,6792.06,116.491
42.16,0,0,3,1,1,0,0,1,-3.02721e-152,0,4.50722e-15,5.70535e-16,2.20322,6776.17,116.296
42.18,0,0,3,1,1,0,0,1,-2.50183e-152,0,3.13002e-15,3.96205e-16,0.607391,6790.25,116.408
42.2,0,0,3,1,1,0,0,1,-2.06763e-152,0,2.17362e-15,2.75142e-16,-1.2953,6781.1,116.732
42.22,0,0,3,1,1,0,0,1,-1.70878e-152,0,1.50946e-15,1.91071e-16,-2.95221,6774.01,116.588
42.24,0,0,3,1,1,0,0,1,-1.41222e-152,0,1.04824e-15,1.32688e-16,-0.905626,6776.99,116.293
42.26,0,0,3,1,1,0,0,1,-1.16712e-152,0,7.27942e-16,9.21445e-17,1.2789,6781.61,116.121
42.28,0,0,3,1,1,0,0,1,-9.64562e-153,0,5.05515e-16,6.39893e-17,2.35296,6778.17,116.525
42.3,0,0,3,1,1,0,0,1,-7.97159e-153,0,3.51052e-16,4.4437e-17,-2.6679,6772.59,116.398
42.32,0,0,3,1,1,0,0,1,-6.58809e-153,0,2.43786e-16,3.0859e-17,0.515344,6780.63,116.229
42.34,0,0,3,1,1,0,0,1,-5.4447e-153,0,1.69296e-16,2.14299e-17,-0.768043,6781.49,116.396
42.36,0,0,3,1,1,0,0,1,-4.49975e-153,0,1.17567e-16,1.48819e-17,1.50644,6769.57,116.101
42.38,0,0,3,1,1,0,0,1,-3.71881e-153,0,8.16435e-17,1.03346e-17,0.653191,6766.12,116.305
42.4,0,0,3,1,1,0,0,1,-3.07339e-153,0,5.66969e-17,7.17682e-18,-2.44685,6768.55,116.174
42.42,0,0,3,1,1,0,0,1,-2.53999e-153,0,3.93728e-17,4.9839e-18,-1.60977,6768.89,116.31
42.44,0,0,3,1,1,0,0,1,-2.09917e-153,0,2.73422e-17,3.46104e-18,0.28001,6759.44,116.286
42.46,0,0,3,1,1,0,0,1,-1.73485e-153,0,1.89877e-17,2.4035e-18,-0.891684,6764.81,116.06
42.48,0,0,3,1,1,0,0,1,-1.43376e-153,0,1.31859e-17,1.6691e-18,-0.951383,6765.35,116.254
42.5,0,0,3,1,1,0,0,1,-1.18493e-153,0,9.15686e-18,1.1591e-18,0.106912,6762.93,115.996
42.52,0,0,3,1,1,0,0,1,-9.79278e-154,0,6.35893e-18,8.04928e-19,2.56843,6757.29,116.043
42.54,0,0,3,1,1,0,0,1,-8.0932e-154,0,4.41593e-18,5.58978e-19,-0.849922,6756.31,116.252
42.56,0,0,3,1,1,0,0,1,-6.6886e-154,0,3.06661e-18,3.88179e-19,-1.84336,6751.31,116.041
42.58,0,0,3,1,1,0,0,1,-5.52777e-154,0,2.12959e-18,2.69569e-19,-2.20448,6749.63,116.083
42.6,0,0,3,1,1,0,0,1,-4.5684e-154,0,1.47888e-18,1.87201e-19,0.162248,6758.59,115.904
42.62,0,0,3,1,1,0,0,1,-3.77554e-154,0,1.027e-18,1.3e-19,1.49854,6752.85,116.264
42.64,0,0,3,1,1,0,0,1,-3.12028e-154,0,7.13197e-19,9.02781e-20,-1.74149,6750.28,116.038
42.66,0,0,3,1,1,0,0,1,-2.57874e-154,0,4.95275e-19,6.26931e-20,-0.688657,6743.21,115.936
42.68,0,0,3,1,1,0,0,1,-2.13119e-154,0,3.43941e-19,4.35369e-20,2.66105,6766.58,115.789
42.7,0,0,3,1,1,0,0,1,-1.76132e-154,0,2.38848e-19,3.02339e-20,2.81963,6753.71,116.156
42.72,0,0,3,1,1,0,0,1,-1.45563e-154,0,1.65867e-19,2.09958e-20,-1.34253,6745.41,115.94
42.74,0,0,3,1,1,0,0,1,-1.203e-154,0,1.15185e-19,1.45804e-20,0.669007,6740.54,115.682
42.76,0,0,3,1,1,0,0,1,-9.94218e-155,0,7.99897e-20,1.01253e-20,-0.302706,6741.72,115.955
42.78,0,0,3,1,1,0,0,1,-8.21667e-155,0,5.55484e-20,7.03145e-21,2.31735,6744.06,115.469
42.8,0,0,3,1,1,0,0,1,-6.79064e-155,0,3.85753e-20,4.88295e-21,1.86318,6745.25,115.992
42.82,0,0,3,1,1,0,0,1,-5.6121e-155,0,2.67884e-20,3.39094e-21,1.55387,6743.85,115.679
42.84,0,0,3,1,1,0,0,1,-4.6381e-155,0,1.86031e-20,2.35482e-21,1.93206,6744.17,115.967
42.86,0,0,3,1,1,0,0,1,-3.83314e-155,0,1.29188e-20,1.63529e-21,0.831926,6741.43,115.918
42.88,0,0,3,1,1,0,0,1,-3.16788e-155,0,8.97138e-21,1.13562e-21,-2.46883,6741.53,116.009
42.9,0,0,3,1,1,0,0,1,-2.61809e-155,0,6.23013e-21,7.88624e-22,-1.79552,6728.27,115.354
42.92,0,0,3,1,1,0,0,1,-2.16371e-155,0,4.32648e-21,5.47655e-22,-0.755299,6735.62,115.988
42.94,0,0,3,1,1,0,0,1,-1.78819e-155,0,3.0045e-21,3.80316e-22,1.66773,6720.33,115.537
42.96,0,0,3,1,1,0,0,1,-1.47784e-155,0,2.08646e-21,2.64108e-22,-0.448184,6736.57,115.575
42.98,0,0,3,1,1,0,0,1,-1.22136e-155,0,1.44893e-21,1.83409e-22,-0.157289,6722.91,115.347
43,0,0,3,1,1,0,0,1,-1.00939e-155,0,1.0062e-21,1.27367e-22,-0.923542,6723.81,115.57
43.02,0,0,3,1,1,0,0,1,-8.34203e-156,0,6.9875e-22,8.84494e-23,-1.55432,6724.82,115.503
43.04,0,0,3,1,1,0,0,1,-6.89424e-156,0,4.85243e-22,6.14232e-23,-1.40163,6728.67,115.502
43.06,0,0,3,1,1,0,0,1,-5.69772e-156,0,3.36974e-22,4.2655e-23,-0.986219,6724.29,115.507
43.08,0,0,3,1,1,0,0,1,-4.70886e-156,0,2.3401e-22,2.96215e-23,1.2566,6712.71,115.62
43.1,0,0,3,1,1,0,0,1,-3.89162e-156,0,1.62507e-22,2.05705e-23,-1.16148,6721.34,115.848
43.12,0,0,3,1,1,0,0,1,-3.21621e-156,0,1.12852e-22,1.42851e-23,2.32109,6738.04,115.242
43.14,0,0,3,1,1,0,0,1,-2.65803e-156,0,7.83695e-23,9.92019e-24,-1.35504,6722.47,114.959
43.16,0,0,3,1,1,0,0,1,-2.19672e-156,0,5.44233e-23,6.88902e-24,1.28243,6716.74,115.445
43.18,0,0,3,1,1,0,0,1,-1.81547e-156,0,3.77939e-23,4.78404e-24,-0.282802,6705.48,115.239
43.2,0,0,3,1,1,0,0,1,-1.50039e-156,0,2.62458e-23,3.32225e-24,-2.12279,6709.31,115.386
43.22,0,0,3,1,1,0,0,1,-1.23999e-156,0,1.82262e-23,2.30712e-24,-1.82541,6719.41,114.998
43.24,0,0,3,1,1,0,0,1,-1.02478e-156,0,1.26571e-23,1.60217e-24,1.42349,6703.1,115.33
43.26,0,0,3,1,1,0,0,1,-8.46929e-157,0,8.78966e-24,1.11262e-24,-2.84573,6710.05,115.138
43.28,0,0,3,1,1,0,0,1,-6.99942e-157,0,6.10393e-24,7.72649e-25,-0.339613,6708.1,114.881
43.3,0,0,3,1,1,0,0,1,-5.78464e-157,0,4.23884e-24,5.36562e-25,1.05323,6706.38,115.227
43.32,0,0,3,1,1,0,0,1,-4.7807e-157,0,2.94364e-24,3.72613e-25,-2.11638,6707.6,115.133
43.34,0,0,3,1,1,0,0,1,-3.95099e-157,0,2.04419e-24,2.58759e-25,0.905674,6708.07,114.818
43.36,0,0,3,1,1,0,0,1,-3.26528e-157,0,1.41958e-24,1.79694e-25,-1.90325,6700,115.238
43.38,0,0,3,1,1,0,0,1,-2.69858e-157,0,9.85819e-25,1.24787e-25,-1.00611,6708.05,115.035
43.4,0,0,3,1,1,0,0,1,-2.23023e-157,0,6.84596e-25,8.66578e-26,-0.241599,6699.46,115.053
43.42,0,0,3,1,1,0,0,1,-1.84316e-157,0,4.75414e-25,6.0179e-26,1.75834,6701.91,115.103
43.44,0,0,3,1,1,0,0,1,-1.52328e-157,0,3.30149e-25,4.1791e-26,0.861184,6695.54,114.914
43.46,0,0,3,1,1,0,0,1,-1.25891e-157,0,2.2927e-25,2.90215e-26,-1.51818,6699.13,115.482
43.48,0,0,3,1,1,0,0,1,-1.04042e-157,0,1.59215e-25,2.01538e-26,-1.25738,6699.21,114.835
43.5,0,0,3,1,1,0,0,1,-8.5985e-158,0,1.10566e-25,1.39957e-26,-0.224449,6695.96,114.947
43.52,0,0,3,1,1,0,0,1,-7.1062e-158,0,7.6782e-26,9.71925e-27,1.40587,6691.34,115.079
43.54,0,0,3,1,1,0,0,1,-5.87289e-158,0,5.33209e-26,6.74948e-27,1.88978,6700.49,114.575
43.56,0,0,3,1,1,0,0,1,-4.85363e-158,0,3.70284e-26,4.68714e-27,0.897146,6698.85,115.028
43.58,0,0,3,1,1,0,0,1,-4.01126e-158,0,2.57141e-26,3.25496e-27,0.144796,6688.92,114.877
43.6,0,0,3,1,1,0,0,1,-3.31509e-158,0,1.7857e-26,2.26039e-27,0.135146,6686.75,114.651
43.62,0,0,3,1,1,0,0,1,-2.73975e-158,0,1.24007e-26,1.56971e-27,-0.545605,6690.59,114.639
43.64,0,0,3,1,1,0,0,1,-2.26425e-158,0,8.61162e-27,1.09008e-27,0.247482,6681.62,114.857
43.66,0,0,3,1,1,0,0,1,-1.87128e-158,0,5.98029e-27,7.56999e-28,-0.57152,6686.14,114.59
43.68,0,0,3,1,1,0,0,1,-1.54652e-158,0,4.15298e-27,5.25693e-28,0.3858,6685.46,114.911
43.7,0,0,3,1,1,0,0,1,-1.27811e-158,0,2.88401e-27,3.65065e-28,-0.558171,6678.53,114.894
43.72,0,0,3,1,1,0,0,1,-1.05629e-158,0,2.00279e-27,2.53517e-28,1.43551,6683.11,114.777
43.74,0,0,3,1,1,0,0,1,-8.72968e-159,0,1.39082e-27,1.76054e-28,1.36594,6681.79,114.935
43.76,0,0,3,1,1,0,0,1,-7.21461e-159,0,9.6585e-28,1.2226e-28,-0.513824,6676.66,114.532
43.78,0,0,3,1,1,0,0,1,-5.96249e-159,0,6.70729e-28,8.49024e-29,-0.966744,6677.58,114.731
43.8,0,0,3,1,1,0,0,1,-4.92768e-159,0,4.65784e-28,5.896e-29,0.238434,6672.46,114.679
43.82,0,0,3,1,1,0,0,1,-4.07246e-159,0,3.23461e-28,4.09445e-29,0.407724,6680.61,114.483
43.84,0,0,3,1,1,0,0,1,-3.36567e-159,0,2.24626e-28,2.84337e-29,3.02722,6674.81,114.803
43.86,0,0,3,1,1,0,0,1,-2.78154e-159,0,1.5599e-28,1.97456e-29,2.01081,6668.54,114.671
43.88,0,0,3,1,1,0,0,1,-2.2988e-159,0,1.08327e-28,1.37122e-29,0.871269,6668.51,114.625
43.9,0,0,3,1,1,0,0,1,-1.89983e-159,0,7.52267e-29,9.52237e-30,0.57634,6667.57,114.562
43.92,0,0,3,1,1,0,0,1,-1.57011e-159,0,5.22408e-29,6.61276e-30,-1.44251,6666.62,114.474
43.94,0,0,3,1,1,0,0,1,-1.29761e-159,0,3.62783e-29,4.59219e-30,-1.25183,6668.33,114.442
43.96,0,0,3,1,1,0,0,1,-1.07241e-159,0,2.51933e-29,3.18902e-30,0.808366,6680.12,114.178
43.98,0,0,3,1,1,0,0,1,-8.86286e-160,0,1.74953e-29,2.2146e-30,-1.84513,6660.49,114.524
44,0,0,3,1,1,0,0,1,-7.32468e-160,0,1.21495e-29,1.53792e-30,-1.36202,6663.63,114.558
44.02,0,0,3,1,1,0,0,1,-6.05345e-160,0,8.43718e-30,1.068e-30,-4.17652,6670.54,114.245
44.04,0,0,3,1,1,0,0,1,-5.00285e-160,0,5.85915e-30,7.41665e-31,-2.33696,6659.92,114.743
44.06,0,0,3,1,1,0,0,1,-4.13459e-160,0,4.06886e-30,5.15045e-31,1.47747,6662.33,114.596
44.08,0,0,3,1,1,0,0,1,-3.41702e-160,0,2.82559e-30,3.5767e-31,1.8122,6667.44,114.546
44.1,0,0,3,1,1,0,0,1,-2.82398e-160,0,1.96222e-30,2.48382e-31,-0.861397,6656.11,114.361
44.12,0,0,3,1,1,0,0,1,-2.33387e-160,0,1.36265e-30,1.72488e-31,2.00225,6645.71,114.427
44.14,0,0,3,1,1,0,0,1,-1.92882e-160,0,9.46286e-31,1.19783e-31,-0.823188,6653.1,114.222
44.16,0,0,3,1,1,0,0,1,-1.59406e-160,0,6.57143e-31,8.31827e-32,1.955,6661.31,114.333
44.18,0,0,3,1,1,0,0,1,-1.31741e-160,0,4.56349e-31,5.77657e-32,0.158386,6645.86,114.342
44.2,0,0,3,1,1,0,0,1,-1.08877e-160,0,3.16909e-31,4.01151e-32,3.32743,6642.42,114.238
44.22,0,0,3,1,1,0,0,1,-8.99807e-161,0,2.20076e-31,2.78577e-32,-0.90313,6649.83,114.274
44.24,0,0,3,1,1,0,0,1,-7.43642e-161,0,1.5283e-31,1.93456e-32,0.274824,6651.79,114.059
44.26,0,0,3,1,1,0,0,1,-6.1458e-161,0,1.06132e-31,1.34345e-32,3.54053,6639.48,114.054
44.28,0,0,3,1,1,0,0,1,-5.07918e-161,0,7.3703e-32,9.32949e-33,-1.64008,6639.24,114.064
44.3,0,0,3,1,1,0,0,1,-4.19767e-161,0,5.11826e-32,6.47881e-33,-0.771978,6645.89,113.906
44.32,0,0,3,1,1,0,0,1,-3.46915e-161,0,3.55435e-32,4.49917e-33,-0.964258,6643.87,113.952
44.34,0,0,3,1,1,0,0,1,-2.86706e-161,0,2.4683e-32,3.12443e-33,-2.58877,6628.9,114.289
44.36,0,0,3,1,1,0,0,1,-2.36947e-161,0,1.7141e-32,2.16974e-33,-0.32571,6648.25,113.961
44.38,0,0,3,1,1,0,0,1,-1.95824e-161,0,1.19034e-32,1.50676e-33,0.859449,6646.53,113.699
44.4,0,0,3,1,1,0,0,1,-1.61838e-161,0,8.26628e-33,1.04636e-33,1.26627,6643.13,114.152
44.42,0,0,3,1,1,0,0,1,-1.33751e-161,0,5.74047e-33,7.26642e-34,-0.102458,6633.85,113.822
44.44,0,0,3,1,1,0,0,1,-1.10538e-161,0,3.98644e-33,5.04612e-34,0.817584,6639.72,113.57
44.46,0,0,3,1,1,0,0,1,-9.13535e-162,0,2.76836e-33,3.50425e-34,1.18091,6640.82,114.115
44.48,0,0,3,1,1,0,0,1,-7.54987e-162,0,1.92247e-33,2.43351e-34,1.46113,6627.4,113.821
44.5,0,0,3,1,1,0,0,1,-6.23956e-162,0,1.33505e-33,1.68994e-34,-1.45573,6623.46,113.79
44.52,0,0,3,1,1,0,0,1,-5.15666e-162,0,9.27118e-34,1.17357e-34,0.299374,6632.37,113.991
44.54,0,0,3,1,1,0,0,1,-4.26171e-162,0,6.43832e-34,8.14977e-35,-1.71972,6618.75,113.821
44.56,0,0,3,1,1,0,0,1,-3.52207e-162,0,4.47106e-34,5.65956e-35,-0.00118133,6624.39,114.266
44.58,0,0,3,1,1,0,0,1,-2.9108e-162,0,3.1049e-34,3.93025e-35,1.6423,6629.33,113.942
44.6,0,0,3,1,1,0,0,1,-2.40562e-162,0,2.15618e-34,2.72934e-35,-2.06433,6615.18,113.672
44.62,0,0,3,1,1,0,0,1,-1.98812e-162,0,1.49735e-34,1.89538e-35,-0.655971,6616.64,113.666
44.64,0,0,3,1,1,0,0,1,-1.64307e-162,0,1.03982e-34,1.31623e-35,-0.581908,6621.74,113.57
44.66,0,0,3,1,1,0,0,1,-1.35791e-162,0,7.221e-35,9.14051e-36,1.59906,6620.07,113.877
44.68,0,0,3,1,1,0,0,1,-1.12224e-162,0,5.01459e-35,6.34758e-36,2.47539,6614.25,113.821
44.7,0,0,3,1,1,0,0,1,-9.27471e-163,0,3.48235e-35,4.40804e-36,0.948451,6611.96,113.61
44.72,0,0,3,1,1,0,0,1,-7.66505e-163,0,2.4183e-35,3.06114e-36,-2.7007,6605.91,113.577
44.74,0,0,3,1,1,0,0,1,-6.33475e-163,0,1.67937e-35,2.12579e-36,1.70912,6606.88,113.428
44.76,0,0,3,1,1,0,0,1,-5.23533e-163,0,1.16623e-35,1.47624e-36,0.611192,6620.19,113.63
44.78,0,0,3,1,1,0,0,1,-4.32672e-163,0,8.09884e-36,1.02517e-36,-0.244102,6607.23,113.466
44.8,0,0,3,1,1,0,0,1,-3.5758e-163,0,5.62419e-36,7.11923e-37,1.53277,6609.45,113.873
44.82,0,0,3,1,1,0,0,1,-2.95521e-163,0,3.90569e-36,4.94391e-37,0.485397,6613.63,113.732
44.84,0,0,3,1,1,0,0,1,-2.44232e-163,0,2.71228e-36,3.43327e-37,1.99408,6610.16,113.642
44.86,0,0,3,1,1,0,0,1,-2.01845e-163,0,1.88353e-36,2.38422e-37,-3.12473,6605.05,113.518
44.88,0,0,3,1,1,0,0,1,-1.66814e-163,0,1.30801e-36,1.65571e-37,-1.27147,6604.88,113.701
44.9,0,0,3,1,1,0,0,1,-1.37863e-163,0,9.08338e-37,1.1498e-37,0.582688,6608.13,113.357
44.92,0,0,3,1,1,0,0,1,-1.13936e-163,0,6.30791e-37,7.98469e-38,-1.50154,6595.65,113.384
44.94,0,0,3,1,1,0,0,1,-9.41621e-164,0,4.38049e-37,5.54492e-38,-0.240603,6604.95,113.083
44.96,0,0,3,1,1,0,0,1,-7.78199e-164,0,3.04201e-37,3.85064e-38,-0.128396,6595.03,113.704
44.98,0,0,3,1,1,0,0,1,-6.4314e-164,0,2.1125e-37,2.67406e-38,-1.16021,6597.6,113.257
45,0,0,3,1,1,0,0,1,-5.3152e-164,0,1.46702e-37,1.85698e-38,1.02914,6603.67,113.356
45.02,0,0,3,1,1,0,0,1,-4.39273e-164,0,1.01876e-37,1.28957e-38,0.0807263,6595.79,113.252
45.04,0,0,3,1,1,0,0,1,-3.63036e-164,0,7.07474e-38,8.95536e-39,-0.686004,6595.01,113.382
45.06,0,0,3,1,1,0,0,1,-3.00029e-164,0,4.91301e-38,6.219e-39,-1.28545,6591.86,113.372
45.08,0,0,3,1,1,0,0,1,-2.47958e-164,0,3.41181e-38,4.31875e-39,2.36015,6598.22,113.228
45.1,0,0,3,1,1,0,0,1,-2.04924e-164,0,2.36931e-38,2.99913e-39,0.40361,6591.91,113.226
45.12,0,0,3,1,1,0,0,1,-1.69359e-164,0,1.64536e-38,2.08273e-39,0.189192,6587.15,113.082
45.14,0,0,3,1,1,0,0,1,-1.39966e-164,0,1.14261e-38,1.44634e-39,-0.721635,6590.63,113.496
45.16,0,0,3,1,1,0,0,1,-1.15674e-164,0,7.93479e-39,1.0044e-39,1.1161,6585.26,113.42
45.18,0,0,3,1,1,0,0,1,-9.55986e-165,0,5.51027e-39,6.97502e-40,-0.162256,6585.72,113.194
45.2,0,0,3,1,1,0,0,1,-7.90071e-165,0,3.82658e-39,4.84377e-40,-0.717687,6580.51,113.111
45.22,0,0,3,1,1,0,0,1,-6.52951e-165,0,2.65734e-39,3.36373e-40,-1.01068,6588.87,113.165
45.24,0,0,3,1,1,0,0,1,-5.39629e-165,0,1.84538e-39,2.33592e-40,3.65898,6591.85,113.059
45.26,0,0,3,1,1,0,0,1,-4.45975e-165,0,1.28151e-39,1.62217e-40,1.0908,6584.83,112.92
45.28,0,0,3,1,1,0,0,1,-3.68574e-165,0,8.89939e-40,1.12651e-40,0.375007,6576.84,112.708
45.3,0,0,3,1,1,0,0,1,-3.04607e-165,0,6.18013e-40,7.82295e-41,-0.37963,6568.67,113.15
45.32,0,0,3,1,1,0,0,1,-2.51741e-165,0,4.29176e-40,5.43261e-41,0.711333,6576.56,112.983
45.34,0,0,3,1,1,0,0,1,-2.0805e-165,0,2.98039e-40,3.77264e-41,0.0208037,6575.21,113.058
45.36,0,0,3,1,1,0,0,1,-1.71943e-165,0,2.06971e-40,2.61989e-41,-0.986195,6585.38,112.797
45.38,0,0,3,1,1,0,0,1,-1.42101e-165,0,1.4373e-40,1.81937e-41,0.757785,6571.13,113.021
45.4,0,0,3,1,1,0,0,1,-1.17439e-165,0,9.98126e-41,1.26345e-41,-1.54927,6572.21,112.973
45.42,0,0,3,1,1,0,0,1,-9.70571e-166,0,6.93143e-41,8.77396e-42,-1.74196,6570.45,113.008
45.44,0,0,3,1,1,0,0,1,-8.02125e-166,0,4.81349e-41,6.09303e-42,2.08305,6564.96,112.877
45.46,0,0,3,1,1,0,0,1,-6.62913e-166,0,3.3427e-41,4.23127e-42,-0.184964,6570.04,112.848
45.48,0,0,3,1,1,0,0,1,-5.47862e-166,0,2.32132e-41,2.93838e-42,1.00356,6565.12,112.74
45.5,0,0,3,1,1,0,0,1,-4.52778e-166,0,1.61203e-41,2.04054e-42,-2.43139,6563.87,112.664
45.52,0,0,3,1,1,0,0,1,-3.74197e-166,0,1.11946e-41,1.41704e-42,-0.191533,6564.68,112.758
45.54,0,0,3,1,1,0,0,1,-3.09254e-166,0,7.77406e-42,9.84058e-43,1.73106,6555.1,112.642
45.56,0,0,3,1,1,0,0,1,-2.55582e-166,0,5.39865e-42,6.83374e-43,1.78279,6558.69,112.716
45.58,0,0,3,1,1,0,0,1,-2.11224e-166,0,3.74906e-42,4.74565e-43,-1.92075,6560.77,112.568
45.6,0,0,3,1,1,0,0,1,-1.74566e-166,0,2.60352e-42,3.29559e-43,-1.58018,6552.43,112.921
45.62,0,0,3,1,1,0,0,1,-1.44269e-166,0,1.808e-42,2.28861e-43,2.77275,6563.38,112.473
45.64,0,0,3,1,1,0,0,1,-1.19231e-166,0,1.25555e-42,1.58931e-43,-1.06506,6549.53,112.752
45.66,0,0,3,1,1,0,0,1,-9.85378e-167,0,8.71913e-43,1.10369e-43,-2.75436,6555.33,112.729
45.68,0,0,3,1,1,0,0,1,-8.14362e-167,0,6.05495e-43,7.66449e-44,0.410367,6552.01,112.773
45.7,0,0,3,1,1,0,0,1,-6.73026e-167,0,4.20483e-43,5.32256e-44,1.83383,6549.73,112.755
45.72,0,0,3,1,1,0,0,1,-5.5622e-167,0,2.92002e-43,3.69623e-44,-0.555033,6548.07,112.528
45.74,0,0,3,1,1,0,0,1,-4.59686e-167,0,2.02779e-43,2.56682e-44,-1.57626,6547.27,112.435
45.76,0,0,3,1,1,0,0,1,-3.79906e-167,0,1.40819e-43,1.78252e-44,1.48214,6541.65,112.674
45.78,0,0,3,1,1,0,0,1,-3.13972e-167,0,9.77908e-44,1.23786e-44,4.30633,6541.16,112.645
45.8,0,0,3,1,1,0,0,1,-2.59481e-167,0,6.79103e-44,8.59624e-45,-0.910521,6541.7,112.64
45.82,0,0,3,1,1,0,0,1,-2.14447e-167,0,4.71599e-44,5.96961e-45,0.416523,6546.86,112.54
45.84,0,0,3,1,1,0,0,1,-1.77229e-167,0,3.27499e-44,4.14556e-45,-0.120923,6546.47,112.107
45.86,0,0,3,1,1,0,0,1,-1.4647e-167,0,2.2743e-44,2.87886e-45,0.0382481,6539.35,112.231
45.88,0,0,3,1,1,0,0,1,-1.2105e-167,0,1.57938e-44,1.99921e-45,0.873974,6541.5,112.234
45.9,0,0,3,1,1,0,0,1,-1.00041e-167,0,1.09679e-44,1.38834e-45,2.14751,6533,112.357
45.92,0,0,3,1,1,0,0,1,-8.26786e-168,0,7.61659e-45,9.64125e-46,-0.704115,6542.52,112.222
45.94,0,0,3,1,1,0,0,1,-6.83294e-168,0,5.2893e-45,6.69531e-46,-3.66884,6527.92,112.284
45.96,0,0,3,1,1,0,0,1,-5.64706e-168,0,3.67312e-45,4.64952e-46,2.65683,6530.8,112.669
45.98,0,0,3,1,1,0,0,1,-4.66699e-168,0,2.55078e-45,3.22884e-46,1.95636,6527,112.422
46,0,0,3,1,1,0,0,1,-3.85702e-168,0,1.77138e-45,2.24225e-46,1.6487,6531.71,112.529
46.02,0,0,3,1,1,0,0,1,-3.18762e-168,0,1.23012e-45,1.55712e-46,1.08815,6531.08,112.388
46.04,0,0,3,1,1,0,0,1,-2.63439e-168,0,8.54251e-46,1.08133e-46,1.75241,6537.68,112.236
46.06,0,0,3,1,1,0,0,1,-2.17718e-168,0,5.9323e-46,7.50924e-47,0.45985,6530.66,111.994
46.08,0,0,3,1,1,0,0,1,-1.79933e-168,0,4.11965e-46,5.21475e-47,1.43828,6534.79,112.119
46.1,0,0,3,1,1,0,0,1,-1.48705e-168,0,2.86087e-46,3.62135e-47,3.38471,6523.05,112.291
46.12,0,0,3,1,1,0,0,1,-1.22896e-168,0,1.98672e-46,2.51483e-47,-1.17471,6527.84,112.357
46.14,0,0,3,1,1,0,0,1,-1.01567e-168,0,1.37966e-46,1.74641e-47,0.12416,6525.79,112.177
46.16,0,0,3,1,1,0,0,1,-8.39399e-169,0,9.581e-47,1.21278e-47,-1.17918,6530.26,112.281
46.18,0,0,3,1,1,0,0,1,-6.93718e-169,0,6.65347e-47,8.42211e-48,1.5595,6528.27,111.991
46.2,0,0,3,1,1,0,0,1,-5.73321e-169,0,4.62046e-47,5.84869e-48,0.194754,6523.77,112.176
46.22,0,0,3,1,1,0,0,1,-4.73819e-169,0,3.20866e-47,4.06159e-48,1.06654,6534.21,112.048
46.24,0,0,3,1,1,0,0,1,-3.91586e-169,0,2.22823e-47,2.82055e-48,0.617511,6511.12,112.141
46.26,0,0,3,1,1,0,0,1,-3.23625e-169,0,1.54738e-47,1.95871e-48,-0.318664,6516.39,112.023
46.28,0,0,3,1,1,0,0,1,-2.67458e-169,0,1.07457e-47,1.36022e-48,1.65972,6515.35,112.076
46.3,0,0,3,1,1,0,0,1,-2.2104e-169,0,7.46231e-48,9.44596e-49,3.01356,6516.15,112.288
46.32,0,0,3,1,1,0,0,1,-1.82678e-169,0,5.18216e-48,6.55969e-49,0.181538,6511.91,111.933
46.34,0,0,3,1,1,0,0,1,-1.50973e-169,0,3.59872e-48,4.55534e-49,1.0796,6508.86,111.917
46.36,0,0,3,1,1,0,0,1,-1.24771e-169,0,2.49911e-48,3.16343e-49,-1.70096,6516.3,111.846
46.38,0,0,3,1,1,0,0,1,-1.03117e-169,0,1.73549e-48,2.19683e-49,-0.797212,6510.01,111.9
46.4,0,0,3,1,1,0,0,1,-8.52205e-170,0,1.2052e-48,1.52558e-49,0.180234,6507.39,111.808
46.42,0,0,3,1,1,0,0,1,-7.04302e-170,0,8.36948e-49,1.05943e-49,-0.551604,6510.8,111.59
46.44,0,0,3,1,1,0,0,1,-5.82067e-170,0,5.81214e-49,7.35713e-50,-0.881517,6506.14,111.796
46.46,0,0,3,1,1,0,0,1,-4.81047e-170,0,4.03621e-49,5.10912e-50,1.77966,6502.68,111.872
46.48,0,0,3,1,1,0,0,1,-3.9756e-170,0,2.80292e-49,3.548e-50,-0.0290685,6499.04,111.455
46.5,0,0,3,1,1,0,0,1,-3.28562e-170,0,1.94647e-49,2.46389e-50,-0.602035,6504.34,111.651
46.52,0,0,3,1,1,0,0,1,-2.71539e-170,0,1.35172e-49,1.71103e-50,-2.51714,6500.04,111.564
46.54,0,0,3,1,1,0,0,1,-2.24412e-170,0,9.38692e-50,1.18822e-50,-0.0733612,6500.25,111.561
46.56,0,0,3,1,1,0,0,1,-1.85465e-170,0,6.5187e-50,8.25152e-51,-0.484167,6489.46,111.423
46.58,0,0,3,1,1,0,0,1,-1.53277e-170,0,4.52687e-50,5.73022e-51,-1.0543,6501.59,111.543
46.6,0,0,3,1,1,0,0,1,-1.26675e-170,0,3.14366e-50,3.97932e-51,-2.51585,6494.15,111.619
46.62,0,0,3,1,1,0,0,1,-1.0469e-170,0,2.1831e-50,2.76342e-51,-2.691,6499.4,111.679
46.64,0,0,3,1,1,0,0,1,-8.65206e-171,0,1.51604e-50,1.91904e-51,0.825885,6503.25,111.578
46.66,0,0,3,1,1,0,0,1,-7.15046e-171,0,1.05281e-50,1.33267e-51,0.100665,6489.94,111.707
46.68,0,0,3,1,1,0,0,1,-5.90947e-171,0,7.31115e-51,9.25462e-52,0.697401,6496.34,111.565
46.7,0,0,3,1,1,0,0,1,-4.88386e-171,0,5.07719e-51,6.42682e-52,1.41537,6495.4,111.678
46.72,0,0,3,1,1,0,0,1,-4.03625e-171,0,3.52583e-51,4.46307e-52,1.31706,6489.07,111.541
46.74,0,0,3,1,1,0,0,1,-3.33574e-171,0,2.44849e-51,3.09935e-52,0.074641,6482.07,111.3
46.76,0,0,3,1,1,0,0,1,-2.75681e-171,0,1.70034e-51,2.15233e-52,-1.09793,6484.96,111.304
46.78,0,0,3,1,1,0,0,1,-2.27836e-171,0,1.18079e-51,1.49467e-52,-0.834038,6477.95,111.498
46.8,0,0,3,1,1,0,0,1,-1.88294e-171,0,8.19994e-52,1.03797e-52,0.109239,6477.74,111.323
46.82,0,0,3,1,1,0,0,1,-1.55615e-171,0,5.69441e-52,7.20811e-53,0.667289,6479.69,111.356
46.84,0,0,3,1,1,0,0,1,-1.28607e-171,0,3.95445e-52,5.00563e-53,0.978761,6481.01,111.408
46.86,0,0,3,1,1,0,0,1,-1.06287e-171,0,2.74614e-52,3.47613e-53,-1.77848,6470.46,111.444
46.88,0,0,3,1,1,0,0,1,-8.78406e-172,0,1.90705e-52,2.41398e-53,1.20369,6475.85,111.331
46.9,0,0,3,1,1,0,0,1,-7.25955e-172,0,1.32434e-52,1.67638e-53,0.941386,6468.92,111.214
46.92,0,0,3,1,1,0,0,1,-5.99963e-172,0,9.19678e-53,1.16415e-53,0.742969,6473.01,111.453
46.94,0,0,3,1,1,0,0,1,-4.95837e-172,0,6.38666e-53,8.08437e-54,-0.296659,6477.67,111.582
46.96,0,0,3,1,1,0,0,1,-4.09783e-172,0,4.43518e-53,5.61415e-54,1.68655,6474.65,111.134
46.98,0,0,3,1,1,0,0,1,-3.38663e-172,0,3.07998e-53,3.89871e-54,-1.32532,6472.39,111.216
47,0,0,3,1,1,0,0,1,-2.79887e-172,0,2.13888e-53,2.70744e-54,-0.0545337,6475.55,111.218
47.02,0,0,3,1,1,0,0,1,-2.31312e-172,0,1.48533e-53,1.88017e-54,0.437154,6471.9,111.209
47.04,0,0,3,1,1,0,0,1,-1.91167e-172,0,1.03148e-53,1.30567e-54,-2.23402,6477.01,111.054
47.06,0,0,3,1,1,0,0,1,-1.57989e-172,0,7.16306e-54,9.06716e-55,-0.949495,6469.34,111.146
47.08,0,0,3,1,1,0,0,1,-1.30569e-172,0,4.97435e-54,6.29664e-55,-0.117748,6465.14,111.159
47.1,0,0,3,1,1,0,0,1,-1.07909e-172,0,3.45441e-54,4.37267e-55,0.952557,6464.63,111.112
47.12,0,0,3,1,1,0,0,1,-8.91807e-173,0,2.39889e-54,3.03657e-55,-0.32578,6463.96,111.006
47.14,0,0,3,1,1,0,0,1,-7.3703e-173,0,1.6659e-54,2.10873e-55,0.160362,6452.79,111.193
47.16,0,0,3,1,1,0,0,1,-6.09116e-173,0,1.15687e-54,1.4644e-55,-0.635165,6457.75,110.973
47.18,0,0,3,1,1,0,0,1,-5.03402e-173,0,8.03385e-55,1.01694e-55,-1.59044,6462.87,110.872
47.2,0,0,3,1,1,0,0,1,-4.16034e-173,0,5.57906e-55,7.0621e-56,2.42996,6446.2,111.013
47.22,0,0,3,1,1,0,0,1,-3.4383e-173,0,3.87435e-55,4.90424e-56,0.11091,6458.03,110.966
47.24,0,0,3,1,1,0,0,1,-2.84157e-173,0,2.69052e-55,3.40572e-56,-1.15046,6453.27,111.137
47.26,0,0,3,1,1,0,0,1,-2.34841e-173,0,1.86842e-55,2.36508e-56,0.149005,6446.96,110.896
47.28,0,0,3,1,1,0,0,1,-1.94083e-173,0,1.29751e-55,1.64242e-56,-0.948581,6453.98,111.014
47.3,0,0,3,1,1,0,0,1,-1.60399e-173,0,9.01049e-56,1.14057e-56,-0.491378,6444.71,110.88
47.32,0,0,3,1,1,0,0,1,-1.32561e-173,0,6.25729e-56,7.92062e-57,0.843431,6451.44,110.809
47.34,0,0,3,1,1,0,0,1,-1.09555e-173,0,4.34534e-56,5.50043e-57,3.34327,6447.72,110.768
47.36,0,0,3,1,1,0,0,1,-9.05412e-174,0,3.0176e-56,3.81974e-57,1.75435,6452.22,110.72
47.38,0,0,3,1,1,0,0,1,-7.48274e-174,0,2.09555e-56,2.6526e-57,-1.53104,6442.96,110.59
47.4,0,0,3,1,1,0,0,1,-6.18409e-174,0,1.45525e-56,1.84208e-57,3.33054,6440.36,110.501
47.42,0,0,3,1,1,0,0,1,-5.11081e-174,0,1.01059e-56,1.27922e-57,-1.60521,6437.57,110.562
47.44,0,0,3,1,1,0,0,1,-4.22381e-174,0,7.01796e-57,8.8835e-58,-1.22797,6434.62,110.734
47.46,0,0,3,1,1,0,0,1,-3.49076e-174,0,4.87359e-57,6.1691e-58,1.23551,6434.34,110.544
47.48,0,0,3,1,1,0,0,1,-2.88492e-174,0,3.38444e-57,4.2841e-58,-2.87658,6438.81,110.651
47.5,0,0,3,1,1,0,0,1,-2.38423e-174,0,2.3503e-57,2.97507e-58,0.690376,6432.65,110.684
47.52,0,0,3,1,1,0,0,1,-1.97044e-174,0,1.63215e-57,2.06602e-58,2.50588,6444.74,110.541
47.54,0,0,3,1,1,0,0,1,-1.62846e-174,0,1.13344e-57,1.43473e-58,0.801562,6424.58,110.509
47.56,0,0,3,1,1,0,0,1,-1.34584e-174,0,7.87111e-58,9.96344e-59,0.201141,6434.45,110.58
47.58,0,0,3,1,1,0,0,1,-1.11226e-174,0,5.46605e-58,6.91905e-59,-1.25089,6435.97,110.548
47.6,0,0,3,1,1,0,0,1,-9.19225e-175,0,3.79587e-58,4.8049e-59,-2.0956,6430.84,110.544
47.62,0,0,3,1,1,0,0,1,-7.5969e-175,0,2.63602e-58,3.33673e-59,1.16889,6430.94,110.362
47.64,0,0,3,1,1,0,0,1,-6.27843e-175,0,1.83057e-58,2.31718e-59,4.28197,6431.52,110.363
47.66,0,0,3,1,1,0,0,1,-5.18879e-175,0,1.27123e-58,1.60915e-59,-0.444661,6425.65,110.481
47.68,0,0,3,1,1,0,0,1,-4.28825e-175,0,8.82798e-59,1.11747e-59,0.111305,6432.72,110.464
47.7,0,0,3,1,1,0,0,1,-3.54401e-175,0,6.13054e-59,7.76018e-60,1.71992,6428.56,110.544
47.72,0,0,3,1,1,0,0,1,-2.92893e-175,0,4.25732e-59,5.38901e-60,-0.978698,6428.29,110.345
47.74,0,0,3,1,1,0,0,1,-2.42061e-175,0,2.95647e-59,3.74237e-60,0.845314,6436.16,110.549
47.76,0,0,3,1,1,0,0,1,-2.0005e-175,0,2.05311e-59,2.59887e-60,-1.17663,6415.3,110.16
47.78,0,0,3,1,1,0,0,1,-1.65331e-175,0,1.42577e-59,1.80477e-60,0.962581,6421.36,110.19
47.8,0,0,3,1,1,0,0,1,-1.36637e-175,0,9.90117e-60,1.25331e-60,-1.12028,6427.51,110.451
47.82,0,0,3,1,1,0,0,1,-1.12923e-175,0,6.87581e-60,8.70356e-61,0.364865,6417.4,110.457
47.84,0,0,3,1,1,0,0,1,-9.33249e-176,0,4.77487e-60,6.04414e-61,1.4977,6412.64,110.024
47.86,0,0,3,1,1,0,0,1,-7.7128e-176,0,3.31588e-60,4.19732e-61,-0.278988,6422.48,110.077
47.88,0,0,3,1,1,0,0,1,-6.37421e-176,0,2.30269e-60,2.9148e-61,-2.95957,6412.51,110.558
47.9,0,0,3,1,1,0,0,1,-5.26795e-176,0,1.59909e-60,2.02417e-61,-3.89328,6418.46,110.359
47.92,0,0,3,1,1,0,0,1,-4.35367e-176,0,1.11048e-60,1.40567e-61,-0.121999,6414.78,110.108
47.94,0,0,3,1,1,0,0,1,-3.59808e-176,0,7.71168e-61,9.76162e-62,-1.46264,6410.27,110.12
47.96,0,0,3,1,1,0,0,1,-2.97362e-176,0,5.35533e-61,6.7789e-62,-0.110062,6405.69,110.307
47.98,0,0,3,1,1,0,0,1,-2.45754e-176,0,3.71898e-61,4.70757e-62,0.677369,6415.13,109.804
48,0,0,3,1,1,0,0,1,-2.03102e-176,0,2.58263e-61,3.26915e-62,0.167293,6410.27,110.255
48.02,0,0,3,1,1,0,0,1,-1.67853e-176,0,1.79349e-61,2.27024e-62,-1.67908,6404.29,109.965
48.04,0,0,3,1,1,0,0,1,-1.38721e-176,0,1.24548e-61,1.57656e-62,1.08832,6408.02,109.892
48.06,0,0,3,1,1,0,0,1,-1.14646e-176,0,8.64916e-62,1.09483e-62,0.935395,6412.03,110.043
48.08,0,0,3,1,1,0,0,1,-9.47486e-177,0,6.00636e-62,7.60299e-63,-0.400437,6406.95,109.917
48.1,0,0,3,1,1,0,0,1,-7.83047e-177,0,4.17108e-62,5.27985e-63,3.08726,6399.99,110.036
48.12,0,0,3,1,1,0,0,1,-6.47146e-177,0,2.89659e-62,3.66656e-63,0.102819,6393.81,110.103
48.14,0,0,3,1,1,0,0,1,-5.34831e-177,0,2.01152e-62,2.54623e-63,-1.47402,6414.65,110.197
48.16,0,0,3,1,1,0,0,1,-4.42009e-177,0,1.39689e-62,1.76821e-63,0.973523,6397.1,109.923
48.18,0,0,3,1,1,0,0,1,-3.65297e-177,0,9.70061e-63,1.22793e-63,2.49895,6397.6,109.786
48.2,0,0,3,1,1,0,0,1,-3.01898e-177,0,6.73653e-63,8.52726e-64,1.4476,6389.62,109.92
48.22,0,0,3,1,1,0,0,1,-2.49503e-177,0,4.67815e-63,5.92171e-64,-1.36379,6384.17,110.031
48.24,0,0,3,1,1,0,0,1,-2.06201e-177,0,3.24871e-63,4.1123e-64,-1.45199,6395.74,109.746
48.26,0,0,3,1,1,0,0,1,-1.70414e-177,0,2.25605e-63,2.85576e-64,1.61332,6388.67,109.776
48.28,0,0,3,1,1,0,0,1,-1.40838e-177,0,1.5667e-63,1.98317e-64,-1.76591,6390.87,109.825
48.3,0,0,3,1,1,0,0,1,-1.16395e-177,0,1.08799e-63,1.3772e-64,0.969069,6393.89,109.893
48.32,0,0,3,1,1,0,0,1,-9.61941e-178,0,7.55547e-64,9.56389e-65,-0.000609055,6396.05,109.688
48.34,0,0,3,1,1,0,0,1,-7.94993e-178,0,5.24685e-64,6.64159e-65,-1.3079,6392.79,109.453
48.36,0,0,3,1,1,0,0,1,-6.57019e-178,0,3.64365e-64,4.61221e-65,1.99062,6378.86,109.619
48.38,0,0,3,1,1,0,0,1,-5.42991e-178,0,2.53031e-64,3.20293e-65,-0.391717,6382.16,109.663
48.4,0,0,3,1,1,0,0,1,-4.48753e-178,0,1.75716e-64,2.22425e-65,1.13867,6379.48,109.506
48.42,0,0,3,1,1,0,0,1,-3.7087e-178,0,1.22025e-64,1.54462e-65,-1.29175,6379.44,109.592
48.44,0,0,3,1,1,0,0,1,-3.06504e-178,0,8.47396e-65,1.07265e-65,1.40156,6388.83,109.514
48.46,0,0,3,1,1,0,0,1,-2.53309e-178,0,5.8847e-65,7.44898e-66,-0.160768,6382.25,109.823
48.48,0,0,3,1,1,0,0,1,-2.09346e-178,0,4.08659e-65,5.1729e-66,-1.19499,6370.03,109.591
48.5,0,0,3,1,1,0,0,1,-1.73014e-178,0,2.83791e-65,3.5923e-66,-0.152652,6372.93,109.676
48.52,0,0,3,1,1,0,0,1,-1.42986e-178,0,1.97077e-65,2.49465e-66,-0.124407,6380.47,109.504
48.54,0,0,3,1,1,0,0,1,-1.18171e-178,0,1.36859e-65,1.7324e-66,-2.51928,6370.51,109.411
48.56,0,0,3,1,1,0,0,1,-9.76616e-179,0,9.50411e-66,1.20305e-66,0.308043,6364.89,109.53
48.58,0,0,3,1,1,0,0,1,-8.07121e-179,0,6.60008e-66,8.35453e-67,-0.298656,6381.97,109.507
48.6,0,0,3,1,1,0,0,1,-6.67042e-179,0,4.58339e-66,5.80176e-67,-2.26985,6364.95,109.463
48.62,0,0,3,1,1,0,0,1,-5.51275e-179,0,3.18291e-66,4.029e-67,-0.846005,6361.03,109.615
48.64,0,0,3,1,1,0,0,1,-4.55599e-179,0,2.21035e-66,2.79792e-67,0.422327,6369.22,109.277
48.66,0,0,3,1,1,0,0,1,-3.76528e-179,0,1.53497e-66,1.943e-67,-4.40941,6366.39,109.212
48.68,0,0,3,1,1,0,0,1,-3.1118e-179,0,1.06595e-66,1.3493e-67,-0.628296,6370.31,109.351
48.7,0,0,3,1,1,0,0,1,-2.57174e-179,0,7.40243e-67,9.37016e-68,0.267719,6359.23,109.674
48.72,0,0,3,1,1,0,0,1,-2.1254e-179,0,5.14057e-67,6.50706e-68,1.01613,6364.69,109.497
48.74,0,0,3,1,1,0,0,1,-1.75653e-179,0,3.56984e-67,4.51879e-68,-0.56077,6352.04,109.547
48.76,0,0,3,1,1,0,0,1,-1.45168e-179,0,2.47906e-67,3.13805e-68,0.283122,6358.47,109.341
48.78,0,0,3,1,1,0,0,1,-1.19973e-179,0,1.72157e-67,2.1792e-68,-0.7076,6356.74,109.204
48.8,0,0,3,1,1,0,0,1,-9.91516e-180,0,1.19553e-67,1.51333e-68,3.06553,6353.95,109.273
48.82,0,0,3,1,1,0,0,1,-8.19434e-180,0,8.30232e-68,1.05093e-68,0.961171,6351.87,109.374
48.84,0,0,3,1,1,0,0,1,-6.77219e-180,0,5.7655e-68,7.2981e-69,0.531247,6364.74,109.239
48.86,0,0,3,1,1,0,0,1,-5.59685e-180,0,4.00382e-68,5.06812e-69,-0.593884,6349.32,109.003
48.88,0,0,3,1,1,0,0,1,-4.62549e-180,0,2.78043e-68,3.51953e-69,0.682602,6348.08,109.174
48.9,0,0,3,1,1,0,0,1,-3.82272e-180,0,1.93085e-68,2.44412e-69,-1.80275,6356.54,109.121
48.92,0,0,3,1,1,0,0,1,-3.15927e-180,0,1.34087e-68,1.6973e-69,-1.16653,6345.42,109.345
48.94,0,0,3,1,1,0,0,1,-2.61097e-180,0,9.3116e-69,1.17868e-69,0.349556,6342.38,109.436
48.96,0,0,3,1,1,0,0,1,-2.15783e-180,0,6.46639e-69,8.1853e-70,-0.62826,6346.73,108.651
48.98,0,0,3,1,1,0,0,1,-1.78333e-180,0,4.49055e-69,5.68424e-70,3.31375,6343.34,109.019
49,0,0,3,1,1,0,0,1,-1.47382e-180,0,3.11844e-69,3.94739e-70,-2.67657,6340.37,108.692
49.02,0,0,3,1,1,0,0,1,-1.21804e-180,0,2.16558e-69,2.74124e-70,1.00853,6342.7,108.707
49.04,0,0,3,1,1,0,0,1,-1.00664e-180,0,1.50388e-69,1.90364e-70,0.933343,6349.44,109.096
49.06,0,0,3,1,1,0,0,1,-8.31936e-181,0,1.04436e-69,1.32197e-70,3.05371,6339.32,108.879
49.08,0,0,3,1,1,0,0,1,-6.8755e-181,0,7.25248e-70,9.18036e-71,-0.7764,6334.2,108.882
49.1,0,0,3,1,1,0,0,1,-5.68223e-181,0,5.03645e-70,6.37525e-71,1.23251,6339.9,108.893
49.12,0,0,3,1,1,0,0,1,-4.69606e-181,0,3.49753e-70,4.42726e-71,-0.993145,6342.39,109.006
49.14,0,0,3,1,1,0,0,1,-3.88104e-181,0,2.42884e-70,3.07448e-71,0.634978,6347.02,108.829
49.16,0,0,3,1,1,0,0,1,-3.20747e-181,0,1.6867e-70,2.13506e-71,-0.347097,6332.08,108.791
49.18,0,0,3,1,1,0,0,1,-2.6508e-181,0,1.17132e-70,1.48268e-71,0.837202,6335.24,108.721
49.2,0,0,3,1,1,0,0,1,-2.19075e-181,0,8.13414e-71,1.02964e-71,0.559167,6327.22,108.913
49.22,0,0,3,1,1,0,0,1,-1.81053e-181,0,5.64871e-71,7.15027e-72,-1.0579,6338.74,108.856
49.24,0,0,3,1,1,0,0,1,-1.49631e-181,0,3.92272e-71,4.96546e-72,-0.56726,6325.04,108.836
49.26,0,0,3,1,1,0,0,1,-1.23662e-181,0,2.72411e-71,3.44824e-72,-1.03581,6334.75,108.67
49.28,0,0,3,1,1,0,0,1,-1.022e-181,0,1.89174e-71,2.39461e-72,-1.55482,6335.84,108.627
49.3,0,0,3,1,1,0,0,1,-8.44628e-182,0,1.31371e-71,1.66292e-72,1.42448,6322.39,108.562
49.32,0,0,3,1,1,0,0,1,-6.98039e-182,0,9.12298e-72,1.15481e-72,-0.419586,6324.75,108.777
49.34,0,0,3,1,1,0,0,1,-5.76892e-182,0,6.33541e-72,8.0195e-73,0.991157,6314.93,108.617
49.36,0,0,3,1,1,0,0,1,-4.7677e-182,0,4.39959e-72,5.5691e-73,-0.0449861,6315.99,108.832
49.38,0,0,3,1,1,0,0,1,-3.94025e-182,0,3.05527e-72,3.86743e-73,3.14384,6325.57,108.615
49.4,0,0,3,1,1,0,0,1,-3.25641e-182,0,2.12171e-72,2.68571e-73,0.258962,6322.62,108.615
49.42,0,0,3,1,1,0,0,1,-2.69124e-182,0,1.47341e-72,1.86508e-73,-1.07901,6322.24,108.875
49.44,0,0,3,1,1,0,0,1,-2.22417e-182,0,1.0232e-72,1.29519e-73,-0.408264,6322.74,108.378
49.46,0,0,3,1,1,0,0,1,-1.83816e-182,0,7.10558e-73,8.9944e-74,1.45985,6317.38,108.312
49.48,0,0,3,1,1,0,0,1,-1.51914e-182,0,4.93443e-73,6.24611e-74,-0.808592,6311.2,108.407
49.5,0,0,3,1,1,0,0,1,-1.25549e-182,0,3.42669e-73,4.33758e-74,-0.41522,6306.63,108.429
49.52,0,0,3,1,1,0,0,1,-1.03759e-182,0,2.37964e-73,3.01221e-74,0.761137,6310.08,108.269
49.54,0,0,3,1,1,0,0,1,-8.57513e-183,0,1.65253e-73,2.09181e-74,-0.190675,6320.19,108.247
49.56,0,0,3,1,1,0,0,1,-7.08689e-183,0,1.14759e-73,1.45265e-74,-0.165092,6314.48,108.636
49.58,0,0,3,1,1,0,0,1,-5.85693e-183,0,7.96938e-74,1.00878e-74,1.73388,6302.69,108.367
49.6,0,0,3,1,1,0,0,1,-4.84044e-183,0,5.53429e-74,7.00543e-75,-1.58726,6298.57,108.397
49.62,0,0,3,1,1,0,0,1,-4.00036e-183,0,3.84326e-74,4.86488e-75,2.09061,6307.7,108.219
49.64,0,0,3,1,1,0,0,1,-3.30609e-183,0,2.66893e-74,3.37839e-75,1.1619,6305.61,108.521
49.66,0,0,3,1,1,0,0,1,-2.7323e-183,0,1.85342e-74,2.34611e-75,-1.03239,6306.53,108.15
49.68,0,0,3,1,1,0,0,1,-2.2581e-183,0,1.2871e-74,1.62924e-75,-1.39942,6301.69,108.462
49.7,0,0,3,1,1,0,0,1,-1.8662e-183,0,8.93819e-75,1.13142e-75,0.113987,6309.91,108.332
49.72,0,0,3,1,1,0,0,1,-1.54231e-183,0,6.20708e-75,7.85706e-76,-1.41579,6302.18,108.356
49.74,0,0,3,1,1,0,0,1,-1.27464e-183,0,4.31047e-75,5.45629e-76,0.355416,6303.96,108.292
49.76,0,0,3,1,1,0,0,1,-1.05342e-183,0,2.99338e-75,3.78909e-76,-1.97655,6296.52,108.196
49.78,0,0,3,1,1,0,0,1,-8.70596e-184,0,2.07874e-75,2.63131e-76,0.135752,6291.11,108.208
49.8,0,0,3,1,1,0,0,1,-7.195e-184,0,1.44357e-75,1.8273e-76,1.89611,6294.33,108.013
49.82,0,0,3,1,1,0,0,1,-5.94628e-184,0,1.00248e-75,1.26896e-76,-1.1416,6300.33,108.177
49.84,0,0,3,1,1,0,0,1,-4.91429e-184,0,6.96165e-76,8.81221e-77,-0.968624,6297.95,107.868
49.86,0,0,3,1,1,0,0,1,-4.06139e-184,0,4.83448e-76,6.11959e-77,0.921446,6295.71,108.265
49.88,0,0,3,1,1,0,0,1,-3.35652e-184,0,3.35728e-76,4.24972e-77,1.1133,6292.39,108.189
49.9,0,0,3,1,1,0,0,1,-2.77399e-184,0,2.33144e-76,2.95119e-77,-0.749466,6286.22,107.921
49.92,0,0,3,1,1,0,0,1,-2.29255e-184,0,1.61906e-76,2.04944e-77,0.116405,6305.49,108.098
49.94,0,0,3,1,1,0,0,1,-1.89467e-184,0,1.12435e-76,1.42322e-77,-2.21614,6289.67,108.148
49.96,0,0,3,1,1,0,0,1,-1.56584e-184,0,7.80795e-77,9.88348e-78,-1.11205,6268.07,107.847
49.98,0,0,3,1,1,0,0,1,-1.29408e-184,0,5.42219e-77,6.86353e-78,-0.926967,6290.77,108.253
50,0,0,3,1,1,0,0,1,-1.06949e-184,0,3.76541e-77,4.76634e-78,2.4504,6297.68,107.779
50.02,0,0,3,1,1,0,0,1,-8.83877e-185,0,2.61487e-77,3.30996e-78,-0.397597,6285.32,108.033
50.04,0,0,3,1,1,0,0,1,-7.30477e-185,0,1.81588e-77,2.29858e-78,-0.130124,6274.25,107.745
50.06,0,0,3,1,1,0,0,1,-6.037e-185,0,1.26103e-77,1.59624e-78,-2.50473,6277.08,107.983
50.08,0,0,3,1,1,0,0,1,-4.98926e-185,0,8.75714e-78,1.1085e-78,-1.56494,6280.17,107.977
50.1,0,0,3,1,1,0,0,1,-4.12335e-185,0,6.08135e-78,7.69791e-79,-0.324415,6280.85,107.812
50.12,0,0,3,1,1,0,0,1,-3.40773e-185,0,4.22316e-78,5.34577e-79,-0.0655335,6275.47,107.651
50.14,0,0,3,1,1,0,0,1,-2.81631e-185,0,2.93275e-78,3.71234e-79,0.571579,6267.2,107.592
50.16,0,0,3,1,1,0,0,1,-2.32753e-185,0,2.03663e-78,2.57801e-79,-0.807782,6279.09,108.072
50.18,0,0,3,1,1,0,0,1,-1.92357e-185,0,1.41433e-78,1.79029e-79,0.0987522,6271.47,107.717
50.2,0,0,3,1,1,0,0,1,-1.58973e-185,0,9.82171e-79,1.24325e-79,0.0790114,6273.9,107.884
50.22,0,0,3,1,1,0,0,1,-1.31383e-185,0,6.82063e-79,8.63371e-80,0.880392,6274.59,107.739
50.24,0,0,3,1,1,0,0,1,-1.08581e-185,0,4.73655e-79,5.99564e-80,-1.67379,6268.01,107.786
50.26,0,0,3,1,1,0,0,1,-8.97362e-186,0,3.28927e-79,4.16364e-80,-1.67374,6268.63,107.545
50.28,0,0,3,1,1,0,0,1,-7.41621e-186,0,2.28422e-79,2.89141e-80,-4.45063,6258.61,108.005
50.3,0,0,3,1,1,0,0,1,-6.1291e-186,0,1.58626e-79,2.00793e-80,-0.873159,6265.26,107.752
50.32,0,0,3,1,1,0,0,1,-5.06537e-186,0,1.10157e-79,1.39439e-80,1.43417,6261.9,107.67
50.34,0,0,3,1,1,0,0,1,-4.18626e-186,0,7.6498e-80,9.68329e-81,-0.714744,6259.5,107.82
50.36,0,0,3,1,1,0,0,1,-3.45972e-186,0,5.31236e-80,6.7245e-81,-0.714302,6265.08,107.4
50.38,0,0,3,1,1,0,0,1,-2.85927e-186,0,3.68914e-80,4.66979e-81,-1.34446,6263.1,107.653
50.4,0,0,3,1,1,0,0,1,-2.36303e-186,0,2.5619e-80,3.24291e-81,0.655162,6263.91,107.57
50.42,0,0,3,1,1,0,0,1,-1.95292e-186,0,1.7791e-80,2.25202e-81,-2.42578,6259.91,107.407
50.44,0,0,3,1,1,0,0,1,-1.61398e-186,0,1.23548e-80,1.5639e-81,-0.104453,6260.58,107.679
50.46,0,0,3,1,1,0,0,1,-1.33387e-186,0,8.57975e-81,1.08604e-81,-1.68283,6248.29,107.471
50.48,0,0,3,1,1,0,0,1,-1.10237e-186,0,5.95816e-81,7.54198e-82,-0.0277122,6257.5,107.478
50.5,0,0,3,1,1,0,0,1,-9.11052e-187,0,4.13761e-81,5.23749e-82,-1.09732,6265.13,107.355
50.52,0,0,3,1,1,0,0,1,-7.52935e-187,0,2.87334e-81,3.63714e-82,1.2548,6257.45,107.43
50.54,0,0,3,1,1,0,0,1,-6.22261e-187,0,1.99538e-81,2.52579e-82,-0.638509,6251.41,107.488
50.56,0,0,3,1,1,0,0,1,-5.14265e-187,0,1.38568e-81,1.75402e-82,0.480106,6254.26,107.123
50.58,0,0,3,1,1,0,0,1,-4.25012e-187,0,9.62277e-82,1.21807e-82,1.55722,6244.79,107.595
50.6,0,0,3,1,1,0,0,1,-3.5125e-187,0,6.68248e-82,8.45883e-83,-1.54539,6258.08,107.316
50.62,0,0,3,1,1,0,0,1,-2.90289e-187,0,4.64061e-82,5.87419e-83,-0.666385,6244.36,107.117
50.64,0,0,3,1,1,0,0,1,-2.39908e-187,0,3.22264e-82,4.0793e-83,-2.23704,6251.71,106.986
50.66,0,0,3,1,1,0,0,1,-1.98271e-187,0,2.23795e-82,2.83285e-83,-1.79361,6241.67,107.125
50.68,0,0,3,1,1,0,0,1,-1.63861e-187,0,1.55413e-82,1.96725e-83,0.966101,6244.02,107.213
50.7,0,0,3,1,1,0,0,1,-1.35422e-187,0,1.07926e-82,1.36615e-83,-1.38281,6240.02,106.991
50.72,0,0,3,1,1,0,0,1,-1.11919e-187,0,7.49484e-83,9.48714e-84,-0.0525971,6237.97,107.132
50.74,0,0,3,1,1,0,0,1,-9.24951e-188,0,5.20475e-83,6.58829e-84,-0.797414,6242.07,107.314
50.76,0,0,3,1,1,0,0,1,-7.64422e-188,0,3.61441e-83,4.5752e-84,-2.05766,6237.24,106.939
50.78,0,0,3,1,1,0,0,1,-6.31754e-188,0,2.51001e-83,3.17722e-84,2.31659,6235.17,106.792
50.8,0,0,3,1,1,0,0,1,-5.22111e-188,0,1.74306e-83,2.20641e-84,-0.835581,6234.26,107.137
50.82,0,0,3,1,1,0,0,1,-4.31496e-188,0,1.21046e-83,1.53223e-84,-2.0517,6238.46,107.222
50.84,0,0,3,1,1,0,0,1,-3.56609e-188,0,8.40596e-84,1.06405e-84,-4.43897,6230.36,106.775
50.86,0,0,3,1,1,0,0,1,-2.94718e-188,0,5.83747e-84,7.38921e-85,-1.09922,6238.41,107.002
50.88,0,0,3,1,1,0,0,1,-2.43568e-188,0,4.0538e-84,5.13139e-85,2.65375,6241.12,107.187
50.9,0,0,3,1,1,0,0,1,-2.01296e-188,0,2.81514e-84,3.56347e-85,0.299143,6236.46,107.024
50.92,0,0,3,1,1,0,0,1,-1.66361e-188,0,1.95496e-84,2.47463e-85,0.735192,6226.65,106.968
50.94,0,0,3,1,1,0,0,1,-1.37488e-188,0,1.35761e-84,1.71849e-85,3.16719,6232.15,106.992
50.96,0,0,3,1,1,0,0,1,-1.13626e-188,0,9.42785e-85,1.1934e-85,2.0634,6226.93,106.967
50.98,0,0,3,1,1,0,0,1,-9.39062e-189,0,6.54712e-85,8.28749e-86,0.255213,6223.5,106.982
51,0,0,3,1,1,0,0,1,-7.76084e-189,0,4.54661e-85,5.7552e-86,-0.524775,6220.87,107.118
51.02,0,0,3,1,1,0,0,1,-6.41392e-189,0,3.15737e-85,3.99667e-86,0.752148,6225.27,106.944
51.04,0,0,3,1,1,0,0,1,-5.30076e-189,0,2.19262e-85,2.77546e-86,1.65062,6218.8,107.059
51.06,0,0,3,1,1,0,0,1,-4.38079e-189,0,1.52265e-85,1.92741e-86,-2.84618,6219.34,106.972
51.08,0,0,3,1,1,0,0,1,-3.62049e-189,0,1.0574e-85,1.33848e-86,-0.459936,6213.58,106.662
51.1,0,0,3,1,1,0,0,1,-2.99214e-189,0,7.34303e-86,9.29497e-87,3.84107,6221.41,107.049
51.12,0,0,3,1,1,0,0,1,-2.47284e-189,0,5.09932e-86,6.45484e-87,-0.772196,6214.8,107.097
51.14,0,0,3,1,1,0,0,1,-2.04367e-189,0,3.5412e-86,4.48253e-87,0.686775,6211.57,107.181
51.16,0,0,3,1,1,0,0,1,-1.68899e-189,0,2.45916e-86,3.11287e-87,0.909558,6218.86,106.64
51.18,0,0,3,1,1,0,0,1,-1.39586e-189,0,1.70775e-86,2.16171e-87,-0.315114,6222.57,106.808
51.2,0,0,3,1,1,0,0,1,-1.1536e-189,0,1.18594e-86,1.50119e-87,-1.35856,6206.67,106.653
51.22,0,0,3,1,1,0,0,1,-9.53388e-190,0,8.23569e-87,1.04249e-87,0.286508,6203.58,106.671
51.24,0,0,3,1,1,0,0,1,-7.87924e-190,0,5.71923e-87,7.23953e-88,2.34184,6209.75,106.614
51.26,0,0,3,1,1,0,0,1,-6.51177e-190,0,3.97169e-87,5.02745e-88,1.26787,6202.67,106.759
51.28,0,0,3,1,1,0,0,1,-5.38163e-190,0,2.75812e-87,3.49129e-88,-0.412069,6208.71,106.46
51.3,0,0,3,1,1,0,0,1,-4.44763e-190,0,1.91536e-87,2.42451e-88,0.635647,6216.69,106.603
51.32,0,0,3,1,1,0,0,1,-3.67572e-190,0,1.33011e-87,1.68368e-88,1.51491,6204.54,106.658
51.34,0,0,3,1,1,0,0,1,-3.03779e-190,0,9.23688e-88,1.16923e-88,0.225559,6202.59,106.687
51.36,0,0,3,1,1,0,0,1,-2.51057e-190,0,6.4145e-88,8.11962e-89,-2.73772,6207.65,106.311
51.38,0,0,3,1,1,0,0,1,-2.07485e-190,0,4.45451e-88,5.63862e-89,2.28555,6199.35,106.416
51.4,0,0,3,1,1,0,0,1,-1.71475e-190,0,3.09341e-88,3.91571e-89,-0.681815,6205.79,106.548
51.42,0,0,3,1,1,0,0,1,-1.41715e-190,0,2.1482e-88,2.71924e-89,1.11051,6202.29,106.323
51.44,0,0,3,1,1,0,0,1,-1.1712e-190,0,1.49181e-88,1.88836e-89,-2.18827,6195.55,106.621
51.46,0,0,3,1,1,0,0,1,-9.67933e-191,0,1.03598e-88,1.31136e-89,2.0384,6193.71,106.641
51.48,0,0,3,1,1,0,0,1,-7.99945e-191,0,7.19429e-89,9.10669e-90,1.29671,6201.24,106.199
51.5,0,0,3,1,1,0,0,1,-6.61111e-191,0,4.99603e-89,6.32409e-90,-2.25882,6192.93,106.32
51.52,0,0,3,1,1,0,0,1,-5.46373e-191,0,3.46947e-89,4.39173e-90,0.369976,6193.49,106.344
51.54,0,0,3,1,1,0,0,1,-4.51548e-191,0,2.40935e-89,3.04981e-90,1.35033,6188.02,106.464
51.56,0,0,3,1,1,0,0,1,-3.7318e-191,0,1.67316e-89,2.11793e-90,0.0883254,6184.13,106.63
51.58,0,0,3,1,1,0,0,1,-3.08413e-191,0,1.16192e-89,1.47078e-90,1.23915,6194.94,106.406
51.6,0,0,3,1,1,0,0,1,-2.54887e-191,0,8.06887e-90,1.02138e-90,-2.34485,6187.72,106.14
51.62,0,0,3,1,1,0,0,1,-2.1065e-191,0,5.60338e-90,7.09289e-91,-0.0670963,6189.46,106.128
51.64,0,0,3,1,1,0,0,1,-1.74091e-191,0,3.89124e-90,4.92562e-91,-0.227282,6176.78,106.176
51.66,0,0,3,1,1,0,0,1,-1.43877e-191,0,2.70225e-90,3.42057e-91,-0.935551,6177.74,106.42
51.68,0,0,3,1,1,0,0,1,-1.18907e-191,0,1.87656e-90,2.37539e-91,0.2176,6181.8,106.162
51.7,0,0,3,1,1,0,0,1,-9.827e-192,0,1.30317e-90,1.64958e-91,2.07911,6179.2,106.387
51.72,0,0,3,1,1,0,0,1,-8.12149e-192,0,9.04978e-91,1.14554e-91,-0.817572,6185.51,106.143
51.74,0,0,3,1,1,0,0,1,-6.71197e-192,0,6.28457e-91,7.95515e-92,-1.2875,6176.54,105.991
51.76,0,0,3,1,1,0,0,1,-5.54708e-192,0,4.36428e-91,5.52441e-92,0.772186,6187.11,105.789
51.78,0,0,3,1,1,0,0,1,-4.58437e-192,0,3.03075e-91,3.83639e-92,0.518395,6178.9,106.258
51.8,0,0,3,1,1,0,0,1,-3.78873e-192,0,2.10469e-91,2.66416e-92,0.999711,6173.5,105.963
51.82,0,0,3,1,1,0,0,1,-3.13118e-192,0,1.46159e-91,1.85011e-92,-1.08677,6176.11,106.038
51.84,0,0,3,1,1,0,0,1,-2.58776e-192,0,1.01499e-91,1.2848e-92,-1.58726,6164.81,106.289
51.86,0,0,3,1,1,0,0,1,-2.13864e-192,0,7.04856e-92,8.92223e-93,-2.98967,6170.36,106.173
51.88,0,0,3,1,1,0,0,1,-1.76747e-192,0,4.89483e-92,6.19599e-93,0.637035,6177.31,106.098
51.9,0,0,3,1,1,0,0,1,-1.46072e-192,0,3.39919e-92,4.30277e-93,2.962,6165.18,106.081
51.92,0,0,3,1,1,0,0,1,-1.20721e-192,0,2.36055e-92,2.98804e-93,1.14684,6163.28,105.908
51.94,0,0,3,1,1,0,0,1,-9.97692e-193,0,1.63927e-92,2.07503e-93,-1.31892,6161.81,106.005
51.96,0,0,3,1,1,0,0,1,-8.24539e-193,0,1.13838e-92,1.44099e-93,1.11369,6163.85,105.755
51.98,0,0,3,1,1,0,0,1,-6.81437e-193,0,7.90543e-93,1.00069e-93,2.36535,6163.41,105.921
52,0,0,3,1,1,0,0,1,-5.63171e-193,0,5.48988e-93,6.94922e-94,1.74264,6158.62,105.82
52.02,0,0,3,1,1,0,0,1,-4.65431e-193,0,3.81242e-93,4.82585e-94,-1.03574,6174.09,105.946
52.04,0,0,3,1,1,0,0,1,-3.84653e-193,0,2.64751e-93,3.35128e-94,0.146257,6157.42,106.187
52.06,0,0,3,1,1,0,0,1,-3.17895e-193,0,1.83855e-93,2.32728e-94,0.0162602,6158.78,105.972
52.08,0,0,3,1,1,0,0,1,-2.62723e-193,0,1.27677e-93,1.61617e-94,-0.11208,6160.99,105.757
52.1,0,0,3,1,1,0,0,1,-2.17127e-193,0,8.86647e-94,1.12234e-94,1.88122,6162.51,105.802
52.12,0,0,3,1,1,0,0,1,-1.79444e-193,0,6.15727e-94,7.79401e-95,-3.04426,6157.53,105.867
52.14,0,0,3,1,1,0,0,1,-1.48301e-193,0,4.27588e-94,5.41251e-95,-1.95967,6151.81,105.56
52.16,0,0,3,1,1,0,0,1,-1.22562e-193,0,2.96936e-94,3.75869e-95,0.150393,6145.9,105.992
52.18,0,0,3,1,1,0,0,1,-1.01291e-193,0,2.06206e-94,2.6102e-95,0.938681,6152.45,105.498
52.2,0,0,3,1,1,0,0,1,-8.37118e-194,0,1.43198e-94,1.81264e-95,-2.68081,6154.37,105.821
52.22,0,0,3,1,1,0,0,1,-6.91833e-194,0,9.94433e-95,1.25878e-95,-0.506639,6153.62,105.536
52.24,0,0,3,1,1,0,0,1,-5.71763e-194,0,6.90579e-95,8.7415e-96,-1.04949,6151.23,105.408
52.26,0,0,3,1,1,0,0,1,-4.72531e-194,0,4.79568e-95,6.07049e-96,0.909878,6146.86,105.668
52.28,0,0,3,1,1,0,0,1,-3.90522e-194,0,3.33034e-95,4.21562e-96,-1.15316,6152.6,105.576
52.3,0,0,3,1,1,0,0,1,-3.22745e-194,0,2.31273e-95,2.92751e-96,2.02917,6149.25,105.485
52.32,0,0,3,1,1,0,0,1,-2.66732e-194,0,1.60606e-95,2.03299e-96,1.05441,6144.07,105.644
52.34,0,0,3,1,1,0,0,1,-2.20439e-194,0,1.11532e-95,1.4118e-96,-1.32569,6145.7,105.672
52.36,0,0,3,1,1,0,0,1,-1.82181e-194,0,7.7453e-96,9.80417e-97,-1.5296,6147.6,105.643
52.38,0,0,3,1,1,0,0,1,-1.50563e-194,0,5.37868e-96,6.80845e-97,0.552433,6128.27,105.553
52.4,0,0,3,1,1,0,0,1,-1.24432e-194,0,3.73519e-96,4.72809e-97,0.28087,6146.16,105.459
52.42,0,0,3,1,1,0,0,1,-1.02837e-194,0,2.59388e-96,3.2834e-97,0.831534,6144.89,105.38
52.44,0,0,3,1,1,0,0,1,-8.49889e-195,0,1.80131e-96,2.28014e-97,-0.351054,6129.07,105.284
52.46,0,0,3,1,1,0,0,1,-7.02388e-195,0,1.25091e-96,1.58343e-97,1.1787,6135.64,105.412
52.48,0,0,3,1,1,0,0,1,-5.80486e-195,0,8.68687e-97,1.0996e-97,0.0248156,6134.97,105.671
52.5,0,0,3,1,1,0,0,1,-4.7974e-195,0,6.03255e-97,7.63613e-98,2.47509,6136.96,105.451
52.52,0,0,3,1,1,0,0,1,-3.96479e-195,0,4.18927e-97,5.30287e-98,1.56223,6136.06,105.152
52.54,0,0,3,1,1,0,0,1,-3.27669e-195,0,2.90921e-97,3.68255e-98,1.41793,6128.31,105.017
52.56,0,0,3,1,1,0,0,1,-2.70801e-195,0,2.02029e-97,2.55733e-98,-2.12394,6139.02,105.232
52.58,0,0,3,1,1,0,0,1,-2.23802e-195,0,1.40298e-97,1.77592e-98,-2.09097,6127.78,105.379
52.6,0,0,3,1,1,0,0,1,-1.84961e-195,0,9.7429e-98,1.23328e-98,0.132988,6132.13,105.539
52.62,0,0,3,1,1,0,0,1,-1.5286e-195,0,6.7659e-98,8.56443e-99,-1.09443,6132.44,105.417
52.64,0,0,3,1,1,0,0,1,-1.26331e-195,0,4.69854e-98,5.94752e-99,-2.26637,6130.45,104.981
52.66,0,0,3,1,1,0,0,1,-1.04405e-195,0,3.26288e-98,4.13022e-99,-2.21121,6123.31,105.203
52.68,0,0,3,1,1,0,0,1,-8.62855e-196,0,2.26589e-98,2.86821e-99,-3.16681,6134.94,104.919
52.7,0,0,3,1,1,0,0,1,-7.13103e-196,0,1.57353e-98,1.99181e-99,1.42666,6123.85,105.156
52.72,0,0,3,1,1,0,0,1,-5.89341e-196,0,1.09273e-98,1.3832e-99,-2.63494,6122.84,105.383
52.74,0,0,3,1,1,0,0,1,-4.87059e-196,0,7.58841e-99,9.60558e-100,-1.1248,6124.14,105.265
52.76,0,0,3,1,1,0,0,1,-4.02528e-196,0,5.26973e-99,6.67054e-100,-1.82489,6122.77,105.273
52.78,0,0,3,1,1,0,0,1,-3.32668e-196,0,3.65953e-99,4.63232e-100,-2.32987,6119.29,105.055
52.8,0,0,3,1,1,0,0,1,-2.74932e-196,0,2.54134e-99,3.21689e-100,1.58753,6125.52,105.06
52.82,0,0,3,1,1,0,0,1,-2.27217e-196,0,1.76482e-99,2.23395e-100,-1.21233,6116.82,105.073
52.84,0,0,3,1,1,0,0,1,-1.87782e-196,0,1.22557e-99,1.55136e-100,-2.41361,6117.29,105.203
52.86,0,0,3,1,1,0,0,1,-1.55192e-196,0,8.51091e-100,1.07733e-100,-0.0204935,6111.13,104.988
52.88,0,0,3,1,1,0,0,1,-1.28258e-196,0,5.91035e-100,7.48146e-101,0.274354,6121.43,104.958
52.9,0,0,3,1,1,0,0,1,-1.05998e-196,0,4.10441e-100,5.19546e-101,1.4504,6113.87,104.868
52.92,0,0,3,1,1,0,0,1,-8.76019e-197,0,2.85029e-100,3.60796e-101,-0.0796423,6101.93,104.889
52.94,0,0,3,1,1,0,0,1,-7.23982e-197,0,1.97936e-100,2.50553e-101,-1.15626,6108.3,105.188
52.96,0,0,3,1,1,0,0,1,-5.98332e-197,0,1.37456e-100,1.73995e-101,-0.878165,6109.06,105.065
52.98,0,0,3,1,1,0,0,1,-4.9449e-197,0,9.54555e-101,1.2083e-101,-0.290966,6110.03,104.818
53,0,0,3,1,1,0,0,1,-4.08669e-197,0,6.62885e-101,8.39095e-102,-1.00173,6105.58,104.869
53.02,0,0,3,1,1,0,0,1,-3.37743e-197,0,4.60337e-101,5.82705e-102,-1.15321,6097.41,105.03
53.04,0,0,3,1,1,0,0,1,-2.79127e-197,0,3.19678e-101,4.04656e-102,-0.7637,6107.13,104.408
53.06,0,0,3,1,1,0,0,1,-2.30683e-197,0,2.21999e-101,2.81011e-102,1.98471,6110.92,105.203
53.08,0,0,3,1,1,0,0,1,-1.90647e-197,0,1.54166e-101,1.95147e-102,-0.914723,6103.3,104.895
53.1,0,0,3,1,1,0,0,1,-1.5756e-197,0,1.0706e-101,1.35519e-102,0.128871,6098.86,104.834
53.12,0,0,3,1,1,0,0,1,-1.30215e-197,0,7.4347e-102,9.41101e-103,-1.7009,6101.13,104.624
53.14,0,0,3,1,1,0,0,1,-1.07615e-197,0,5.16299e-102,6.53543e-103,-1.12554,6090.13,104.468
53.16,0,0,3,1,1,0,0,1,-8.89383e-198,0,3.58541e-102,4.53849e-103,1.50409,6094.91,104.866
53.18,0,0,3,1,1,0,0,1,-7.35027e-198,0,2.48987e-102,3.15173e-103,-0.574584,6091.39,104.731
53.2,0,0,3,1,1,0,0,1,-6.07461e-198,0,1.72907e-102,2.1887e-103,-1.06039,6089.13,104.663
53.22,0,0,3,1,1,0,0,1,-5.02034e-198,0,1.20075e-102,1.51993e-103,2.17525,6094.7,104.735
53.24,0,0,3,1,1,0,0,1,-4.14904e-198,0,8.33851e-103,1.05551e-103,-1.45959,6094.29,104.766
53.26,0,0,3,1,1,0,0,1,-3.42896e-198,0,5.79063e-103,7.32991e-104,1.529,6089.55,104.754
53.28,0,0,3,1,1,0,0,1,-2.83385e-198,0,4.02127e-103,5.09022e-104,1.65759,6096.82,104.731
53.3,0,0,3,1,1,0,0,1,-2.34202e-198,0,2.79255e-103,3.53487e-104,-0.212579,6087.62,104.544
53.32,0,0,3,1,1,0,0,1,-1.93556e-198,0,1.93927e-103,2.45477e-104,-0.140699,6074.64,104.769
53.34,0,0,3,1,1,0,0,1,-1.59963e-198,0,1.34672e-103,1.7047e-104,-1.88712,6088.95,104.816
53.36,0,0,3,1,1,0,0,1,-1.32201e-198,0,9.35219e-104,1.18382e-104,-0.74862,6083.34,104.523
53.38,0,0,3,1,1,0,0,1,-1.09257e-198,0,6.49458e-104,8.22099e-105,-0.802428,6091.41,104.513
53.4,0,0,3,1,1,0,0,1,-9.02952e-199,0,4.51012e-104,5.70902e-105,-1.25934,6076.17,104.604
53.42,0,0,3,1,1,0,0,1,-7.46241e-199,0,3.13203e-104,3.9646e-105,-2.49949,6079.12,104.137
53.44,0,0,3,1,1,0,0,1,-6.16728e-199,0,2.17502e-104,2.75319e-105,-1.24724,6081.78,104.369
53.46,0,0,3,1,1,0,0,1,-5.09693e-199,0,1.51043e-104,1.91194e-105,-1.30016,6080.96,104.468
53.48,0,0,3,1,1,0,0,1,-4.21234e-199,0,1.04891e-104,1.32774e-105,-0.677557,6082.18,104.289
53.5,0,0,3,1,1,0,0,1,-3.48127e-199,0,7.2841e-105,9.22038e-106,2.4934,6072.85,104.77
53.52,0,0,3,1,1,0,0,1,-2.87708e-199,0,5.0584e-105,6.40304e-106,1.01201,6079.11,104.294
53.54,0,0,3,1,1,0,0,1,-2.37775e-199,0,3.51278e-105,4.44656e-106,-0.151624,6070.16,104.129
53.56,0,0,3,1,1,0,0,1,-1.96509e-199,0,2.43943e-105,3.08789e-106,-1.37407,6077.67,104.041
53.58,0,0,3,1,1,0,0,1,-1.62404e-199,0,1.69405e-105,2.14437e-106,-0.117112,6069.82,104.387
53.6,0,0,3,1,1,0,0,1,-1.34218e-199,0,1.17642e-105,1.48914e-106,-1.07761,6071.08,104.252
53.62,0,0,3,1,1,0,0,1,-1.10924e-199,0,8.16961e-106,1.03413e-106,0.528756,6073.73,104.44
53.64,0,0,3,1,1,0,0,1,-9.16727e-200,0,5.67334e-106,7.18144e-107,-1.24118,6063.99,104.191
53.66,0,0,3,1,1,0,0,1,-7.57626e-200,0,3.93982e-106,4.98711e-107,2.02553,6060.62,104.266
53.68,0,0,3,1,1,0,0,1,-6.26137e-200,0,2.73598e-106,3.46327e-107,-1.66655,6072.66,104.127
53.7,0,0,3,1,1,0,0,1,-5.17468e-200,0,1.89999e-106,2.40505e-107,-0.247728,6066.5,104.274
53.72,0,0,3,1,1,0,0,1,-4.2766e-200,0,1.31944e-106,1.67017e-107,-1.58817,6067.19,104.237
53.74,0,0,3,1,1,0,0,1,-3.53438e-200,0,9.16276e-107,1.15984e-107,4.21731,6065.88,104.167
53.76,0,0,3,1,1,0,0,1,-2.92097e-200,0,6.36303e-107,8.05446e-108,-0.583973,6068.77,104.12
53.78,0,0,3,1,1,0,0,1,-2.41403e-200,0,4.41877e-107,5.59338e-108,-0.506983,6061.63,104.112
53.8,0,0,3,1,1,0,0,1,-1.99506e-200,0,3.06859e-107,3.88429e-108,0.228923,6054.5,104.423
53.82,0,0,3,1,1,0,0,1,-1.64881e-200,0,2.13096e-107,2.69742e-108,-1.56622,6056.56,103.864
53.84,0,0,3,1,1,0,0,1,-1.36266e-200,0,1.47984e-107,1.87321e-108,-0.158218,6055.14,104.105
53.86,0,0,3,1,1,0,0,1,-1.12616e-200,0,1.02766e-107,1.30084e-108,0.730976,6063.74,103.801
53.88,0,0,3,1,1,0,0,1,-9.30712e-201,0,7.13656e-108,9.03362e-109,1.28456,6049.5,104.192
53.9,0,0,3,1,1,0,0,1,-7.69184e-201,0,4.95594e-108,6.27334e-109,-0.828318,6060.88,103.877
53.92,0,0,3,1,1,0,0,1,-6.35689e-201,0,3.44163e-108,4.35649e-109,3.17929,6054,103.794
53.94,0,0,3,1,1,0,0,1,-5.25363e-201,0,2.39002e-108,3.02534e-109,-0.986819,6050.55,104.064
53.96,0,0,3,1,1,0,0,1,-4.34184e-201,0,1.65973e-108,2.10093e-109,-0.0602908,6050.55,104.201
53.98,0,0,3,1,1,0,0,1,-3.5883e-201,0,1.15259e-108,1.45898e-109,0.521962,6050.41,103.872
54,0,0,3,1,1,0,0,1,-2.96554e-201,0,8.00412e-109,1.01318e-109,-1.37165,6053.06,103.991
54.02,0,0,3,1,1,0,0,1,-2.45086e-201,0,5.55842e-109,7.03597e-110,1.4019,6050.99,103.826
54.04,0,0,3,1,1,0,0,1,-2.0255e-201,0,3.86001e-109,4.88609e-110,-0.0211371,6045.83,103.774
54.06,0,0,3,1,1,0,0,1,-1.67397e-201,0,2.68056e-109,3.39312e-110,-2.07999,6049.26,103.853
54.08,0,0,3,1,1,0,0,1,-1.38344e-201,0,1.8615e-109,2.35633e-110,0.195262,6046.31,103.834
54.1,0,0,3,1,1,0,0,1,-1.14334e-201,0,1.29271e-109,1.63634e-110,0.905573,6043.64,103.641
54.12,0,0,3,1,1,0,0,1,-9.44911e-202,0,8.97716e-110,1.13635e-110,-0.635255,6036.83,103.517
54.14,0,0,3,1,1,0,0,1,-7.80919e-202,0,6.23414e-110,7.89131e-111,-1.36965,6041.72,103.879
54.16,0,0,3,1,1,0,0,1,-6.45387e-202,0,4.32926e-110,5.48008e-111,2.80829,6036.1,103.733
54.18,0,0,3,1,1,0,0,1,-5.33378e-202,0,3.00643e-110,3.80561e-111,-0.81785,6039.65,103.64
54.2,0,0,3,1,1,0,0,1,-4.40808e-202,0,2.0878e-110,2.64278e-111,1.56697,6035.57,103.814
54.22,0,0,3,1,1,0,0,1,-3.64304e-202,0,1.44986e-110,1.83527e-111,-1.15276,6029.9,103.449
54.24,0,0,3,1,1,0,0,1,-3.01078e-202,0,1.00685e-110,1.27449e-111,0.581979,6035.33,103.563
54.26,0,0,3,1,1,0,0,1,-2.48825e-202,0,6.992e-111,8.85063e-112,-2.27547,6027.1,103.5
54.28,0,0,3,1,1,0,0,1,-2.0564e-202,0,4.85556e-111,6.14627e-112,-0.313539,6036.49,103.813
54.3,0,0,3,1,1,0,0,1,-1.69951e-202,0,3.37191e-111,4.26824e-112,0.684978,6017.47,103.49
54.32,0,0,3,1,1,0,0,1,-1.40455e-202,0,2.34161e-111,2.96406e-112,2.20268,6032.02,103.432
54.34,0,0,3,1,1,0,0,1,-1.16079e-202,0,1.62612e-111,2.05837e-112,3.09557,6023.2,103.602
54.36,0,0,3,1,1,0,0,1,-9.59327e-203,0,1.12925e-111,1.42943e-112,-1.0007,6030.66,103.554
54.38,0,0,3,1,1,0,0,1,-7.92832e-203,0,7.84199e-112,9.92657e-113,-0.985891,6034.66,103.47
54.4,0,0,3,1,1,0,0,1,-6.55233e-203,0,5.44583e-112,6.89345e-113,1.88544,6014.77,103.407
54.42,0,0,3,1,1,0,0,1,-5.41515e-203,0,3.78183e-112,4.78712e-113,0.977505,6024.2,103.524
54.44,0,0,3,1,1,0,0,1,-4.47533e-203,0,2.62627e-112,3.32439e-113,0.057599,6037.62,103.588
54.46,0,0,3,1,1,0,0,1,-3.69862e-203,0,1.8238e-112,2.3086e-113,1.14502,6020.89,103.469
54.48,0,0,3,1,1,0,0,1,-3.05671e-203,0,1.26653e-112,1.6032e-113,0.165996,6014.21,103.523
54.5,0,0,3,1,1,0,0,1,-2.52621e-203,0,8.79532e-113,1.11333e-113,-1.06474,6018.48,103.601
54.52,0,0,3,1,1,0,0,1,-2.08777e-203,0,6.10786e-113,7.73147e-114,-1.41792,6012.15,103.211
54.54,0,0,3,1,1,0,0,1,-1.72543e-203,0,4.24157e-113,5.36907e-114,-0.969498,6015.36,102.935
54.56,0,0,3,1,1,0,0,1,-1.42598e-203,0,2.94553e-113,3.72852e-114,-0.410612,6017.73,103.294
54.58,0,0,3,1,1,0,0,1,-1.17849e-203,0,2.04551e-113,2.58925e-114,0.640563,6018.41,103.24
54.6,0,0,3,1,1,0,0,1,-9.73962e-204,0,1.42049e-113,1.79809e-114,2.05215,6003.33,103.244
54.62,0,0,3,1,1,0,0,1,-8.04928e-204,0,9.86453e-114,1.24868e-114,-2.68017,6010.32,103.381
54.64,0,0,3,1,1,0,0,1,-6.65229e-204,0,6.85037e-114,8.67135e-115,1.6628,6009.95,103.334
54.66,0,0,3,1,1,0,0,1,-5.49776e-204,0,4.7572e-114,6.02177e-115,-3.23528,6025.9,102.858
54.68,0,0,3,1,1,0,0,1,-4.54361e-204,0,3.30361e-114,4.18179e-115,0.584057,6009.48,103.163
54.7,0,0,3,1,1,0,0,1,-3.75505e-204,0,2.29418e-114,2.90402e-115,0.124231,6011.36,103.132
54.72,0,0,3,1,1,0,0,1,-3.10334e-204,0,1.59318e-114,2.01668e-115,1.16188,6004.39,103.09
54.74,0,0,3,1,1,0,0,1,-2.56475e-204,0,1.10637e-114,1.40047e-115,0.160677,6005.54,103.127
54.76,0,0,3,1,1,0,0,1,-2.11963e-204,0,7.68315e-115,9.7255e-116,0.838256,6003.47,103.108
54.78,0,0,3,1,1,0,0,1,-1.75176e-204,0,5.33552e-115,6.75382e-116,0.0368429,5984.32,103.131
54.8,0,0,3,1,1,0,0,1,-1.44773e-204,0,3.70522e-115,4.69015e-116,2.51886,5997.27,103.089
54.82,0,0,3,1,1,0,0,1,-1.19647e-204,0,2.57307e-115,3.25705e-116,-0.915725,5996.48,102.96
54.84,0,0,3,1,1,0,0,1,-9.88821e-205,0,1.78685e-115,2.26184e-116,-0.459656,6002.75,103.185
54.86,0,0,3,1,1,0,0,1,-8.17208e-205,0,1.24087e-115,1.57072e-116,3.01892,5995,103.131
54.88,0,0,3,1,1,0,0,1,-6.75378e-205,0,8.61716e-116,1.09078e-116,-1.8626,5993,103.051
54.9,0,0,3,1,1,0,0,1,-5.58164e-205,0,5.98414e-116,7.57486e-117,1.49858,5996.82,102.779
54.92,0,0,3,1,1,0,0,1,-4.61292e-205,0,4.15565e-116,5.26032e-117,-1.17851,5982.39,102.878
54.94,0,0,3,1,1,0,0,1,-3.81233e-205,0,2.88587e-116,3.653e-117,-0.627689,5994.03,103.107
54.96,0,0,3,1,1,0,0,1,-3.15069e-205,0,2.00408e-116,2.5368e-117,0.579726,5982.55,102.757
54.98,0,0,3,1,1,0,0,1,-2.60388e-205,0,1.39172e-116,1.76167e-117,-2.49705,5991.7,102.971
55,0,0,3,1,1,0,0,1,-2.15196e-205,0,9.66472e-117,1.22338e-117,-0.102387,5985.31,102.848
55.02,0,0,3,1,1,0,0,1,-1.77848e-205,0,6.71161e-117,8.49571e-118,-3.84542,5996.22,102.869
55.04,0,0,3,1,1,0,0,1,-1.46982e-205,0,4.66084e-117,5.8998e-118,-0.77253,5998.79,102.622
55.06,0,0,3,1,1,0,0,1,-1.21473e-205,0,3.23669e-117,4.09708e-118,0.0302688,5992.02,102.832
55.08,0,0,3,1,1,0,0,1,-1.00391e-205,0,2.2477e-117,2.8452e-118,-1.91773,5981.59,103.028
55.1,0,0,3,1,1,0,0,1,-8.29675e-206,0,1.56091e-117,1.97583e-118,-2.66038,5982.2,102.917
55.12,0,0,3,1,1,0,0,1,-6.85682e-206,0,1.08396e-117,1.3721e-118,-1.43324,5980.84,102.808
55.14,0,0,3,1,1,0,0,1,-5.66679e-206,0,7.52752e-118,9.5285e-119,-0.685608,5975.59,102.785
55.16,0,0,3,1,1,0,0,1,-4.6833e-206,0,5.22744e-118,6.61702e-119,0.948019,5981.52,102.811
55.18,0,0,3,1,1,0,0,1,-3.87049e-206,0,3.63017e-118,4.59515e-119,-0.661733,5976.22,102.847
55.2,0,0,3,1,1,0,0,1,-3.19876e-206,0,2.52095e-118,3.19108e-119,-0.272939,5974.75,102.462
55.22,0,0,3,1,1,0,0,1,-2.6436e-206,0,1.75066e-118,2.21603e-119,-0.181803,5978.53,102.316
55.24,0,0,3,1,1,0,0,1,-2.18479e-206,0,1.21574e-118,1.53891e-119,2.15813,5974.55,102.861
55.26,0,0,3,1,1,0,0,1,-1.80561e-206,0,8.44261e-119,1.06868e-119,0.647181,5976.44,102.71
55.28,0,0,3,1,1,0,0,1,-1.49224e-206,0,5.86292e-119,7.42142e-120,0.11519,5972.49,102.726
55.3,0,0,3,1,1,0,0,1,-1.23326e-206,0,4.07148e-119,5.15377e-120,-0.305568,5973.65,102.654
55.32,0,0,3,1,1,0,0,1,-1.01922e-206,0,2.82741e-119,3.579e-120,1.64028,5972.8,102.617
55.34,0,0,3,1,1,0,0,1,-8.42332e-207,0,1.96348e-119,2.48542e-120,1.17548,5971.79,102.562
55.36,0,0,3,1,1,0,0,1,-6.96142e-207,0,1.36353e-119,1.72599e-120,-3.21422,5968.29,102.715
55.38,0,0,3,1,1,0,0,1,-5.75324e-207,0,9.46895e-120,1.1986e-120,3.98232,5959.9,102.481
55.4,0,0,3,1,1,0,0,1,-4.75475e-207,0,6.57566e-120,8.32362e-121,-0.962403,5956.95,102.43
55.42,0,0,3,1,1,0,0,1,-3.92954e-207,0,4.56643e-120,5.78029e-121,1.06775,5975.44,102.406
55.44,0,0,3,1,1,0,0,1,-3.24756e-207,0,3.17113e-120,4.01409e-121,-0.16952,5951.9,102.445
55.46,0,0,3,1,1,0,0,1,-2.68393e-207,0,2.20218e-120,2.78756e-121,-0.981197,5968.79,102.352
55.48,0,0,3,1,1,0,0,1,-2.21812e-207,0,1.52929e-120,1.93581e-121,-0.256128,5964,102.424
55.5,0,0,3,1,1,0,0,1,-1.83316e-207,0,1.06201e-120,1.34431e-121,-1.52833,5961.72,102.57
55.52,0,0,3,1,1,0,0,1,-1.51501e-207,0,7.37504e-121,9.33549e-122,0.0129179,5963.24,102.405
55.54,0,0,3,1,1,0,0,1,-1.25207e-207,0,5.12156e-121,6.48298e-122,3.10257,5969.83,102.089
55.56,0,0,3,1,1,0,0,1,-1.03477e-207,0,3.55664e-121,4.50207e-122,0.432499,5955.88,102.295
55.58,0,0,3,1,1,0,0,1,-8.55183e-208,0,2.46989e-121,3.12644e-122,-2.00659,5961.63,102.223
55.6,0,0,3,1,1,0,0,1,-7.06763e-208,0,1.7152e-121,2.17114e-122,0.291506,5950.79,101.984
55.62,0,0,3,1,1,0,0,1,-5.84101e-208,0,1.19111e-121,1.50773e-122,1.24154,5958.55,102.268
55.64,0,0,3,1,1,0,0,1,-4.82729e-208,0,8.2716e-122,1.04704e-122,0.658715,5952.11,102.134
55.66,0,0,3,1,1,0,0,1,-3.98949e-208,0,5.74417e-122,7.2711e-123,-0.586018,5952.91,101.989
55.68,0,0,3,1,1,0,0,1,-3.2971e-208,0,3.989e-122,5.04937e-123,0.19245,5947.72,102.018
55.7,0,0,3,1,1,0,0,1,-2.72488e-208,0,2.77014e-122,3.50651e-123,-0.699582,5949.07,102.138
55.72,0,0,3,1,1,0,0,1,-2.25196e-208,0,1.92371e-122,2.43508e-123,-0.32965,5944.02,102.024
55.74,0,0,3,1,1,0,0,1,-1.86113e-208,0,1.33591e-122,1.69102e-123,2.18288,5936.67,102.195
55.76,0,0,3,1,1,0,0,1,-1.53812e-208,0,9.27715e-123,1.17432e-123,-0.0772033,5956.08,102.114
55.78,0,0,3,1,1,0,0,1,-1.27118e-208,0,6.44246e-123,8.15502e-124,-0.566802,5947.38,102.573
55.8,0,0,3,1,1,0,0,1,-1.05056e-208,0,4.47393e-123,5.66321e-124,-0.345051,5940.57,102.072
55.82,0,0,3,1,1,0,0,1,-8.6823e-209,0,3.1069e-123,3.93278e-124,-2.48765,5937.74,101.782
55.84,0,0,3,1,1,0,0,1,-7.17545e-209,0,2.15757e-123,2.7311e-124,2.66839,5943.73,102.006
55.86,0,0,3,1,1,0,0,1,-5.93013e-209,0,1.49831e-123,1.8966e-124,-0.824746,5944.54,101.899
55.88,0,0,3,1,1,0,0,1,-4.90093e-209,0,1.04049e-123,1.31708e-124,0.395674,5935.96,101.923
55.9,0,0,3,1,1,0,0,1,-4.05036e-209,0,7.22565e-124,9.14639e-125,0.357709,5941.85,102.255
55.92,0,0,3,1,1,0,0,1,-3.3474e-209,0,5.01781e-124,6.35166e-125,0.366032,5938.65,101.934
55.94,0,0,3,1,1,0,0,1,-2.76645e-209,0,3.48459e-124,4.41088e-125,0.184065,5935.46,101.811
55.96,0,0,3,1,1,0,0,1,-2.28632e-209,0,2.41986e-124,3.06311e-125,1.00826,5932.41,102.1
55.98,0,0,3,1,1,0,0,1,-1.88952e-209,0,1.68046e-124,2.12716e-125,-0.62211,5930.79,101.898
56,0,0,3,1,1,0,0,1,-1.56159e-209,0,1.16698e-124,1.47719e-125,-1.21681,5939.87,101.868
56.02,0,0,3,1,1,0,0,1,-1.29057e-209,0,8.10405e-125,1.02583e-125,-1.14776,5925.95,102.191
56.04,0,0,3,1,1,0,0,1,-1.06659e-209,0,5.62781e-125,7.12381e-126,-1.64332,5931.76,101.826
56.06,0,0,3,1,1,0,0,1,-8.81475e-210,0,3.9082e-125,4.94709e-126,-0.783101,5924.09,101.917
56.08,0,0,3,1,1,0,0,1,-7.28492e-210,0,2.71403e-125,3.43548e-126,1.58041,5926.87,101.888
56.1,0,0,3,1,1,0,0,1,-6.0206e-210,0,1.88474e-125,2.38575e-126,-1.31912,5929.03,101.91
56.12,0,0,3,1,1,0,0,1,-4.9757e-210,0,1.30885e-125,1.65677e-126,-0.454452,5932.46,102.14
56.14,0,0,3,1,1,0,0,1,-4.11215e-210,0,9.08923e-126,1.15054e-126,-0.942569,5919.4,101.637
56.16,0,0,3,1,1,0,0,1,-3.39847e-210,0,6.31197e-126,7.98983e-127,-3.1256,5913.87,101.647
56.18,0,0,3,1,1,0,0,1,-2.80865e-210,0,4.38331e-126,5.54849e-127,-0.931789,5925.8,101.676
56.2,0,0,3,1,1,0,0,1,-2.3212e-210,0,3.04396e-126,3.85312e-127,-0.0419771,5923.16,101.718
56.22,0,0,3,1,1,0,0,1,-1.91835e-210,0,2.11386e-126,2.67578e-127,1.41154,5922.67,101.623
56.24,0,0,3,1,1,0,0,1,-1.58541e-210,0,1.46796e-126,1.85818e-127,-0.5754,5923.11,101.637
56.26,0,0,3,1,1,0,0,1,-1.31026e-210,0,1.01942e-126,1.2904e-127,-1.21843,5921.61,101.782
56.28,0,0,3,1,1,0,0,1,-1.08286e-210,0,7.07929e-127,8.96113e-128,1.98049,5913.58,101.527
56.3,0,0,3,1,1,0,0,1,-8.94923e-211,0,4.91617e-127,6.223e-128,0.61529,5931.14,101.591
56.32,0,0,3,1,1,0,0,1,-7.39606e-211,0,3.41401e-127,4.32153e-128,-0.584591,5909.43,101.648
56.34,0,0,3,1,1,0,0,1,-6.11245e-211,0,2.37084e-127,3.00106e-128,-3.47108,5904.21,101.326
56.36,0,0,3,1,1,0,0,1,-5.05161e-211,0,1.64642e-127,2.08407e-128,-0.861099,5916.02,101.716
56.38,0,0,3,1,1,0,0,1,-4.17488e-211,0,1.14334e-127,1.44727e-128,-1.92762,5902.26,101.716
56.4,0,0,3,1,1,0,0,1,-3.45032e-211,0,7.93989e-128,1.00505e-128,1.55334,5903.39,101.538
56.42,0,0,3,1,1,0,0,1,-2.8515e-211,0,5.51382e-128,6.97951e-129,-1.43435,5906.53,101.805
56.44,0,0,3,1,1,0,0,1,-2.35661e-211,0,3.82904e-128,4.84688e-129,-1.23558,5906.46,101.466
56.46,0,0,3,1,1,0,0,1,-1.94761e-211,0,2.65905e-128,3.36589e-129,0.062445,5908.48,101.503
56.48,0,0,3,1,1,0,0,1,-1.6096e-211,0,1.84657e-128,2.33742e-129,1.8198,5908.34,101.563
56.5,0,0,3,1,1,0,0,1,-1.33025e-211,0,1.28234e-128,1.62321e-129,-1.13481,5907.86,101.357
56.52,0,0,3,1,1,0,0,1,-1.09938e-211,0,8.90512e-129,1.12723e-129,-0.353928,5897.91,101.341
56.54,0,0,3,1,1,0,0,1,-9.08576e-212,0,6.18411e-129,7.82799e-130,-0.530584,5901.81,101.465
56.56,0,0,3,1,1,0,0,1,-7.50889e-212,0,4.29452e-129,5.4361e-130,-1.0296,5903.18,101.262
56.58,0,0,3,1,1,0,0,1,-6.2057e-212,0,2.98231e-129,3.77507e-130,-0.229767,5903.13,101.327
56.6,0,0,3,1,1,0,0,1,-5.12867e-212,0,2.07105e-129,2.62158e-130,0.176724,5902.52,101.349
56.62,0,0,3,1,1,0,0,1,-4.23857e-212,0,1.43823e-129,1.82054e-130,2.02089,5894.72,101.315
56.64,0,0,3,1,1,0,0,1,-3.50295e-212,0,9.98768e-130,1.26426e-130,0.236735,5893.75,101.466
56.66,0,0,3,1,1,0,0,1,-2.895e-212,0,6.93589e-130,8.77961e-131,-0.712991,5886.55,101.284
56.68,0,0,3,1,1,0,0,1,-2.39256e-212,0,4.81659e-130,6.09695e-131,-2.53412,5891.91,101.348
56.7,0,0,3,1,1,0,0,1,-1.97733e-212,0,3.34486e-130,4.23399e-131,-0.923813,5886.07,101.161
56.72,0,0,3,1,1,0,0,1,-1.63415e-212,0,2.32282e-130,2.94027e-131,0.965396,5893.19,101.166
56.74,0,0,3,1,1,0,0,1,-1.35054e-212,0,1.61307e-130,2.04186e-131,0.766536,5885.28,100.95
56.76,0,0,3,1,1,0,0,1,-1.11615e-212,0,1.12019e-130,1.41796e-131,-0.358065,5891.4,101.09
56.78,0,0,3,1,1,0,0,1,-9.22437e-213,0,7.77906e-131,9.84692e-132,-2.7534,5886.09,101.395
56.8,0,0,3,1,1,0,0,1,-7.62345e-213,0,5.40213e-131,6.83814e-132,0.322312,5894.23,101.059
56.82,0,0,3,1,1,0,0,1,-6.30037e-213,0,3.75148e-131,4.74871e-132,-0.296698,5881.23,101.093
56.84,0,0,3,1,1,0,0,1,-5.20692e-213,0,2.60519e-131,3.29771e-132,0.212064,5883.99,101.007
56.86,0,0,3,1,1,0,0,1,-4.30324e-213,0,1.80916e-131,2.29008e-132,1.89256,5884.55,101.051
56.88,0,0,3,1,1,0,0,1,-3.5564e-213,0,1.25636e-131,1.59033e-132,-0.579371,5883.89,101.164
56.9,0,0,3,1,1,0,0,1,-2.93917e-213,0,8.72474e-132,1.1044e-132,-3.30446,5882.72,101.07
56.92,0,0,3,1,1,0,0,1,-2.42907e-213,0,6.05885e-132,7.66943e-133,-1.70804,5880.1,100.982
56.94,0,0,3,1,1,0,0,1,-2.00749e-213,0,4.20753e-132,5.32599e-133,1.36073,5885.37,101.198
56.96,0,0,3,1,1,0,0,1,-1.65908e-213,0,2.9219e-132,3.6986e-133,-3.61904,5884.36,100.563
56.98,0,0,3,1,1,0,0,1,-1.37114e-213,0,2.0291e-132,2.56848e-133,-1.38814,5880.11,100.946
57,0,0,3,1,1,0,0,1,-1.13318e-213,0,1.40909e-132,1.78366e-133,-0.047916,5876.6,100.786
57.02,0,0,3,1,1,0,0,1,-9.3651e-214,0,9.78537e-133,1.23866e-133,0.124108,5871.23,100.979
57.04,0,0,3,1,1,0,0,1,-7.73975e-214,0,6.7954e-133,8.60177e-134,-0.278028,5874.52,100.979
57.06,0,0,3,1,1,0,0,1,-6.39649e-214,0,4.71903e-133,5.97345e-134,1.47006,5878.52,100.758
57.08,0,0,3,1,1,0,0,1,-5.28635e-214,0,3.2771e-133,4.14823e-134,1.69809,5869.84,100.745
57.1,0,0,3,1,1,0,0,1,-4.36889e-214,0,2.27577e-133,2.88072e-134,0.556248,5872.68,101.236
57.12,0,0,3,1,1,0,0,1,-3.61065e-214,0,1.58039e-133,2.0005e-134,-0.495384,5869.68,100.73
57.14,0,0,3,1,1,0,0,1,-2.98401e-214,0,1.09749e-133,1.38923e-134,-3.4648,5872.42,100.868
57.16,0,0,3,1,1,0,0,1,-2.46612e-214,0,7.62149e-134,9.64746e-135,1.50364,5868.35,100.705
57.18,0,0,3,1,1,0,0,1,-2.03812e-214,0,5.2927e-134,6.69962e-135,1.77264,5863.67,100.846
57.2,0,0,3,1,1,0,0,1,-1.6844e-214,0,3.67549e-134,4.65252e-135,2.54405,5868.47,100.756
57.22,0,0,3,1,1,0,0,1,-1.39206e-214,0,2.55242e-134,3.23091e-135,3.49156,5873.32,100.361
57.24,0,0,3,1,1,0,0,1,-1.15046e-214,0,1.77252e-134,2.24369e-135,2.05295,5859.81,100.787
57.26,0,0,3,1,1,0,0,1,-9.50797e-215,0,1.23091e-134,1.55812e-135,-1.20278,5870.1,100.621
57.28,0,0,3,1,1,0,0,1,-7.85783e-215,0,8.54801e-135,1.08203e-135,-0.648498,5862.96,100.541
57.3,0,0,3,1,1,0,0,1,-6.49407e-215,0,5.93612e-135,7.51407e-136,-1.41885,5861.35,100.816
57.32,0,0,3,1,1,0,0,1,-5.367e-215,0,4.1223e-135,5.21811e-136,2.24028,5856.56,100.54
57.34,0,0,3,1,1,0,0,1,-4.43554e-215,0,2.86271e-135,3.62369e-136,-2.77758,5855.59,100.623
57.36,0,0,3,1,1,0,0,1,-3.66574e-215,0,1.98799e-135,2.51645e-136,0.520169,5849.32,100.504
57.38,0,0,3,1,1,0,0,1,-3.02953e-215,0,1.38055e-135,1.74753e-136,-0.181806,5858.29,100.703
57.4,0,0,3,1,1,0,0,1,-2.50375e-215,0,9.58716e-136,1.21356e-136,-0.854622,5855.33,100.725
57.42,0,0,3,1,1,0,0,1,-2.06921e-215,0,6.65775e-136,8.42753e-137,-0.66686,5855.71,100.494
57.44,0,0,3,1,1,0,0,1,-1.71009e-215,0,4.62344e-136,5.85245e-137,0.298425,5854.53,100.356
57.46,0,0,3,1,1,0,0,1,-1.4133e-215,0,3.21072e-136,4.0642e-137,-2.89791,5842.34,100.477
57.48,0,0,3,1,1,0,0,1,-1.16802e-215,0,2.22967e-136,2.82236e-137,1.13867,5845.83,100.584
57.5,0,0,3,1,1,0,0,1,-9.65303e-216,0,1.54838e-136,1.95998e-137,-0.383985,5837.8,100.359
57.52,0,0,3,1,1,0,0,1,-7.97771e-216,0,1.07526e-136,1.36109e-137,0.88685,5840.83,100.423
57.54,0,0,3,1,1,0,0,1,-6.59315e-216,0,7.46711e-137,9.45204e-138,0.0968053,5842.28,100.399
57.56,0,0,3,1,1,0,0,1,-5.44888e-216,0,5.18549e-137,6.56392e-138,-0.791658,5842.62,100.189
57.58,0,0,3,1,1,0,0,1,-4.50321e-216,0,3.60104e-137,4.55828e-138,-2.46683,5849.59,100.501
57.6,0,0,3,1,1,0,0,1,-3.72166e-216,0,2.50072e-137,3.16547e-138,-1.09161,5845.28,100.674
57.62,0,0,3,1,1,0,0,1,-3.07575e-216,0,1.73661e-137,2.19824e-138,0.864173,5838.86,100.286
57.64,0,0,3,1,1,0,0,1,-2.54194e-216,0,1.20598e-137,1.52656e-138,2.31824,5842.99,100.175
57.66,0,0,3,1,1,0,0,1,-2.10078e-216,0,8.37486e-138,1.06011e-138,-1.08757,5836.72,100.156
57.68,0,0,3,1,1,0,0,1,-1.73618e-216,0,5.81588e-138,7.36187e-139,1.2479,5832.92,100.529
57.7,0,0,3,1,1,0,0,1,-1.43486e-216,0,4.0388e-138,5.11241e-139,-0.863463,5834.8,100.33
57.72,0,0,3,1,1,0,0,1,-1.18584e-216,0,2.80472e-138,3.55028e-139,0.267931,5824.62,100.336
57.74,0,0,3,1,1,0,0,1,-9.80029e-217,0,1.94773e-138,2.46548e-139,1.04668,5828.72,100.17
57.76,0,0,3,1,1,0,0,1,-8.09942e-217,0,1.35259e-138,1.71214e-139,-0.191128,5834.6,100.314
57.78,0,0,3,1,1,0,0,1,-6.69373e-217,0,9.39297e-139,1.18898e-139,3.47591,5835.74,100.139
57.8,0,0,3,1,1,0,0,1,-5.53201e-217,0,6.52289e-139,8.25683e-140,-0.958652,5828.65,100.097
57.82,0,0,3,1,1,0,0,1,-4.57191e-217,0,4.52979e-139,5.73391e-140,-3.44702,5824.49,100.206
57.84,0,0,3,1,1,0,0,1,-3.77844e-217,0,3.14569e-139,3.98188e-140,-1.33997,5831.81,99.9784
57.86,0,0,3,1,1,0,0,1,-3.12268e-217,0,2.1845e-139,2.76519e-140,-1.8754,5824.3,100.219
57.88,0,0,3,1,1,0,0,1,-2.58072e-217,0,1.51702e-139,1.92027e-140,-0.58094,5831.19,99.9979
57.9,0,0,3,1,1,0,0,1,-2.13283e-217,0,1.05348e-139,1.33352e-140,1.17604,5835.32,100.385
57.92,0,0,3,1,1,0,0,1,-1.76267e-217,0,7.31586e-140,9.26058e-141,-2.03548,5832.84,99.8313
57.94,0,0,3,1,1,0,0,1,-1.45675e-217,0,5.08046e-140,6.43096e-141,-2.34908,5830.85,100.217
57.96,0,0,3,1,1,0,0,1,-1.20393e-217,0,3.5281e-140,4.46594e-141,3.02828,5824.34,100.052
57.98,0,0,3,1,1,0,0,1,-9.94981e-218,0,2.45007e-140,3.10135e-141,0.649068,5825.09,100.184
58,0,0,3,1,1,0,0,1,-8.22298e-218,0,1.70143e-140,2.15372e-141,-1.75001,5821.73,100.087
58.02,0,0,3,1,1,0,0,1,-6.79585e-218,0,1.18155e-140,1.49564e-141,0.992728,5827.93,100.007
58.04,0,0,3,1,1,0,0,1,-5.61641e-218,0,8.20522e-141,1.03864e-141,-0.118977,5823.23,99.9438
58.06,0,0,3,1,1,0,0,1,-4.64166e-218,0,5.69807e-141,7.21275e-142,-2.5855,5817.63,100.056
58.08,0,0,3,1,1,0,0,1,-3.83608e-218,0,3.95699e-141,5.00885e-142,1.43829,5806.92,100.101
58.1,0,0,3,1,1,0,0,1,-3.17031e-218,0,2.74791e-141,3.47837e-142,0.0883351,5812.49,99.9341
58.12,0,0,3,1,1,0,0,1,-2.62009e-218,0,1.90827e-141,2.41553e-142,0.79483,5813.43,99.9572
58.14,0,0,3,1,1,0,0,1,-2.16537e-218,0,1.32519e-141,1.67745e-142,1.16901,5812.32,100.204
58.16,0,0,3,1,1,0,0,1,-1.78956e-218,0,9.2027e-142,1.1649e-142,-0.908665,5813.83,99.772
58.18,0,0,3,1,1,0,0,1,-1.47898e-218,0,6.39077e-142,8.08958e-143,2.97297,5805,99.7731
58.2,0,0,3,1,1,0,0,1,-1.22229e-218,0,4.43803e-142,5.61776e-143,0.927144,5801.81,99.7552
58.22,0,0,3,1,1,0,0,1,-1.01016e-218,0,3.08197e-142,3.90122e-143,-0.599946,5807.29,99.8964
58.24,0,0,3,1,1,0,0,1,-8.34843e-219,0,2.14025e-142,2.70918e-143,0.80332,5807.04,99.7078
58.26,0,0,3,1,1,0,0,1,-6.89953e-219,0,1.48629e-142,1.88138e-143,1.42939,5810.58,99.6327
58.28,0,0,3,1,1,0,0,1,-5.70209e-219,0,1.03214e-142,1.30651e-143,0.78915,5796.1,99.7193
58.3,0,0,3,1,1,0,0,1,-4.71247e-219,0,7.16767e-143,9.073e-144,0.684957,5806.61,99.5929
58.32,0,0,3,1,1,0,0,1,-3.8946e-219,0,4.97755e-143,6.30069e-144,1.71559,5800.65,99.4956
58.34,0,0,3,1,1,0,0,1,-3.21868e-219,0,3.45663e-143,4.37548e-144,-0.857386,5804.62,99.6955
58.36,0,0,3,1,1,0,0,1,-2.66007e-219,0,2.40044e-143,3.03853e-144,-1.86409,5797.33,99.7746
58.38,0,0,3,1,1,0,0,1,-2.1984e-219,0,1.66697e-143,2.11009e-144,2.13345,5803.97,99.5665
58.4,0,0,3,1,1,0,0,1,-1.81686e-219,0,1.15762e-143,1.46534e-144,-0.54679,5796.26,99.6066
58.42,0,0,3,1,1,0,0,1,-1.50154e-219,0,8.03902e-144,1.0176e-144,-0.305738,5803.62,99.5435
58.44,0,0,3,1,1,0,0,1,-1.24094e-219,0,5.58265e-144,7.06665e-145,-0.360321,5789.24,99.6885
58.46,0,0,3,1,1,0,0,1,-1.02557e-219,0,3.87684e-144,4.90739e-145,-0.500524,5795.34,99.6114
58.48,0,0,3,1,1,0,0,1,-8.47579e-220,0,2.69225e-144,3.40791e-145,2.21325,5791.45,99.6292
58.5,0,0,3,1,1,0,0,1,-7.00479e-220,0,1.86962e-144,2.36661e-145,-0.178815,5793.07,99.7754
58.52,0,0,3,1,1,0,0,1,-5.78908e-220,0,1.29835e-144,1.64348e-145,0.345411,5795.92,99.5551
58.54,0,0,3,1,1,0,0,1,-4.78436e-220,0,9.01629e-145,1.1413e-145,0.551886,5789.83,99.4243
58.56,0,0,3,1,1,0,0,1,-3.95402e-220,0,6.26132e-145,7.92572e-146,1.48026,5801.73,99.2593
58.58,0,0,3,1,1,0,0,1,-3.26779e-220,0,4.34814e-145,5.50397e-146,-0.61525,5795.24,99.6097
58.6,0,0,3,1,1,0,0,1,-2.70065e-220,0,3.01954e-145,3.8222e-146,0.184187,5785.95,99.3365
58.62,0,0,3,1,1,0,0,1,-2.23194e-220,0,2.0969e-145,2.65431e-146,0.727102,5786.7,99.3539
58.64,0,0,3,1,1,0,0,1,-1.84458e-220,0,1.45618e-145,1.84327e-146,-1.41479,5790.4,99.502
58.66,0,0,3,1,1,0,0,1,-1.52445e-220,0,1.01124e-145,1.28005e-146,1.96891,5792.73,99.4784
58.68,0,0,3,1,1,0,0,1,-1.25987e-220,0,7.02248e-146,8.88922e-147,1.83736,5781.49,98.8944
58.7,0,0,3,1,1,0,0,1,-1.04122e-220,0,4.87672e-146,6.17307e-147,-2.68198,5775.3,99.1645
58.72,0,0,3,1,1,0,0,1,-8.6051e-221,0,3.38661e-146,4.28685e-147,-0.857201,5779.13,99.0951
58.74,0,0,3,1,1,0,0,1,-7.11165e-221,0,2.35181e-146,2.97698e-147,0.374672,5764.28,99.3134
58.76,0,0,3,1,1,0,0,1,-5.8774e-221,0,1.6332e-146,2.06735e-147,-1.117,5772.79,99.2678
58.78,0,0,3,1,1,0,0,1,-4.85735e-221,0,1.13417e-146,1.43566e-147,0.183058,5778.34,99.0312
58.8,0,0,3,1,1,0,0,1,-4.01434e-221,0,7.87618e-147,9.96985e-148,1.53282,5776.64,98.9725
58.82,0,0,3,1,1,0,0,1,-3.31764e-221,0,5.46957e-147,6.92351e-148,1.78591,5782.22,99.1934
58.84,0,0,3,1,1,0,0,1,-2.74185e-221,0,3.79831e-147,4.80799e-148,-0.552848,5780.31,99.0102
58.86,0,0,3,1,1,0,0,1,-2.26599e-221,0,2.63772e-147,3.33888e-148,-1.68933,5773.98,99.3603
58.88,0,0,3,1,1,0,0,1,-1.87272e-221,0,1.83175e-147,2.31867e-148,0.384727,5778.02,99.2001
58.9,0,0,3,1,1,0,0,1,-1.5477e-221,0,1.27205e-147,1.61019e-148,-0.576585,5763.16,99.158
58.92,0,0,3,1,1,0,0,1,-1.27909e-221,0,8.83366e-148,1.11818e-148,1.00119,5778.83,99.0986
58.94,0,0,3,1,1,0,0,1,-1.0571e-221,0,6.13449e-148,7.76517e-149,3.51562,5770.91,99.2106
58.96,0,0,3,1,1,0,0,1,-8.73638e-222,0,4.26006e-148,5.39248e-149,1.62055,5765.61,98.9508
58.98,0,0,3,1,1,0,0,1,-7.22015e-222,0,2.95838e-148,3.74478e-149,-0.94029,5764.99,99.3272
59,0,0,3,1,1,0,0,1,-5.96706e-222,0,2.05443e-148,2.60054e-149,0.519288,5767.3,99.3227
59.02,0,0,3,1,1,0,0,1,-4.93146e-222,0,1.42669e-148,1.80593e-149,2.17291,5765.4,99.1008
59.04,0,0,3,1,1,0,0,1,-4.07559e-222,0,9.90754e-149,1.25412e-149,1.02737,5766.9,99.018
59.06,0,0,3,1,1,0,0,1,-3.36825e-222,0,6.88023e-149,8.70916e-150,0.564842,5765.93,99.1033
59.08,0,0,3,1,1,0,0,1,-2.78368e-222,0,4.77794e-149,6.04803e-150,-2.5517,5762.08,98.9698
59.1,0,0,3,1,1,0,0,1,-2.30056e-222,0,3.31801e-149,4.20002e-150,-1.39604,5768.63,99.2448
59.12,0,0,3,1,1,0,0,1,-1.90129e-222,0,2.30418e-149,2.91668e-150,2.17507,5742.44,98.9907
59.14,0,0,3,1,1,0,0,1,-1.57131e-222,0,1.60012e-149,2.02547e-150,1.78668,5761.35,99.2523
59.16,0,0,3,1,1,0,0,1,-1.29861e-222,0,1.1112e-149,1.40658e-150,1.77742,5744.94,98.5509
59.18,0,0,3,1,1,0,0,1,-1.07323e-222,0,7.71664e-150,9.7679e-151,-1.29128,5754.51,98.8796
59.2,0,0,3,1,1,0,0,1,-8.86966e-223,0,5.35878e-150,6.78326e-151,0.0399943,5759.63,99.0074
59.22,0,0,3,1,1,0,0,1,-7.3303e-223,0,3.72137e-150,4.7106e-151,-2.3704,5748.5,98.9312
59.24,0,0,3,1,1,0,0,1,-6.0581e-223,0,2.58429e-150,3.27125e-151,-0.91774,5750.44,98.8258
59.26,0,0,3,1,1,0,0,1,-5.00669e-223,0,1.79464e-150,2.2717e-151,0.331516,5761,98.775
59.28,0,0,3,1,1,0,0,1,-4.13776e-223,0,1.24628e-150,1.57757e-151,-1.08272,5756.22,98.7317
59.3,0,0,3,1,1,0,0,1,-3.41964e-223,0,8.65473e-151,1.09554e-151,0.898216,5754.25,98.7486
59.32,0,0,3,1,1,0,0,1,-2.82615e-223,0,6.01023e-151,7.60788e-152,0.379544,5750.83,98.7048
59.34,0,0,3,1,1,0,0,1,-2.33566e-223,0,4.17377e-151,5.28325e-152,-0.0863855,5741.41,98.5587
59.36,0,0,3,1,1,0,0,1,-1.9303e-223,0,2.89845e-151,3.66892e-152,-4.40636,5750.14,98.8123
59.38,0,0,3,1,1,0,0,1,-1.59529e-223,0,2.01281e-151,2.54786e-152,-2.10005,5741.86,98.8419
59.4,0,0,3,1,1,0,0,1,-1.31842e-223,0,1.39779e-151,1.76935e-152,-3.08644,5737.64,98.5665
59.42,0,0,3,1,1,0,0,1,-1.0896e-223,0,9.70685e-152,1.22872e-152,-2.39436,5736.35,98.6145
59.44,0,0,3,1,1,0,0,1,-9.00498e-224,0,6.74087e-152,8.53275e-153,1.46324,5743.46,98.6294
59.46,0,0,3,1,1,0,0,1,-7.44213e-224,0,4.68116e-152,5.92552e-153,-0.319267,5738.71,98.5818
59.48,0,0,3,1,1,0,0,1,-6.15052e-224,0,3.25081e-152,4.11494e-153,3.3864,5739.79,98.5329
59.5,0,0,3,1,1,0,0,1,-5.08307e-224,0,2.2575e-152,2.8576e-153,-2.13432,5739.61,98.6624
59.52,0,0,3,1,1,0,0,1,-4.20089e-224,0,1.56771e-152,1.98444e-153,-3.28219,5741.62,98.7217
59.54,0,0,3,1,1,0,0,1,-3.47181e-224,0,1.08869e-152,1.37809e-153,-2.7863,5734.86,98.666
59.56,0,0,3,1,1,0,0,1,-2.86926e-224,0,7.56033e-153,9.57004e-154,-1.01962,5743.16,98.5212
59.58,0,0,3,1,1,0,0,1,-2.37129e-224,0,5.25023e-153,6.64586e-154,-1.7763,5736.04,98.4202
59.6,0,0,3,1,1,0,0,1,-1.95975e-224,0,3.64599e-153,4.61518e-154,-4.19233,5735.12,98.4277
59.62,0,0,3,1,1,0,0,1,-1.61962e-224,0,2.53194e-153,3.20499e-154,-0.352957,5724.81,98.5316
59.64,0,0,3,1,1,0,0,1,-1.33853e-224,0,1.75829e-153,2.22569e-154,3.6125,5728.38,98.4414
59.66,0,0,3,1,1,0,0,1,-1.10623e-224,0,1.22104e-153,1.54562e-154,0.250557,5725.67,98.4032
59.68,0,0,3,1,1,0,0,1,-9.14236e-225,0,8.47942e-154,1.07334e-154,0.613946,5739.27,98.1019
59.7,0,0,3,1,1,0,0,1,-7.55567e-225,0,5.88848e-154,7.45378e-155,-2.88396,5728.22,98.529
59.72,0,0,3,1,1,0,0,1,-6.24435e-225,0,4.08923e-154,5.17623e-155,-0.529776,5724.04,98.3947
59.74,0,0,3,1,1,0,0,1,-5.16062e-225,0,2.83974e-154,3.59461e-155,-2.23379,5732.02,98.6672
59.76,0,0,3,1,1,0,0,1,-4.26498e-225,0,1.97204e-154,2.49626e-155,-1.1154,5729.69,98.6091
59.78,0,0,3,1,1,0,0,1,-3.52477e-225,0,1.36947e-154,1.73351e-155,1.56611,5724.87,98.1146
59.8,0,0,3,1,1,0,0,1,-2.91304e-225,0,9.51023e-155,1.20383e-155,-1.6424,5715.88,98.1671
59.82,0,0,3,1,1,0,0,1,-2.40747e-225,0,6.60433e-155,8.35991e-156,1.13567,5731.45,98.1635
59.84,0,0,3,1,1,0,0,1,-1.98964e-225,0,4.58634e-155,5.80549e-156,1.58922,5719.36,98.3583
59.86,0,0,3,1,1,0,0,1,-1.64433e-225,0,3.18496e-155,4.03159e-156,0.239594,5717.26,98.3499
59.88,0,0,3,1,1,0,0,1,-1.35895e-225,0,2.21178e-155,2.79972e-156,-0.339163,5717.75,98.364
59.9,0,0,3,1,1,0,0,1,-1.1231e-225,0,1.53596e-155,1.94425e-156,-0.919377,5716.89,98.038
59.92,0,0,3,1,1,0,0,1,-9.28183e-226,0,1.06664e-155,1.35017e-156,0.827145,5717.33,98.1417
59.94,0,0,3,1,1,0,0,1,-7.67094e-226,0,7.40719e-156,9.37619e-157,-0.408247,5722.01,98.1158
59.96,0,0,3,1,1,0,0,1,-6.33962e-226,0,5.14388e-156,6.51124e-157,-1.17762,5715.92,98.3438
59.98,0,0,3,1,1,0,0,1,-5.23935e-226,0,3.57214e-156,4.5217e-157,0.361765,5710.85,98.0839
60,0,0,3,1,1,0,0,1,-4.33004e-226,0,2.48065e-156,3.14007e-157,0.576442,5712.64,98.2554
60.02,0,0,3,1,1,0,0.0133333,1,-3.57855e-226,0,1.72268e-156,2.1806e-157,-1.43775,5708.08,98.1904
60.04,0,0,3,1,1,0,0.0266667,1,-2.95748e-226,0,1.1963e-156,1.51431e-157,-0.219096,5701.39,98.2831
60.06,0,0,3,1,1,0,0.04,1,-2.4442e-226,0,8.30766e-157,1.0516e-157,-0.686841,5709.83,98.0064
60.08,0,0,3,1,1,0,0.0533333,1,-2.02e-226,0,5.76921e-157,7.30279e-158,1.01256,5700.28,98.1753
60.1,0,0,3,1,1,0,0.0666667,1,-1.66942e-226,0,4.00639e-157,5.07139e-158,-0.684267,5709,98.0418
60.12,0,0,3,1,1,0,0.08,1,-1.37969e-226,0,2.78222e-157,3.5218e-158,1.52929,5702.32,98.1804
60.14,0,0,3,1,1,0,0.0933333,1,-1.14024e-226,0,1.9321e-157,2.44569e-158,-1.2611,5710.59,97.9591
60.16,0,0,3,1,1,0,0.106667,1,-9.42344e-227,0,1.34173e-157,1.6984e-158,1.477,5704.16,97.9915
60.18,0,0,3,1,1,0,0.12,1,-7.78796e-227,0,9.31759e-158,1.17944e-158,0.820567,5703.71,97.7324
60.2,0,0,3,1,1,0,0.133333,1,-6.43633e-227,0,6.47055e-158,8.19057e-159,-1.43327,5707.1,98.0769
60.22,0,0,3,1,1,0,0.146667,1,-5.31928e-227,0,4.49344e-158,5.6879e-159,0.765295,5708.52,97.6852
60.24,0,0,3,1,1,0,0.16,1,-4.3961e-227,0,3.12044e-158,3.94993e-159,2.22124,5703.55,97.8797
60.26,0,0,3,1,1,0,0.173333,1,-3.63314e-227,0,2.16697e-158,2.74301e-159,-0.141855,5696.64,97.4377
60.28,0,0,3,1,1,0,0.186667,1,-3.0026e-227,0,1.50484e-158,1.90486e-159,-1.63267,5701.55,98.079
60.3,0,0,3,1,1,0,0.2,1,-2.48149e-227,0,1.04503e-158,1.32282e-159,1.66415,5678.35,97.8728
60.32,0,0,3,1,1,0,0.213333,1,-2.05081e-227,0,7.25715e-159,9.18627e-160,0.227774,5700.13,97.607
60.34,0,0,3,1,1,0,0.226667,1,-1.69489e-227,0,5.03969e-159,6.37935e-160,-1.28626,5697.59,97.783
60.36,0,0,3,1,1,0,0.24,1,-1.40073e-227,0,3.49978e-159,4.43011e-160,0.0794724,5700.42,97.7592
60.38,0,0,3,1,1,0,0.253333,1,-1.15763e-227,0,2.43041e-159,3.07646e-160,-1.97498,5688.3,97.788
60.4,0,0,3,1,1,0,0.266667,1,-9.5672e-228,0,1.68778e-159,2.13643e-160,-1.65257,5693.06,97.6522
60.42,0,0,3,1,1,0,0.28,1,-7.90678e-228,0,1.17207e-159,1.48363e-160,-2.49925,5698.85,97.9198
60.44,0,0,3,1,1,0,0.293333,1,-6.53453e-228,0,8.13938e-160,1.0303e-160,0.202859,5687.04,97.7594
60.46,0,0,3,1,1,0,0.306667,1,-5.40043e-228,0,5.65235e-160,7.15487e-161,-1.66872,5679.81,97.4211
60.48,0,0,3,1,1,0,0.32,1,-4.46317e-228,0,3.92524e-160,4.96866e-161,-1.43693,5686.67,97.4129
60.5,0,0,3,1,1,0,0.333333,1,-3.68857e-228,0,2.72586e-160,3.45046e-161,-0.571181,5686.34,97.6586
60.52,0,0,3,1,1,0,0.346667,1,-3.0484e-228,0,1.89296e-160,2.39615e-161,-0.15899,5686.49,97.6067
60.54,0,0,3,1,1,0,0.36,1,-2.51934e-228,0,1.31456e-160,1.66399e-161,-0.0225264,5683.64,97.387
60.56,0,0,3,1,1,0,0.373333,1,-2.0821e-228,0,9.12886e-161,1.15555e-161,-0.987861,5671.68,97.8814
60.58,0,0,3,1,1,0,0.386667,1,-1.72074e-228,0,6.33948e-161,8.02466e-162,1.17539,5679.66,97.3114
60.6,0,0,3,1,1,0,0.4,1,-1.4221e-228,0,4.40242e-161,5.57268e-162,-2.35406,5675.69,97.2387
60.62,0,0,3,1,1,0,0.413333,1,-1.17529e-228,0,3.05724e-161,3.86992e-162,-0.435435,5671.31,97.2592
60.64,0,0,3,1,1,0,0.426667,1,-9.71316e-229,0,2.12308e-161,2.68744e-162,-0.667518,5670.98,97.302
60.66,0,0,3,1,1,0,0.44,1,-8.0274e-229,0,1.47436e-161,1.86628e-162,0.0608109,5672.47,97.4221
60.68,0,0,3,1,1,0,0.453333,1,-6.63422e-229,0,1.02386e-161,1.29603e-162,-0.386309,5672.77,97.4356
60.7,0,0,3,1,1,0,0.466667,1,-5.48282e-229,0,7.11015e-162,9.00019e-163,0.764775,5673.9,97.4854
60.72,0,0,3,1,1,0,0.48,1,-4.53126e-229,0,4.93761e-162,6.25013e-163,-0.344257,5670.84,97.3546
60.74,0,0,3,1,1,0,0.493333,1,-3.74484e-229,0,3.42889e-162,4.34037e-163,3.18262,5677.89,97.1678
60.76,0,0,3,1,1,0,0.506667,1,-3.09491e-229,0,2.38118e-162,3.01415e-163,-0.440928,5664.07,97.2623
60.78,0,0,3,1,1,0,0.52,1,-2.55778e-229,0,1.65359e-162,2.09316e-163,2.76312,5662.93,97.4644
60.8,0,0,3,1,1,0,0.533333,1,-2.11387e-229,0,1.14833e-162,1.45358e-163,0.341106,5666.78,97.2167
60.82,0,0,3,1,1,0,0.546667,1,-1.747e-229,0,7.97451e-163,1.00943e-163,0.0107012,5672.59,97.4882
60.84,0,0,3,1,1,0,0.56,1,-1.4438e-229,0,5.53785e-163,7.00994e-164,0.154918,5661.87,97.2175
60.86,0,0,3,1,1,0,0.573333,1,-1.19322e-229,0,3.84573e-163,4.86801e-164,-2.63005,5650.19,97.3219
60.88,0,0,3,1,1,0,0.586667,1,-9.86134e-230,0,2.67065e-163,3.38057e-164,2.3214,5659.98,97.3509
60.9,0,0,3,1,1,0,0.6,1,-8.14987e-230,0,1.85462e-163,2.34762e-164,0.836402,5648.1,96.9885
60.92,0,0,3,1,1,0,0.613333,1,-6.73543e-230,0,1.28793e-163,1.63029e-164,-0.900828,5656.02,97.0707
60.94,0,0,3,1,1,0,0.626667,1,-5.56647e-230,0,8.94394e-164,1.13214e-164,2.01527,5657.1,97.074
60.96,0,0,3,1,1,0,0.64,1,-4.60039e-230,0,6.21107e-164,7.86212e-165,0.554993,5643.51,97.1752
60.98,0,0,3,1,1,0,0.653333,1,-3.80197e-230,0,4.31324e-164,5.4598e-165,-0.517732,5653.64,96.8186
61,0,0,3,1,1,0,0.666667,1,-3.14213e-230,0,2.99531e-164,3.79153e-165,-1.86016,5650.51,96.8764
61.02,0,0,3,1,1,0,0.68,1,-2.5968e-230,0,2.08008e-164,2.63301e-165,0.150205,5643.56,96.9868
61.04,0,0,3,1,1,0,0.693333,1,-2.14611e-230,0,1.4445e-164,1.82848e-165,-0.34069,5652.52,97.1647
61.06,0,0,3,1,1,0,0.706667,1,-1.77365e-230,0,1.00312e-164,1.26978e-165,-1.06413,5644.51,96.9988
61.08,0,0,3,1,1,0,0.72,1,-1.46583e-230,0,6.96613e-165,8.81789e-166,1.33991,5643.77,96.9468
61.1,0,0,3,1,1,0,0.733333,1,-1.21143e-230,0,4.83759e-165,6.12353e-166,0.720398,5645.86,96.9291
61.12,0,0,3,1,1,0,0.746667,1,-1.00118e-230,0,3.35944e-165,4.25245e-166,-0.666191,5645.05,96.9171
61.14,0,0,3,1,1,0,0.76,1,-8.2742e-231,0,2.33294e-165,2.95309e-166,0.830798,5641.38,96.8937
61.16,0,0,3,1,1,0,0.773333,1,-6.83818e-231,0,1.6201e-165,2.05076e-166,-0.00447203,5645.03,96.892
61.18,0,0,3,1,1,0,0.786667,1,-5.65139e-231,0,1.12507e-165,1.42414e-166,-0.0703531,5634.63,96.9913
61.2,0,0,3,1,1,0,0.8,1,-4.67057e-231,0,7.81298e-166,9.88985e-167,-0.112336,5641,96.9925
61.22,0,0,3,1,1,0,0.813333,1,-3.85998e-231,0,5.42568e-166,6.86795e-167,0.0126182,5636.37,96.8111
61.24,0,0,3,1,1,0,0.826667,1,-3.19006e-231,0,3.76783e-166,4.76941e-167,-0.508357,5631.45,96.676
61.26,0,0,3,1,1,0,0.84,1,-2.63642e-231,0,2.61655e-166,3.31209e-167,-2.89435,5639.73,96.8265
61.28,0,0,3,1,1,0,0.853333,1,-2.17886e-231,0,1.81705e-166,2.30006e-167,-1.77501,5623.07,96.8491
61.3,0,0,3,1,1,0,0.866667,1,-1.80071e-231,0,1.26184e-166,1.59727e-167,1.24351,5626.37,96.6436
61.32,0,0,3,1,1,0,0.88,1,-1.48819e-231,0,8.76278e-167,1.10921e-167,-3.76085,5624.59,96.5995
61.34,0,0,3,1,1,0,0.893333,1,-1.22991e-231,0,6.08526e-167,7.70286e-168,-1.23207,5629.93,96.9394
61.36,0,0,3,1,1,0,0.906667,1,-1.01645e-231,0,4.22588e-167,5.34921e-168,-0.657623,5623.2,96.4963
61.38,0,0,3,1,1,0,0.92,1,-8.40043e-232,0,2.93464e-167,3.71473e-168,-0.684243,5627.01,96.5479
61.4,0,0,3,1,1,0,0.933333,1,-6.94251e-232,0,2.03794e-167,2.57967e-168,2.05842,5619.28,96.7899
61.42,0,0,3,1,1,0,0.946667,1,-5.73761e-232,0,1.41524e-167,1.79144e-168,1.40412,5620.27,96.6208
61.44,0,0,3,1,1,0,0.96,1,-4.74183e-232,0,9.82804e-168,1.24406e-168,0.0279774,5620.92,96.4044
61.46,0,0,3,1,1,0,0.973333,1,-3.91886e-232,0,6.82502e-168,8.63927e-169,-0.237363,5613.98,96.5917
61.48,0,0,3,1,1,0,0.986667,1,-3.23873e-232,0,4.7396e-168,5.99949e-169,1.51553,5613.36,95.8813
61.5,0,0,3,1,1,0,1,1,-2.67664e-232,0,3.29139e-168,4.16632e-169,-0.635,5611.65,96.3981
61.52,0,0,3,1,1,0,1.01333,1,-2.2121e-232,0,2.28569e-168,2.89327e-169,-0.134402,5615.3,96.327
61.54,0,0,3,1,1,0,1.02667,1,-1.82818e-232,0,1.58728e-168,2.00922e-169,0.96951,5609.94,96.4192
61.56,0,0,3,1,1,0,1.04,1,-1.51089e-232,0,1.10228e-168,1.39529e-169,0.698592,5614.66,96.6098
61.58,0,0,3,1,1,0,1.05333,1,-1.24867e-232,0,7.65472e-169,9.68952e-170,0.932086,5608.49,96.3583
61.6,0,0,3,1,1,0,1.06667,1,-1.03196e-232,0,5.31578e-169,6.72883e-170,2.42477,5608.41,96.374
61.62,0,0,3,1,1,0,1.08,1,-8.52859e-233,0,3.69151e-169,4.6728e-170,-0.708229,5611.37,96.621
61.64,0,0,3,1,1,0,1.09333,1,-7.04842e-233,0,2.56355e-169,3.245e-170,-2.05351,5604.08,96.4614
61.66,0,0,3,1,1,0,1.10667,1,-5.82514e-233,0,1.78024e-169,2.25347e-170,1.09578,5605.82,96.1104
61.68,0,0,3,1,1,0,1.12,1,-4.81417e-233,0,1.23628e-169,1.56491e-170,1.73131,5598.62,96.1134
61.7,0,0,3,1,1,0,1.13333,1,-3.97865e-233,0,8.58528e-170,1.08674e-170,-0.301641,5603.84,96.0623
61.72,0,0,3,1,1,0,1.14667,1,-3.28814e-233,0,5.962e-170,7.54683e-171,-0.593137,5597.39,96.0032
61.74,0,0,3,1,1,0,1.16,1,-2.71747e-233,0,4.14028e-170,5.24086e-171,0.355077,5599.46,96.1352
61.76,0,0,3,1,1,0,1.17333,1,-2.24584e-233,0,2.87519e-170,3.63948e-171,-2.67921,5593.09,96.0348
61.78,0,0,3,1,1,0,1.18667,1,-1.85607e-233,0,1.99666e-170,2.52742e-171,2.11162,5599.57,96.3015
61.8,0,0,3,1,1,0,1.2,1,-1.53394e-233,0,1.38657e-170,1.75515e-171,1.93175,5597.05,96.067
61.82,0,0,3,1,1,0,1.21333,1,-1.26772e-233,0,9.62896e-171,1.21886e-171,-0.495053,5587.33,96.1234
61.84,0,0,3,1,1,0,1.22667,1,-1.0477e-233,0,6.68678e-171,8.46428e-172,0.500193,5581.82,96.0254
61.86,0,0,3,1,1,0,1.24,1,-8.6587e-234,0,4.6436e-171,5.87797e-172,-0.191815,5589.92,95.9344
61.88,0,0,3,1,1,0,1.25333,1,-7.15595e-234,0,3.22472e-171,4.08192e-172,-0.906331,5594.39,95.7003
61.9,0,0,3,1,1,0,1.26667,1,-5.91401e-234,0,2.23939e-171,2.83467e-172,-0.507949,5596.71,96.3494
61.92,0,0,3,1,1,0,1.28,1,-4.88761e-234,0,1.55513e-171,1.96852e-172,0.371046,5588.5,96.0129
61.94,0,0,3,1,1,0,1.29333,1,-4.03935e-234,0,1.07995e-171,1.36703e-172,1.08726,5580.94,95.9736
61.96,0,0,3,1,1,0,1.30667,1,-3.3383e-234,0,7.49967e-172,9.49325e-173,-0.417426,5577.77,96.1673
61.98,0,0,3,1,1,0,1.32,1,-2.75893e-234,0,5.2081e-172,6.59253e-173,2.18569,5586.68,95.9014
62,0,0,3,1,1,0,1.33333,1,-2.28011e-234,0,3.61674e-172,4.57815e-173,0.701204,5580.02,95.565
62.02,0.7,0,3,1,1,0,1.34667,1,-1.88439e-234,0,2.51162e-172,3.17927e-173,-0.169342,5581.59,95.667
62.04,1.4,0,3,1,1,0,1.36,1,-1.55734e-234,0,1.74418e-172,2.20783e-173,-0.852516,5578.76,95.8819
62.06,2.1,0,3,1,1,0,1.37333,1,-1.28706e-234,0,1.21124e-172,1.53321e-173,0.227516,5572.2,95.5733
62.08,2.8,0,3,1,1,0,1.38667,1,-1.06369e-234,0,8.41137e-173,1.06473e-173,-0.0131983,5573.28,95.6419
62.1,3.5,0,3,1,1,0,1.4,1,-8.7908e-235,0,5.84123e-173,7.39396e-174,0.353729,5570.83,95.6056
62.12,4.2,0,3,1,1,0,1.41333,1,-7.26512e-235,0,4.05641e-173,5.1347e-174,2.02802,5575.11,95.8148
62.14,4.9,0,3,1,1,0,1.42667,1,-6.00423e-235,0,2.81695e-173,3.56576e-174,0.975209,5564.22,95.9561
62.16,5.6,0,3,1,1,0,1.44,1,-4.96218e-235,65.9453,15.852,2.00658,1.93513,5570.17,95.6041
62.18,6.3,0,3,1,1,0,1.45333,1,-4.10097e-235,76.297,33.6023,4.25346,1.9666,5560.58,95.5367
62.2,7,0,3,1,1,0,1.46667,1,-3.38923e-235,86.6544,49.0933,6.21435,1.36521,5563.53,95.4852
62.22,7.7,0,3,1,1,0,1.48,1,-2.80102e-235,97.0171,63.017,7.97684,4.90023,5559.44,95.3084
62.24,8.4,0,3,1,1,0,1.49333,1,-2.31489e-235,107.385,75.8537,9.60174,6.90433,5558.42,95.2898
62.26,9.1,0,3,1,1,0,1.50667,1,-1.91313e-235,117.757,87.9371,11.1313,8.03254,5559.56,95.2452
62.28,9.8,0,3,1,1,0,1.52,1,-1.5811e-235,128.133,99.4986,12.5948,10.4805,5553.08,95.3348
62.3,10.5,0,3,1,1,0,1.53333,1,-1.3067e-235,139.682,110.942,14.0433,9.91381,5546.29,95.3753
62.32,11.2,0,3,1,1,0,1.54667,1,-1.07991e-235,151.704,122.562,15.5142,13.4015,5546.01,95.3572
62.34,11.9,0,3,1,1,0,1.56,1,-8.92491e-236,163.73,134.306,17.0008,13.0089,5555.87,95.3982
62.36,12.6,0,3,1,1,0,1.57333,1,-7.37596e-236,175.759,146.137,18.4983,15.7787,5553.93,95.388
62.38,13.3,0,3,1,1,0,1.58667,1,-6.09583e-236,187.793,158.029,20.0037,17.4471,5553.13,95.0835
62.4,14,0,3,1,1,0,1.6,1,-5.03788e-236,199.829,169.966,21.5146,19.7758,5556.34,95.4337
62.42,14.7,0,3,1,1,0,1.61333,1,-4.16354e-236,211.869,181.933,23.0295,21.6881,5549.68,95.1925
62.44,15.4,0,3,1,1,0,1.62667,1,-3.44094e-236,223.91,193.923,24.5472,24.2366,5547.15,95.2985
62.46,16.1,0,3,1,1,0,1.64,1,-2.84375e-236,235.955,205.93,26.0671,22.2763,5539.33,95.4183
62.48,16.8,0,3,1,1,0,1.65333,1,-2.35021e-236,248,217.948,27.5884,25.6555,5545.07,95.3003
62.5,17.5,0,3,1,1,0,1.66667,1,-1.94232e-236,260.047,229.975,29.1108,23.9689,5549.87,95.1618
62.52,18.2,0,3,1,1,0,1.68,1,-1.60522e-236,272.096,242.009,30.634,29.1227,5549.31,95.1205
62.54,18.9,0,3,1,1,0,1.69333,1,-1.32663e-236,284.145,254.047,32.1578,29.0858,5541.9,94.8572
62.56,19.6,0,3,1,1,0,1.70667,1,-1.09639e-236,296.194,266.088,33.6821,31.9448,5551.45,95.2158
62.58,20.3,0,3,1,1,0,1.72,1,-9.06107e-237,308.789,278.223,35.2181,30.5445,5546.72,94.9068
62.6,21,0,3,1,1,0,1.73333,1,-7.48849e-237,322.112,290.708,36.7985,32.3181,5546.47,95.2345
62.62,21.7,0,3,1,1,0,1.74667,1,-6.18883e-237,335.435,303.45,38.4113,34.2449,5518.32,95.2922
62.64,22.4,0,3,1,1,0,1.76,1,-5.11474e-237,348.756,316.368,40.0466,36.8835,5544.13,95.3811
62.66,23.1,0,3,1,1,0,1.77333,1,-4.22706e-237,362.076,329.41,41.6974,39.6473,5545.13,95.0944
62.68,23.8,0,3,1,1,0,1.78667,1,-3.49343e-237,375.394,342.536,43.3589,44.3474,5536.46,95.0878
62.7,24.5,0,3,1,1,0,1.8,1,-2.88714e-237,388.709,355.72,45.0278,42.2702,5543.88,95.4361
62.72,25.2,0,3,1,1,0,1.81333,1,-2.38606e-237,402.022,368.943,46.7016,42.1614,5540.45,95.1848
62.74,25.9,0,3,1,1,0,1.82667,1,-1.97195e-237,415.33,382.193,48.3788,45.9316,5529.97,95.0674
62.76,26.6,0,3,1,1,0,1.84,1,-1.62971e-237,428.635,395.46,50.0582,48.5841,5542.74,94.9867
62.78,27.3,0,3,1,1,0,1.85333,1,-1.34687e-237,441.936,408.737,51.7389,48.2741,5544.91,95.0444
62.8,28,0,3,1,1,0,1.86667,1,-1.11312e-237,455.231,422.02,53.4203,53.5241,5537.31,95.3947
62.82,28.7,0,3,1,1,0,1.88,1,-9.1993e-238,468.521,435.306,55.102,51.4766,5537.11,95.1587
62.84,29.4,0,3,1,1,0,1.89333,1,-7.60273e-238,481.806,448.592,56.7838,51.2978,5539.46,95.1364
62.86,30.1,0,3,1,1,0,1.90667,1,-6.28325e-238,495.211,461.897,58.468,53.8601,5528.84,95.109
62.88,30.8,0,3,1,1,0,1.92,1,-5.19277e-238,509.373,475.42,60.1798,58.4144,5538.29,94.9977
62.9,31.5,0,3,1,1,0,1.93333,1,-4.29154e-238,523.528,489.137,61.9161,60.5577,5542.01,95.3288
62.92,32.2,0,3,1,1,0,1.94667,1,-3.54673e-238,537.675,502.986,63.6691,59.94,5533.77,95.2534
62.94,32.9,0,3,1,1,0,1.96,1,-2.93118e-238,551.814,516.924,65.4334,64.8043,5524.6,95.214
62.96,33.6,0,3,1,1,0,1.97333,1,-2.42246e-238,565.943,530.921,67.2052,66.0948,5541.4,95.1181
62.98,34.3,0,3,1,1,0,1.98667,1,-2.00204e-238,580.063,544.956,68.9818,65.4049,5541.97,95.2943
63,35,0,3,1,1,0,2,1,-1.65458e-238,594.173,559.015,70.7614,70.1668,5536.26,95.3373
63.02,35,0,3,1,1,0,2.01333,1,-1.36742e-238,594.095,569.739,72.1189,68.2221,5544.05,95.3418
63.04,35,0,3,1,1,0,2.02667,1,-1.1301e-238,594.012,577.162,73.0584,71.1724,5550.69,95.198
63.06,35,0,3,1,1,0,2.04,1,-9.33965e-239,593.923,582.289,73.7075,72.814,5533.66,95.1962
63.08,35,0,3,1,1,0,2.05333,1,-7.71872e-239,593.83,585.822,74.1547,72.6982,5544.82,95.141
63.1,35,0,3,1,1,0,2.06667,1,-6.37911e-239,593.735,588.247,74.4616,71.8152,5552.69,95.3165
63.12,35,0,3,1,1,0,2.08,1,-5.27199e-239,593.638,589.901,74.671,72.9561,5550.42,95.2062
63.14,35,0,3,1,1,0,2.09333,1,-4.35702e-239,593.539,591.019,74.8126,73.0245,5550.72,95.0237
63.16,35,0,3,1,1,0,2.10667,1,-3.60084e-239,593.441,591.766,74.9071,74.7791,5557.58,95.0927
63.18,35,0,3,1,1,0,2.12,1,-2.9759e-239,593.342,592.254,74.9689,73.3921,5544.61,95.321
63.2,35,0,3,1,1,0,2.13333,1,-2.45942e-239,593.243,592.563,75.008,75.3209,5547.36,95.2281
63.22,35,0,3,1,1,0,2.14667,1,-2.03258e-239,593.144,592.748,75.0313,74.849,5545.66,95.3194
63.24,35,0,3,1,1,0,2.16,1,-1.67982e-239,593.046,592.846,75.0438,74.8882,5543.21,95.6566
63.26,35,0,3,1,1,0,2.17333,1,-1.38828e-239,592.948,592.884,75.0486,73.4872,5544.3,95.2769
63.28,35,0,3,1,1,0,2.18667,1,-1.14734e-239,592.851,592.881,75.0482,71.8586,5546.83,95.5192
63.3,35,0,3,1,1,0,2.2,1,-9.48213e-240,592.755,592.849,75.0442,74.7723,5559.5,95.6453
63.32,35,0,3,1,1,0,2.21333,1,-7.83647e-240,592.659,592.798,75.0377,77.8715,5553.7,95.5534
63.34,35,0,3,1,1,0,2.22667,1,-6.47643e-240,592.564,592.733,75.0295,70.243,5557.53,95.4608
63.36,35,0,3,1,1,0,2.24,1,-5.35242e-240,592.47,592.659,75.0201,75.5152,5558.01,95.2912
63.38,35,0,3,1,1,0,2.25333,1,-4.42349e-240,592.376,592.579,75.01,75.1656,5560.51,95.5156
63.4,35,0,3,1,1,0,2.26667,1,-3.65577e-240,592.283,592.495,74.9994,75.4852,5555.99,95.3614
63.42,35,0,3,1,1,0,2.28,1,-3.0213e-240,592.191,592.409,74.9884,72.334,5561.72,95.6242
63.44,35,0,3,1,1,0,2.29333,1,-2.49694e-240,592.099,592.32,74.9773,73.4247,5549.97,94.907
63.46,35,0,3,1,1,0,2.30667,1,-2.06359e-240,592.009,592.231,74.966,76.258,5568.39,95.5182
63.48,35,0,3,1,1,0,2.32,1,-1.70545e-240,591.918,592.142,74.9547,72.5597,5562.38,95.3526
63.5,35,0,3,1,1,0,2.33333,1,-1.40946e-240,591.829,592.053,74.9434,72.2069,5557.61,95.404
63.52,35,0,3,1,1,0,2.34667,1,-1.16484e-240,591.741,591.963,74.9321,75.5556,5564.49,95.4149
63.54,35,0,3,1,1,0,2.36,1,-9.62679e-241,591.653,591.875,74.9208,76.8499,5558.57,95.6309
63.56,35,0,3,1,1,0,2.37333,1,-7.95603e-241,591.565,591.786,74.9096,75.8874,5567.57,95.4643
63.58,35,0,3,1,1,0,2.38667,1,-6.57523e-241,591.479,591.698,74.8985,75.5266,5564.26,95.7533
63.6,35,0,3,1,1,0,2.4,1,-5.43407e-241,591.393,591.611,74.8875,73.963,5559.64,95.5175
63.62,35,0,3,1,1,0,2.41333,1,-4.49097e-241,591.308,591.524,74.8765,77.3269,5561.31,95.6012
63.64,35,0,3,1,1,0,2.42667,1,-3.71155e-241,591.224,591.438,74.8656,75.3654,5566.14,95.36
63.66,35,0,3,1,1,0,2.44,1,-3.06739e-241,591.141,591.353,74.8548,75.2147,5567.03,95.9526
63.68,35,0,3,1,1,0,2.45333,1,-2.53504e-241,591.058,591.269,74.8441,74.3623,5566.87,95.4476
63.7,35,0,3,1,1,0,2.46667,1,-2.09507e-241,590.976,591.185,74.8335,73.8103,5574.8,95.5468
63.72,35,0,3,1,1,0,2.48,1,-1.73146e-241,590.894,591.102,74.823,73.836,5572.25,95.4674
63.74,35,0,3,1,1,0,2.49333,1,-1.43096e-241,590.814,591.019,74.8126,75.9847,5568.77,95.6131
63.76,35,0,3,1,1,0,2.50667,1,-1.18261e-241,590.734,590.938,74.8022,75.4443,5564.79,95.5435
63.78,35,0,3,1,1,0,2.52,1,-9.77366e-242,590.654,590.857,74.792,75.2112,5575.25,95.8735
63.8,35,0,3,1,1,0,2.53333,1,-8.07741e-242,590.576,590.776,74.7818,73.5768,5566.25,95.7045
63.82,35,0,3,1,1,0,2.54667,1,-6.67554e-242,590.498,590.697,74.7717,75.041,5566.04,95.6798
63.84,35,0,3,1,1,0,2.56,1,-5.51698e-242,590.421,590.618,74.7618,75.0043,5570.46,95.536
63.86,35,0,3,1,1,0,2.57333,1,-4.55948e-242,590.345,590.54,74.7519,75.2195,5580.23,95.7415
63.88,35,0,3,1,1,0,2.58667,1,-3.76817e-242,590.269,590.462,74.7421,75.9486,5568.96,95.7755
63.9,35,0,3,1,1,0,2.6,1,-3.11419e-242,590.194,590.386,74.7324,75.9616,5580.78,95.6147
63.92,35,0,3,1,1,0,2.61333,1,-2.57371e-242,590.12,590.31,74.7227,73.8643,5575.79,95.9626
63.94,35,0,3,1,1,0,2.62667,1,-2.12703e-242,590.047,590.234,74.7132,75.3749,5578.43,95.7689
63.96,35,0,3,1,1,0,2.64,1,-1.75788e-242,589.974,590.16,74.7038,74.9537,5579.18,95.9929
63.98,35,0,3,1,1,0,2.65333,1,-1.45279e-242,589.902,590.086,74.6944,72.9545,5576.69,95.6928
64,35,0,3,1,1,0,2.66667,1,-1.20065e-242,589.831,590.013,74.6852,77.0471,5568.51,95.6307
64.02,35,0,3,1,1,0,2.68,1,-9.92277e-243,589.76,589.941,74.676,74.0766,5578.89,95.7673
64.04,35,0,3,1,1,0,2.69333,1,-8.20063e-243,589.69,589.869,74.6669,75.9138,5574.33,95.8367
64.06,35,0,3,1,1,0,2.70667,1,-6.77738e-243,589.621,589.798,74.658,76.2681,5576.02,95.7594
64.08,35,0,3,1,1,0,2.72,1,-5.60114e-243,589.553,589.728,74.6491,75.6327,5578.64,95.7697
64.1,35,0,3,1,1,0,2.73333,1,-4.62904e-243,589.485,589.658,74.6403,75.7074,5572.82,95.9389
64.12,35,0,3,1,1,0,2.74667,1,-3.82566e-243,589.418,589.589,74.6316,72.8639,5577.44,95.9067
64.14,35,0,3,1,1,0,2.76,1,-3.1617e-243,589.351,589.521,74.6229,75.6909,5576.18,95.7103
64.16,35,0,3,1,1,0,2.77333,1,-2.61297e-243,589.286,589.454,74.6144,73.6265,5576.3,95.9168
64.18,35,0,3,1,1,0,2.78667,1,-2.15948e-243,589.221,589.387,74.606,75.7058,5594.02,96.0358
64.2,35,0,3,1,1,0,2.8,1,-1.7847e-243,589.157,589.321,74.5976,75.7785,5584.86,96.2221
64.22,35,0,3,1,1,0,2.81333,1,-1.47496e-243,589.093,589.256,74.5894,71.1989,5595.08,95.8829
64.24,35,0,3,1,1,0,2.82667,1,-1.21897e-243,589.031,589.191,74.5812,74.9214,5580.88,95.8199
64.26,35,0,3,1,1,0,2.84,1,-1.00741e-243,588.968,589.128,74.5731,71.9914,5586.68,96.1552
64.28,35,0,3,1,1,0,2.85333,1,-8.32574e-244,588.907,589.064,74.5651,74.1139,5580.05,95.9737
64.3,35,0,3,1,1,0,2.86667,1,-6.88078e-244,588.846,589.002,74.5572,76.3748,5587.04,96.0328
64.32,35,0,3,1,1,0,2.88,1,-5.68659e-244,588.787,588.94,74.5494,74.8086,5587.77,95.9182
64.34,35,0,3,1,1,0,2.89333,1,-4.69966e-244,588.727,588.879,74.5417,75.1313,5584.41,95.8649
64.36,35,0,3,1,1,0,2.90667,1,-3.88402e-244,588.669,588.819,74.5341,75.7158,5580.28,96.1362
64.38,35,0,3,1,1,0,2.92,1,-3.20993e-244,588.611,588.759,74.5265,76.5512,5589.33,96.0627
64.4,35,0,3,1,1,0,2.93333,1,-2.65284e-244,588.554,588.701,74.5191,75.4963,5593.04,95.9865
64.42,35,0,3,1,1,0,2.94667,1,-2.19243e-244,588.497,588.642,74.5117,74.5831,5588.19,96.0573
64.44,35,0,3,1,1,0,2.96,1,-1.81192e-244,588.442,588.585,74.5044,72.275,5588.74,95.9767
64.46,35,0,3,1,1,0,2.97333,1,-1.49746e-244,588.387,588.528,74.4972,73.1946,5583.66,96.0163
64.48,35,0,3,1,1,0,2.98667,1,-1.23757e-244,588.332,588.472,74.4901,78.1469,5588.6,95.9562
64.5,35,0,3,1,1,0,3,1,-1.02278e-244,588.279,588.417,74.4831,76.4257,5583.55,96.0511
64.52,35,0,3,1,1,0,3.01333,1,-8.45276e-245,588.226,588.362,74.4762,74.3766,5593.3,95.8369
64.54,35,0,3,1,1,0,3.02667,1,-6.98575e-245,588.174,588.308,74.4694,75.2061,5590.8,96.0715
64.56,35,0,3,1,1,0,3.04,1,-5.77335e-245,588.122,588.255,74.4626,72.3003,5582.19,96.1201
64.58,35,0,3,1,1,0,3.05333,1,-4.77136e-245,588.071,588.202,74.456,76.5372,5589.89,96.1952
64.6,35,0,3,1,1,0,3.06667,1,-3.94327e-245,588.021,588.15,74.4494,77.003,5586.07,96.0469
64.62,35,0,3,1,1,0,3.08,1,-3.2589e-245,587.972,588.099,74.4429,76.1284,5590.8,95.9426
64.64,35,0,3,1,1,0,3.09333,1,-2.69331e-245,587.923,588.049,74.4366,72.8878,5588.53,96.1581
64.66,35,0,3,1,1,0,3.10667,1,-2.22588e-245,587.875,587.999,74.4303,77.2801,5596.44,96.1189
64.68,35,0,3,1,1,0,3.12,1,-1.83957e-245,587.828,587.95,74.424,73.8527,5591.92,95.9793
64.7,35,0,3,1,1,0,3.13333,1,-1.5203e-245,587.781,587.902,74.4179,73.1069,5595.2,95.9948
64.72,35,0,3,1,1,0,3.14667,1,-1.25645e-245,587.735,587.854,74.4119,70.9269,5594.41,95.8662
64.74,35,0,3,1,1,0,3.16,1,-1.03839e-245,587.69,587.807,74.4059,75.9962,5595.56,96.6028
64.76,35,0,3,1,1,0,3.17333,1,-8.58171e-246,587.645,587.761,74.4001,73.4755,5590.28,96.1472
64.78,35,0,3,1,1,0,3.18667,1,-7.09233e-246,587.602,587.715,74.3943,74.9872,5589.71,96.2248
64.8,35,0,3,1,1,0,3.2,1,-5.86143e-246,587.558,587.67,74.3886,75.3139,5594.01,96.0049
64.82,35,0,3,1,1,0,3.21333,1,-4.84415e-246,587.516,587.626,74.383,79.0054,5596.5,96.2946
64.84,35,0,3,1,1,0,3.22667,1,-4.00343e-246,587.474,587.582,74.3775,74.4163,5603.27,96.0037
64.86,35,0,3,1,1,0,3.24,1,-3.30862e-246,587.433,587.54,74.3721,75.55,5592.63,96.0699
64.88,35,0,3,1,1,0,3.25333,1,-2.7344e-246,587.393,587.498,74.3668,74.9492,5593.49,96.0935
64.9,35,0,3,1,1,0,3.26667,1,-2.25983e-246,587.353,587.456,74.3615,73.4478,5601.54,96.2224
64.92,35,0,3,1,1,0,3.28,1,-1.86763e-246,587.314,587.415,74.3564,75.3713,5595.86,96.493
64.94,35,0,3,1,1,0,3.29333,1,-1.5435e-246,587.276,587.375,74.3513,72.1921,5598.64,96.1999
64.96,35,0,3,1,1,0,3.30667,1,-1.27562e-246,587.238,587.336,74.3463,74.5261,5593.53,96.404
64.98,35,0,3,1,1,0,3.32,1,-1.05423e-246,587.201,587.297,74.3414,73.5822,5596.98,96.0205
65,35,0,3,1,1,0,3.33333,1,-8.71264e-247,587.165,587.259,74.3366,73.631,5606.36,96.2203
65.02,35,0,3,1,1,0,3.34667,1,-7.20053e-247,587.129,587.222,74.3319,72.3251,5597,96.1382
65.04,35,0,3,1,1,0,3.36,1,-5.95085e-247,587.094,587.185,74.3273,74.4069,5593.3,96.3748
65.06,35,0,3,1,1,0,3.37333,1,-4.91806e-247,587.06,587.149,74.3227,76.9164,5597.22,95.9535
65.08,35,0,3,1,1,0,3.38667,1,-4.06451e-247,587.027,587.114,74.3183,72.6348,5606.61,95.9494
65.1,35,0,3,1,1,0,3.4,1,-3.3591e-247,586.994,587.08,74.3139,73.548,5602.16,96.5952
65.12,35,0,3,1,1,0,3.41333,1,-2.77611e-247,586.962,587.046,74.3096,75.0787,5599.71,96.3392
65.14,35,0,3,1,1,0,3.42667,1,-2.29431e-247,586.93,587.013,74.3054,74.5702,5611.45,96.0227
65.16,35,0,3,1,1,0,3.44,1,-1.89612e-247,586.899,586.98,74.3013,75.4425,5591.96,96.0907
65.18,35,0,3,1,1,0,3.45333,1,-1.56704e-247,586.869,586.948,74.2973,73.2203,5598.82,96.0823
65.2,35,0,3,1,1,0,3.46667,1,-1.29508e-247,586.84,586.917,74.2933,73.2238,5597.9,96.1544
65.22,35,0,3,1,1,0,3.48,1,-1.07031e-247,586.811,586.887,74.2895,75.8012,5602.8,95.9363
65.24,35,0,3,1,1,0,3.49333,1,-8.84556e-248,586.783,586.857,74.2857,74.7406,5612.51,96.0043
65.26,35,0,3,1,1,0,3.50667,1,-7.31038e-248,586.756,586.828,74.282,74.5791,5599.36,95.8264
65.28,35,0,3,1,1,0,3.52,1,-6.04163e-248,586.729,586.8,74.2784,75.2173,5605.97,96.2032
65.3,35,0,3,1,1,0,3.53333,1,-4.99309e-248,586.703,586.772,74.2749,73.5873,5602.53,96.2488
65.32,35,0,3,1,1,0,3.54667,1,-4.12652e-248,586.678,586.745,74.2715,73.4312,5611.15,95.8426
65.34,35,0,3,1,1,0,3.56,1,-3.41035e-248,586.653,586.719,74.2682,75.0646,5595.2,96.4745
65.36,35,0,3,1,1,0,3.57333,1,-2.81847e-248,586.629,586.693,74.2649,72.7164,5600.18,96.1124
65.38,35,0,3,1,1,0,3.58667,1,-2.32931e-248,586.606,586.668,74.2618,76.8263,5600.18,96.2337
65.4,35,0,3,1,1,0,3.6,1,-1.92505e-248,586.583,586.644,74.2587,71.1136,5609.16,96.2657
65.42,35,0,3,1,1,0,3.61333,1,-1.59095e-248,586.561,586.62,74.2557,73.7363,5614.31,96.3109
65.44,35,0,3,1,1,0,3.62667,1,-1.31484e-248,586.54,586.597,74.2528,72.9205,5595.65,96.4107
65.46,35,0,3,1,1,0,3.64,1,-1.08664e-248,586.519,586.575,74.25,73.9847,5597.08,96.496
65.48,35,0,3,1,1,0,3.65333,1,-8.9805e-249,586.5,586.553,74.2472,73.5499,5606.86,96.349
65.5,35,0,3,1,1,0,3.66667,1,-7.4219e-249,586.48,586.532,74.2446,73.5281,5602.91,96.617
65.52,35,0,3,1,1,0,3.68,1,-6.13381e-249,586.462,586.512,74.242,75.8011,5594.82,96.2883
65.54,35,0,3,1,1,0,3.69333,1,-5.06926e-249,586.444,586.492,74.2395,75.9331,5604.42,96.3259
65.56,35,0,3,1,1,0,3.70667,1,-4.18947e-249,586.427,586.473,74.2371,75.2086,5602.3,96.2516
65.58,35,0,3,1,1,0,3.72,1,-3.46237e-249,586.41,586.455,74.2348,76.7893,5605.95,96.5127
65.6,35,0,3,1,1,0,3.73333,1,-2.86147e-249,586.394,586.438,74.2326,77.5196,5597.77,96.2053
65.62,35,0,3,1,1,0,3.74667,1,-2.36485e-249,586.379,586.421,74.2305,72.2836,5603.92,96.2408
65.64,35,0,3,1,1,0,3.76,1,-1.95442e-249,586.364,586.405,74.2284,76.3712,5607.94,96.407
65.66,35,0,3,1,1,0,3.77333,1,-1.61522e-249,586.351,586.389,74.2265,73.0829,5608.32,96.4369
65.68,35,0,3,1,1,0,3.78667,1,-1.33489e-249,586.337,586.374,74.2246,76.5431,5604.89,96.2064
65.7,35,0,3,1,1,0,3.8,1,-1.10322e-249,586.325,586.36,74.2228,74.3576,5606.23,96.2332
65.72,35,0,3,1,1,0,3.81333,1,-9.11751e-250,586.313,586.346,74.2211,73.154,5610.06,95.9506
65.74,35,0,3,1,1,0,3.82667,1,-7.53513e-250,586.302,586.334,74.2194,72.561,5597.62,96.2691
65.76,35,0,3,1,1,0,3.84,1,-6.22738e-250,586.291,586.321,74.2179,75.2991,5608.12,96.1186
65.78,35,0,3,1,1,0,3.85333,1,-5.1466e-250,586.281,586.31,74.2164,70.3447,5615.94,96.4515
65.8,35,0,3,1,1,0,3.86667,1,-4.25339e-250,586.272,586.299,74.2151,75.2612,5608.11,96.2697
65.82,35,0,3,1,1,0,3.88,1,-3.5152e-250,586.264,586.289,74.2138,74.5241,5603.98,96.4322
65.84,35,0,3,1,1,0,3.89333,1,-2.90512e-250,586.256,586.279,74.2126,75.2088,5611,96.4418
65.86,35,0,3,1,1,0,3.90667,1,-2.40093e-250,586.249,586.27,74.2114,75.601,5606.93,96.3716
65.88,35,0,3,1,1,0,3.92,1,-1.98424e-250,586.242,586.262,74.2104,74.5156,5605.93,96.3734
65.9,35,0,3,1,1,0,3.93333,1,-1.63986e-250,586.236,586.255,74.2095,73.9554,5606.07,96.5421
65.92,35,0,3,1,1,0,3.94667,1,-1.35526e-250,586.231,586.248,74.2086,76.0836,5601.83,96.0484
65.94,35,0,3,1,1,0,3.96,1,-1.12005e-250,586.227,586.242,74.2078,73.4191,5607.5,96.4591
65.96,35,0,3,1,1,0,3.97333,1,-9.25661e-251,586.223,586.236,74.2071,73.6692,5606.98,96.2571
65.98,35,0,3,1,1,0,3.98667,1,-7.65009e-251,586.219,586.231,74.2065,74.1452,5608.08,96.4696
66,35,0,3,1,1,0,4,1,-6.32239e-251,586.217,586.227,74.206,71.8351,5603.91,96.5701
66.02,35,0,3,1,1,0,4,1,-5.22511e-251,586.215,586.223,74.2055,74.1077,5612.92,96.1646
66.04,35,0,3,1,1,0,4,1,-4.31828e-251,586.212,586.22,74.2051,72.4971,5605.23,96.5599
66.06,35,0,3,1,1,0,4,1,-3.56882e-251,586.21,586.217,74.2047,76.0131,5599.81,96.3599
66.08,35,0,3,1,1,0,4,1,-2.94944e-251,586.208,586.215,74.2044,74.3052,5598.12,96.4342
66.1,35,0,3,1,1,0,4,1,-2.43755e-251,586.206,586.212,74.2041,74.0375,5606.91,96.1746
66.12,35,0,3,1,1,0,4,1,-2.01451e-251,586.204,586.21,74.2038,72.5279,5607.89,96.0554
66.14,35,0,3,1,1,0,4,1,-1.66488e-251,586.201,586.207,74.2035,72.1093,5605.11,96.2156
66.16,35,0,3,1,1,0,4,1,-1.37594e-251,586.199,586.205,74.2032,72.3729,5604.28,96.2224
66.18,35,0,3,1,1,0,4,1,-1.13714e-251,586.197,586.203,74.2029,74.9367,5606.32,96.3208
66.2,35,0,3,1,1,0,4,1,-9.39783e-252,586.195,586.2,74.2026,73.7518,5599.46,96.1983
66.22,35,0,3,1,1,0,4,1,-7.7668e-252,586.193,586.198,74.2023,72.7104,5611.43,96.6086
66.24,35,0,3,1,1,0,4,1,-6.41884e-252,586.19,586.196,74.202,74.6358,5612.74,96.3835
66.26,35,0,3,1,1,0,4,1,-5.30483e-252,586.188,586.194,74.2017,73.3013,5609.91,96.1
66.28,35,0,3,1,1,0,4,1,-4.38416e-252,586.186,586.192,74.2015,73.7392,5609.24,96.0348
66.3,35,0,3,1,1,0,4,1,-3.62327e-252,586.184,586.189,74.2012,75.9418,5610.67,96.3343
66.32,35,0,3,1,1,0,4,1,-2.99444e-252,586.182,586.187,74.2009,76.0638,5613.1,96.3607
66.34,35,0,3,1,1,0,4,1,-2.47474e-252,586.179,586.185,74.2006,73.5119,5611.3,96.4424
66.36,35,0,3,1,1,0,4,1,-2.04524e-252,586.177,586.183,74.2003,74.6992,5618.01,96.4368
66.38,35,0,3,1,1,0,4,1,-1.69028e-252,586.175,586.181,74.2001,71.3726,5604.24,96.0625
66.4,35,0,3,1,1,0,4,1,-1.39693e-252,586.173,586.178,74.1998,74.9847,5608.34,96.358
66.42,35,0,3,1,1,0,4,1,-1.15449e-252,586.171,586.176,74.1995,75.8855,5609.63,96.5149
66.44,35,0,3,1,1,0,4,1,-9.5412e-253,586.169,586.174,74.1992,75.6257,5605.62,96.1126
66.46,35,0,3,1,1,0,4,1,-7.88529e-253,586.166,586.172,74.199,74.4286,5599.48,96.2183
66.48,35,0,3,1,1,0,4,1,-6.51677e-253,586.164,586.17,74.1987,73.1236,5607.99,96.1711
66.5,35,0,3,1,1,0,4,1,-5.38576e-253,586.162,586.167,74.1984,73.2172,5608.35,96.3404
66.52,35,0,3,1,1,0,4,1,-4.45104e-253,586.16,586.165,74.1981,71.8781,5610.46,96.388
66.54,35,0,3,1,1,0,4,1,-3.67855e-253,586.158,586.163,74.1979,72.1208,5616.7,96.1876
66.56,35,0,3,1,1,0,4,1,-3.04012e-253,586.155,586.161,74.1976,76.744,5613.06,96.5478
66.58,35,0,3,1,1,0,4,1,-2.5125e-253,586.153,586.159,74.1973,75.4856,5601.09,96.1766
66.6,35,0,3,1,1,0,4,1,-2.07644e-253,586.151,586.157,74.197,72.4439,5598.68,96.4232
66.62,35,0,3,1,1,0,4,1,-1.71607e-253,586.149,586.154,74.1968,74.4853,5609.55,96.433
66.64,35,0,3,1,1,0,4,1,-1.41824e-253,586.147,586.152,74.1965,71.1416,5616.5,96.5581
66.66,35,0,3,1,1,0,4,1,-1.1721e-253,586.145,586.15,74.1962,72.3365,5607.34,96.2165
66.68,35,0,3,1,1,0,4,1,-9.68676e-254,586.142,586.148,74.1959,73.6636,5619.16,96.1602
66.7,35,0,3,1,1,0,4,1,-8.00559e-254,586.14,586.146,74.1957,76.318,5605.47,96.1931
66.72,35,0,3,1,1,0,4,1,-6.61619e-254,586.138,586.144,74.1954,72.7428,5614.29,95.9951
66.74,35,0,3,1,1,0,4,1,-5.46792e-254,586.136,586.141,74.1951,75.7068,5606.03,96.2779
66.76,35,0,3,1,1,0,4,1,-4.51894e-254,586.134,586.139,74.1948,73.0332,5604.74,96.3352
66.78,35,0,3,1,1,0,4,1,-3.73467e-254,586.132,586.137,74.1946,72.3692,5608,96.315
66.8,35,0,3,1,1,0,4,1,-3.0865e-254,586.13,586.135,74.1943,73.1899,5603.68,96.3098
66.82,35,0,3,1,1,0,4,1,-2.55083e-254,586.127,586.133,74.194,75.1143,5607.32,96.3012
66.84,35,0,3,1,1,0,4,1,-2.10812e-254,586.125,586.131,74.1938,74.9828,5613.41,96.3758
66.86,35,0,3,1,1,0,4,1,-1.74225e-254,586.123,586.128,74.1935,76.4799,5609.2,96.5532
66.88,35,0,3,1,1,0,4,1,-1.43988e-254,586.121,586.126,74.1932,75.1204,5602.24,96.2918
66.9,35,0,3,1,1,0,4,1,-1.18998e-254,586.119,586.124,74.1929,76.3436,5608.53,96.6944
66.92,35,0,3,1,1,0,4,1,-9.83454e-255,586.117,586.122,74.1927,73.0656,5602.74,96.6058
66.94,35,0,3,1,1,0,4,1,-8.12772e-255,586.115,586.12,74.1924,76.7938,5602.95,96.3827
66.96,35,0,3,1,1,0,4,1,-6.71712e-255,586.112,586.118,74.1921,73.3844,5614.95,96.1436
66.98,35,0,3,1,1,0,4,1,-5.55134e-255,586.11,586.116,74.1919,74.3605,5603,96.373
67,35,0,3,1,1,0,4,1,-4.58789e-255,586.108,586.113,74.1916,73.4484,5611.94,96.223
67.02,35,0,3,1,1,0,4,1,-3.79164e-255,586.106,586.111,74.1913,73.3737,5606.25,96.7268
67.04,35,0,3,1,1,0,4,1,-3.13359e-255,586.104,586.109,74.191,74.6253,5612.29,96.2182
67.06,35,0,3,1,1,0,4,1,-2.58974e-255,586.102,586.107,74.1908,75.1474,5607.34,96.4426
67.08,35,0,3,1,1,0,4,1,-2.14028e-255,586.1,586.105,74.1905,71.5882,5605.85,96.2885
67.1,35,0,3,1,1,0,4,1,-1.76883e-255,586.098,586.103,74.1902,75.3567,5608.93,96.3408
67.12,35,0,3,1,1,0,4,1,-1.46184e-255,586.095,586.101,74.19,72.5045,5608.54,96.5181
67.14,35,0,3,1,1,0,4,1,-1.20813e-255,586.093,586.099,74.1897,73.876,5599.97,96.3464
67.16,35,0,3,1,1,0,4,1,-9.98458e-256,586.091,586.096,74.1894,75.2275,5608.55,96.3982
67.18,35,0,3,1,1,0,4,1,-8.25172e-256,586.089,586.094,74.1892,72.5137,5610.51,96.4347
67.2,35,0,3,1,1,0,4,1,-6.8196e-256,586.087,586.092,74.1889,73.0169,5607.91,95.8504
67.22,35,0,3,1,1,0,4,1,-5.63603e-256,586.085,586.09,74.1886,74.0527,5604.46,96.2672
67.24,35,0,3,1,1,0,4,1,-4.65788e-256,586.083,586.088,74.1883,74.6893,5617.34,96.4332
67.26,35,0,3,1,1,0,4,1,-3.84949e-256,586.081,586.086,74.1881,74.556,5607.81,96.3533
67.28,35,0,3,1,1,0,4,1,-3.18139e-256,586.078,586.084,74.1878,75.18,5612.2,96.1185
67.3,35,0,3,1,1,0,4,1,-2.62925e-256,586.076,586.082,74.1875,78.0045,5610.05,96.2033
67.32,35,0,3,1,1,0,4,1,-2.17293e-256,586.074,586.08,74.1873,76.2242,5609.29,96.5034
67.34,35,0,3,1,1,0,4,1,-1.79581e-256,586.072,586.077,74.187,74.8158,5603.31,96.2953
67.36,35,0,3,1,1,0,4,1,-1.48414e-256,586.07,586.075,74.1867,74.63,5606.63,96.3985
67.38,35,0,3,1,1,0,4,1,-1.22657e-256,586.068,586.073,74.1865,74.6409,5612.3,96.2791
67.4,35,0,3,1,1,0,4,1,-1.01369e-256,586.066,586.071,74.1862,73.461,5607.29,96.2177
67.42,35,0,3,1,1,0,4,1,-8.3776e-257,586.064,586.069,74.1859,76.8217,5612.5,96.2118
67.44,35,0,3,1,1,0,4,1,-6.92364e-257,586.062,586.067,74.1857,73.9937,5611.29,96.6529
67.46,35,0,3,1,1,0,4,1,-5.72202e-257,586.06,586.065,74.1854,73.8352,5604.08,96.4619
67.48,35,0,3,1,1,0,4,1,-4.72894e-257,586.057,586.063,74.1851,75.6342,5606.18,96.3937
67.5,35,0,3,1,1,0,4,1,-3.90821e-257,586.055,586.061,74.1849,75.3725,5612.28,96.142
67.52,35,0,3,1,1,0,4,1,-3.22993e-257,586.053,586.058,74.1846,74.4481,5614.3,96.2359
67.54,35,0,3,1,1,0,4,1,-2.66936e-257,586.051,586.056,74.1844,74.2081,5606.29,96.183
67.56,35,0,3,1,1,0,4,1,-2.20609e-257,586.049,586.054,74.1841,74.8343,5614.26,96.2076
67.58,35,0,3,1,1,0,4,1,-1.82321e-257,586.047,586.052,74.1838,72.2394,5612.85,96.3817
67.6,35,0,3,1,1,0,4,1,-1.50679e-257,586.045,586.05,74.1836,75.8152,5602.15,96.2928
67.62,35,0,3,1,1,0,4,1,-1.24528e-257,586.043,586.048,74.1833,76.5935,5616.23,96.325
67.64,35,0,3,1,1,0,4,1,-1.02915e-257,586.041,586.046,74.183,76.4682,5602.55,96.166
67.66,35,0,3,1,1,0,4,1,-8.50541e-258,586.039,586.044,74.1828,74.2185,5616.93,96.4812
67.68,35,0,3,1,1,0,4,1,-7.02927e-258,586.037,586.042,74.1825,74.5469,5609.82,96.4241
67.7,35,0,3,1,1,0,4,1,-5.80931e-258,586.034,586.04,74.1822,73.7464,5609.92,96.5935
67.72,35,0,3,1,1,0,4,1,-4.80108e-258,586.032,586.038,74.182,76.4162,5615.28,96.5495
67.74,35,0,3,1,1,0,4,1,-3.96784e-258,586.03,586.036,74.1817,76.0743,5606.37,96.4992
67.76,35,0,3,1,1,0,4,1,-3.2792e-258,586.028,586.033,74.1814,77.8515,5609.49,96.3137
67.78,35,0,3,1,1,0,4,1,-2.71009e-258,586.026,586.031,74.1812,75.2321,5608.91,96.4164
67.8,35,0,3,1,1,0,4,1,-2.23974e-258,586.024,586.029,74.1809,74.5296,5620.25,96.0774
67.82,35,0,3,1,1,0,4,1,-1.85103e-258,586.022,586.027,74.1807,72.9766,5615.33,96.2666
67.84,35,0,3,1,1,0,4,1,-1.52977e-258,586.02,586.025,74.1804,72.2974,5613.71,96.4609
67.86,35,0,3,1,1,0,4,1,-1.26428e-258,586.018,586.023,74.1801,74.4155,5614.54,96.3946
67.88,35,0,3,1,1,0,4,1,-1.04486e-258,586.016,586.021,74.1799,76.7105,5615.65,96.2198
67.9,35,0,3,1,1,0,4,1,-8.63517e-259,586.014,586.019,74.1796,75.717,5600.63,96.0048
67.92,35,0,3,1,1,0,4,1,-7.13651e-259,586.012,586.017,74.1794,74.593,5607.12,96.495
67.94,35,0,3,1,1,0,4,1,-5.89794e-259,586.01,586.015,74.1791,74.2753,5607.08,96.2069
67.96,35,0,3,1,1,0,4,1,-4.87433e-259,586.008,586.013,74.1788,75.8872,5603.28,96.4783
67.98,35,0,3,1,1,0,4,1,-4.02837e-259,586.006,586.011,74.1786,73.3365,5605.63,96.3758
68,35,0,3,1,1,0,4,1,-3.32923e-259,586.004,586.009,74.1783,73.5835,5612.85,96.4669
68.02,35,0,3,1,1,0,4,1,-2.75143e-259,586.001,586.007,74.1781,71.3116,5611.11,96.3003
68.04,35,0,3,1,1,0,4,1,-2.27391e-259,585.999,586.005,74.1778,74.4507,5610.02,96.2807
68.06,35,0,3,1,1,0,4,1,-1.87926e-259,585.997,586.002,74.1775,72.7314,5600.33,96.1633
68.08,35,0,3,1,1,0,4,1,-1.55311e-259,585.995,586,74.1773,75.1794,5608.15,96.4936
68.1,35,0,3,1,1,0,4,1,-1.28356e-259,585.993,585.998,74.177,74.6657,5608.22,96.1666
68.12,35,0,3,1,1,0,4,1,-1.0608e-259,585.991,585.996,74.1768,76.068,5604.47,96.3171
68.14,35,0,3,1,1,0,4,1,-8.76691e-260,585.989,585.994,74.1765,73.4839,5608.92,96.409
68.16,35,0,3,1,1,0,4,1,-7.24538e-260,585.987,585.992,74.1762,74.5523,5614.45,96.4536
68.18,35,0,3,1,1,0,4,1,-5.98792e-260,585.985,585.99,74.176,74.4174,5618.92,96.3871
68.2,35,0,3,1,1,0,4,1,-4.94869e-260,585.983,585.988,74.1757,75.4834,5606.52,96.3591
68.22,35,0,3,1,1,0,4,1,-4.08983e-260,585.981,585.986,74.1755,74.5976,5597.83,96.17
68.24,35,0,3,1,1,0,4,1,-3.38002e-260,585.979,585.984,74.1752,72.9471,5602.11,96.6894
68.26,35,0,3,1,1,0,4,1,-2.79341e-260,585.977,585.982,74.1749,73.1267,5608.22,96.1646
68.28,35,0,3,1,1,0,4,1,-2.3086e-260,585.975,585.98,74.1747,72.5173,5605.57,96.5255
68.3,35,0,3,1,1,0,4,1,-1.90793e-260,585.973,585.978,74.1744,74.0081,5604.81,96.2137
68.32,35,0,3,1,1,0,4,1,-1.57681e-260,585.971,585.976,74.1742,73.4303,5604.47,96.2656
68.34,35,0,3,1,1,0,4,1,-1.30315e-260,585.969,585.974,74.1739,72.8801,5603.17,96.1617
68.36,35,0,3,1,1,0,4,1,-1.07698e-260,585.967,585.972,74.1737,74.3621,5610.62,96.3018
68.38,35,0,3,1,1,0,4,1,-8.90066e-261,585.965,585.97,74.1734,73.5302,5603.56,96.017
68.4,35,0,3,1,1,0,4,1,-7.35591e-261,585.963,585.968,74.1731,72.2602,5608.54,96.1989
68.42,35,0,3,1,1,0,4,1,-6.07927e-261,585.961,585.966,74.1729,72.0974,5607.38,96.208
68.44,35,0,3,1,1,0,4,1,-5.02419e-261,585.959,585.964,74.1726,74.7458,5606.6,96.3376
68.46,35,0,3,1,1,0,4,1,-4.15222e-261,585.957,585.962,74.1724,77.5611,5614.56,96.199
68.48,35,0,3,1,1,0,4,1,-3.43159e-261,585.955,585.96,74.1721,75.0206,5614.98,96.2058
68.5,35,0,3,1,1,0,4,1,-2.83602e-261,585.953,585.958,74.1719,73.8754,5606,96.2826
68.52,35,0,3,1,1,0,4,1,-2.34382e-261,585.951,585.956,74.1716,71.8694,5603.82,96.2207
68.54,35,0,3,1,1,0,4,1,-1.93704e-261,585.949,585.954,74.1714,75.5018,5600.39,96.2574
68.56,35,0,3,1,1,0,4,1,-1.60086e-261,585.947,585.952,74.1711,75.3541,5608.91,96.2353
68.58,35,0,3,1,1,0,4,1,-1.32303e-261,585.945,585.95,74.1708,75.487,5610.69,96.1111
68.6,35,0,3,1,1,0,4,1,-1.09341e-261,585.943,585.948,74.1706,74.8605,5607.41,96.4796
68.62,35,0,3,1,1,0,4,1,-9.03645e-262,585.941,585.946,74.1703,75.0135,5603.32,96.6216
68.64,35,0,3,1,1,0,4,1,-7.46814e-262,585.939,585.944,74.1701,73.6464,5611.74,96.6701
68.66,35,0,3,1,1,0,4,1,-6.17201e-262,585.937,585.942,74.1698,73.9364,5611.26,96.3405
68.68,35,0,3,1,1,0,4,1,-5.10084e-262,585.935,585.94,74.1696,73.9348,5607.69,96.606
68.7,35,0,3,1,1,0,4,1,-4.21557e-262,585.933,585.938,74.1693,71.8785,5609.43,96.0843
68.72,35,0,3,1,1,0,4,1,-3.48394e-262,585.931,585.936,74.1691,74.1318,5608.11,96.4447
68.74,35,0,3,1,1,0,4,1,-2.87929e-262,585.929,585.934,74.1688,75.7646,5609.44,96.5314
68.76,35,0,3,1,1,0,4,1,-2.37958e-262,585.927,585.932,74.1686,74.4761,5607.04,96.3629
68.78,35,0,3,1,1,0,4,1,-1.96659e-262,585.925,585.93,74.1683,75.3778,5608.1,96.4509
68.8,35,0,3,1,1,0,4,1,-1.62528e-262,585.923,585.928,74.1681,73.6747,5609.96,96.185
68.82,35,0,3,1,1,0,4,1,-1.34321e-262,585.921,585.926,74.1678,76.7593,5610.8,96.4051
68.84,35,0,3,1,1,0,4,1,-1.11009e-262,585.919,585.924,74.1676,76.1675,5610.66,96.4401
68.86,35,0,3,1,1,0,4,1,-9.1743e-263,585.917,585.922,74.1673,74.9291,5607.82,96.3091
68.88,35,0,3,1,1,0,4,1,-7.58207e-263,585.915,585.92,74.167,74.5032,5606.92,96.0908
68.9,35,0,3,1,1,0,4,1,-6.26617e-263,585.913,585.918,74.1668,75.166,5618.77,96.3679
68.92,35,0,3,1,1,0,4,1,-5.17866e-263,585.911,585.916,74.1665,73.4842,5615.19,96.7114
68.94,35,0,3,1,1,0,4,1,-4.27988e-263,585.909,585.914,74.1663,77.5642,5606.12,96.3818
68.96,35,0,3,1,1,0,4,1,-3.53709e-263,585.907,585.912,74.166,76.7425,5614.32,96.4809
68.98,35,0,3,1,1,0,4,1,-2.92322e-263,585.905,585.91,74.1658,75.0077,5610.66,96.3022
69,35,0,3,1,1,0,4,1,-2.41588e-263,585.903,585.908,74.1655,74.4513,5609.14,96.3922
69.02,35,0,3,1,1,0,4,1,-1.9966e-263,585.901,585.906,74.1653,73.2281,5607.64,96.3429
69.04,35,0,3,1,1,0,4,1,-1.65008e-263,585.899,585.904,74.165,73.9243,5607.04,96.334
69.06,35,0,3,1,1,0,4,1,-1.3637e-263,585.897,585.902,74.1648,76.8483,5616.36,96.7107
69.08,35,0,3,1,1,0,4,1,-1.12703e-263,585.895,585.9,74.1645,74.1433,5612.11,96.3499
69.1,35,0,3,1,1,0,4,1,-9.31427e-264,585.893,585.898,74.1643,74.2848,5610.22,96.283
69.12,35,0,3,1,1,0,4,1,-7.69774e-264,585.891,585.896,74.164,76.3094,5611.81,96.5184
69.14,35,0,3,1,1,0,4,1,-6.36177e-264,585.889,585.894,74.1638,74.505,5604.88,96.6061
69.16,35,0,3,1,1,0,4,1,-5.25766e-264,585.887,585.892,74.1635,74.2911,5603.59,96.3525
69.18,35,0,3,1,1,0,4,1,-4.34517e-264,585.885,585.89,74.1633,74.2202,5611.98,96.5308
69.2,35,0,3,1,1,0,4,1,-3.59105e-264,585.883,585.888,74.163,73.788,5609,96.5239
69.22,35,0,3,1,1,0,4,1,-2.96781e-264,585.881,585.886,74.1628,72.8658,5611.26,96.4296
69.24,35,0,3,1,1,0,4,1,-2.45274e-264,585.879,585.884,74.1626,73.2578,5609.76,96.1778
69.26,35,0,3,1,1,0,4,1,-2.02706e-264,585.877,585.882,74.1623,76.1359,5614.39,96.4
69.28,35,0,3,1,1,0,4,1,-1.67525e-264,585.875,585.88,74.1621,73.4416,5612.06,96.2773
69.3,35,0,3,1,1,0,4,1,-1.38451e-264,585.873,585.878,74.1618,74.5667,5605.07,96.4083
69.32,35,0,3,1,1,0,4,1,-1.14422e-264,585.871,585.876,74.1616,74.9034,5611.01,96.5246
69.34,35,0,3,1,1,0,4,1,-9.45637e-265,585.869,585.874,74.1613,74.372,5611.98,96.3081
69.36,35,0,3,1,1,0,4,1,-7.81518e-265,585.868,585.872,74.1611,73.6629,5604.46,96.2208
69.38,35,0,3,1,1,0,4,1,-6.45883e-265,585.866,585.87,74.1608,74.1605,5610.36,96.4145
69.4,35,0,3,1,1,0,4,1,-5.33787e-265,585.864,585.869,74.1606,76.7086,5607.57,96.6077
69.42,35,0,3,1,1,0,4,1,-4.41146e-265,585.862,585.867,74.1603,76.5106,5611.55,96.3491
69.44,35,0,3,1,1,0,4,1,-3.64584e-265,585.86,585.865,74.1601,73.0986,5607.21,96.3744
69.46,35,0,3,1,1,0,4,1,-3.01309e-265,585.858,585.863,74.1598,72.4327,5612.77,96.3017
69.48,35,0,3,1,1,0,4,1,-2.49016e-265,585.856,585.861,74.1596,74.04,5612.82,96.2917
69.5,35,0,3,1,1,0,4,1,-2.05798e-265,585.854,585.859,74.1593,74.674,5602.87,96.2286
69.52,35,0,3,1,1,0,4,1,-1.70081e-265,585.852,585.857,74.1591,74.2577,5602.11,96.5716
69.54,35,0,3,1,1,0,4,1,-1.40563e-265,585.85,585.855,74.1588,73.2023,5611.69,96.3193
69.56,35,0,3,1,1,0,4,1,-1.16168e-265,585.848,585.853,74.1586,74.26,5615.38,96.1973
69.58,35,0,3,1,1,0,4,1,-9.60063e-266,585.846,585.851,74.1584,73.304,5611.93,96.5256
69.6,35,0,3,1,1,0,4,1,-7.93441e-266,585.844,585.849,74.1581,72.2387,5596.09,96.3149
69.62,35,0,3,1,1,0,4,1,-6.55736e-266,585.842,585.847,74.1579,74.5718,5610.27,96.1987
69.64,35,0,3,1,1,0,4,1,-5.41931e-266,585.84,585.845,74.1576,72.5198,5611.26,96.5342
69.66,35,0,3,1,1,0,4,1,-4.47877e-266,585.838,585.843,74.1574,75.1981,5603.23,96.2534
69.68,35,0,3,1,1,0,4,1,-3.70146e-266,585.837,585.841,74.1571,73.2523,5613.42,96.1919
69.7,35,0,3,1,1,0,4,1,-3.05906e-266,585.835,585.839,74.1569,74.1248,5612.5,96.3429
69.72,35,0,3,1,1,0,4,1,-2.52815e-266,585.833,585.838,74.1566,71.6421,5609.73,96.335
69.74,35,0,3,1,1,0,4,1,-2.08938e-266,585.831,585.836,74.1564,74.5402,5614.83,96.4457
69.76,35,0,3,1,1,0,4,1,-1.72676e-266,585.829,585.834,74.1562,73.7516,5606.57,96.243
69.78,35,0,3,1,1,0,4,1,-1.42707e-266,585.827,585.832,74.1559,76.7226,5614.67,96.4204
69.8,35,0,3,1,1,0,4,1,-1.1794e-266,585.825,585.83,74.1557,69.6049,5611.56,96.3629
69.82,35,0,3,1,1,0,4,1,-9.7471e-267,585.823,585.828,74.1554,74.7764,5612.24,96.4023
69.84,35,0,3,1,1,0,4,1,-8.05545e-267,585.821,585.826,74.1552,72.8226,5620.33,96.4573
69.86,35,0,3,1,1,0,4,1,-6.6574e-267,585.819,585.824,74.1549,72.9921,5604.86,96.4361
69.88,35,0,3,1,1,0,4,1,-5.50198e-267,585.817,585.822,74.1547,73.5643,5608.47,96.5427
69.9,35,0,3,1,1,0,4,1,-4.54709e-267,585.815,585.82,74.1545,73.6474,5611.64,96.3212
69.92,35,0,3,1,1,0,4,1,-3.75793e-267,585.814,585.818,74.1542,75.549,5613.6,96.6845
69.94,35,0,3,1,1,0,4,1,-3.10573e-267,585.812,585.816,74.154,72.0155,5605.71,96.3458
69.96,35,0,3,1,1,0,4,1,-2.56672e-267,585.81,585.815,74.1537,74.4558,5612.14,96.6003
69.98,35,0,3,1,1,0,4,1,-2.12125e-267,585.808,585.813,74.1535,71.6889,5601.2,96.2967
70,35,0,3,1,1,0,4,1,-1.7531e-267,585.806,585.811,74.1533,75.296,5608.51,96.3962
70.02,35,0,3,1,1,0,4,1,-1.44884e-267,585.804,585.809,74.153,72.2481,5609.44,96.5849
70.04,35,0,3,1,1,0,4,1,-1.19739e-267,585.802,585.807,74.1528,74.6047,5614.45,96.3217
70.06,35,0,3,1,1,0,4,1,-9.8958e-268,585.8,585.805,74.1525,73.0332,5613.22,96.6574
70.08,35,0,3,1,1,0,4,1,-8.17835e-268,585.798,585.803,74.1523,74.171,5610.6,96.3558
70.1,35,0,3,1,1,0,4,1,-6.75897e-268,585.796,585.801,74.1521,74.6343,5609.4,96.4972
70.12,35,0,3,1,1,0,4,1,-5.58592e-268,585.795,585.799,74.1518,74.4536,5608.81,96.3472
70.14,35,0,3,1,1,0,4,1,-4.61646e-268,585.793,585.797,74.1516,75.2516,5607.38,96.4712
70.16,35,0,3,1,1,0,4,1,-3.81526e-268,585.791,585.796,74.1513,75.3807,5616.15,96.414
70.18,35,0,3,1,1,0,4,1,-3.15311e-268,585.789,585.794,74.1511,73.3127,5618.98,96.4765
70.2,35,0,3,1,1,0,4,1,-2.60587e-268,585.787,585.792,74.1509,73.6103,5620.23,96.3175
70.22,35,0,3,1,1,0,4,1,-2.15361e-268,585.785,585.79,74.1506,74.0905,5613.03,96.4935
70.24,35,0,3,1,1,0,4,1,-1.77985e-268,585.783,585.788,74.1504,73.4406,5615.4,96.4144
70.26,35,0,3,1,1,0,4,1,-1.47095e-268,585.781,585.786,74.1501,74.218,5617.23,96.2857
70.28,35,0,3,1,1,0,4,1,-1.21566e-268,585.78,585.784,74.1499,74.9293,5607.89,95.9807
70.3,35,0,3,1,1,0,4,1,-1.00468e-268,585.778,585.782,74.1497,74.9963,5612.56,96.6483
70.32,35,0,3,1,1,0,4,1,-8.30312e-269,585.776,585.78,74.1494,75.4117,5610.39,96.3895
70.34,35,0,3,1,1,0,4,1,-6.86208e-269,585.774,585.779,74.1492,74.9834,5615.26,96.3062
70.36,35,0,3,1,1,0,4,1,-5.67114e-269,585.772,585.777,74.1489,74.0599,5611.61,96.4576
70.38,35,0,3,1,1,0,4,1,-4.68689e-269,585.77,585.775,74.1487,74.1818,5614.31,96.3398
70.4,35,0,3,1,1,0,4,1,-3.87347e-269,585.768,585.773,74.1485,76.0527,5606.88,96.3108
70.42,35,0,3,1,1,0,4,1,-3.20121e-269,585.766,585.771,74.1482,74.837,5614.74,96.6082
70.44,35,0,3,1,1,0,4,1,-2.64563e-269,585.765,585.769,74.148,74.8332,5611.86,96.4645
70.46,35,0,3,1,1,0,4,1,-2.18647e-269,585.763,585.767,74.1478,74.0526,5603.28,96.2643
70.48,35,0,3,1,1,0,4,1,-1.807e-269,585.761,585.765,74.1475,72.5858,5608.76,96.3076
70.5,35,0,3,1,1,0,4,1,-1.49339e-269,585.759,585.764,74.1473,76.7191,5613.01,96.5237
70.52,35,0,3,1,1,0,4,1,-1.23421e-269,585.757,585.762,74.1471,74.0219,5609.16,96.3085
70.54,35,0,3,1,1,0,4,1,-1.02e-269,585.755,585.76,74.1468,73.1267,5613.83,96.6567
70.56,35,0,3,1,1,0,4,1,-8.42979e-270,585.753,585.758,74.1466,75.4597,5608.08,96.0831
70.58,35,0,3,1,1,0,4,1,-6.96677e-270,585.751,585.756,74.1463,71.0936,5604.65,96.206
70.6,35,0,3,1,1,0,4,1,-5.75766e-270,585.75,585.754,74.1461,74.7321,5615.92,96.3815
70.62,35,0,3,1,1,0,4,1,-4.7584e-270,585.748,585.752,74.1459,75.675,5608.57,96.4305
70.64,35,0,3,1,1,0,4,1,-3.93256e-270,585.746,585.751,74.1456,71.2746,5616.88,96.4448
70.66,35,0,3,1,1,0,4,1,-3.25005e-270,585.744,585.749,74.1454,71.94,5610.06,96.2784
70.68,35,0,3,1,1,0,4,1,-2.68599e-270,585.742,585.747,74.1452,73.9237,5610.08,96.2805
70.7,35,0,3,1,1,0,4,1,-2.21983e-270,585.74,585.745,74.1449,73.8253,5622.48,96.2753
70.72,35,0,3,1,1,0,4,1,-1.83457e-270,585.738,585.743,74.1447,72.3043,5616.99,96.3914
70.74,35,0,3,1,1,0,4,1,-1.51617e-270,585.737,585.741,74.1445,71.5846,5604.49,96.6034
70.76,35,0,3,1,1,0,4,1,-1.25303e-270,585.735,585.739,74.1442,73.5858,5609.5,96.5338
70.78,35,0,3,1,1,0,4,1,-1.03557e-270,585.733,585.738,74.144,73.2911,5619.06,96.2526
70.8,35,0,3,1,1,0,4,1,-8.55839e-271,585.731,585.736,74.1438,72.4413,5608.09,96.3341
70.82,35,0,3,1,1,0,4,1,-7.07305e-271,585.729,585.734,74.1435,75.262,5595.42,96.4963
70.84,35,0,3,1,1,0,4,1,-5.8455e-271,585.727,585.732,74.1433,74.4834,5614.7,96.1725
70.86,35,0,3,1,1,0,4,1,-4.83099e-271,585.726,585.73,74.1431,73.4713,5610.09,96.2814
70.88,35,0,3,1,1,0,4,1,-3.99255e-271,585.724,585.728,74.1428,71.5769,5620.49,96.3583
70.9,35,0,3,1,1,0,4,1,-3.29963e-271,585.722,585.727,74.1426,69.3497,5614.03,96.3262
70.92,35,0,3,1,1,0,4,1,-2.72697e-271,585.72,585.725,74.1424,74.9046,5607.63,96.2346
70.94,35,0,3,1,1,0,4,1,-2.25369e-271,585.718,585.723,74.1421,72.6946,5612.33,96.1871
70.96,35,0,3,1,1,0,4,1,-1.86256e-271,585.716,585.721,74.1419,74.1673,5613.67,96.4742
70.98,35,0,3,1,1,0,4,1,-1.5393e-271,585.715,585.719,74.1417,73.3673,5622.97,96.4271
71,35,0,3,1,1,0,4,1,-1.27215e-271,585.713,585.717,74.1414,78.0551,5613.06,96.3219
71.02,35,0,3,1,1,0,4,1,-1.05136e-271,585.711,585.716,74.1412,72.3695,5613.66,96.6407
71.04,35,0,3,1,1,0,4,1,-8.68896e-272,585.709,585.714,74.141,74.8901,5612.98,96.5536
71.06,35,0,3,1,1,0,4,1,-7.18096e-272,585.707,585.712,74.1407,74.4593,5601.55,96.3577
71.08,35,0,3,1,1,0,4,1,-5.93468e-272,585.705,585.71,74.1405,74.3535,5613.17,96.4609
71.1,35,0,3,1,1,0,4,1,-4.90469e-272,585.704,585.708,74.1403,73.4709,5602.25,96.6055
71.12,35,0,3,1,1,0,4,1,-4.05346e-272,585.702,585.706,74.14,73.7405,5615.97,96.2719
71.14,35,0,3,1,1,0,4,1,-3.34997e-272,585.7,585.705,74.1398,73.9448,5610.23,96.3281
71.16,35,0,3,1,1,0,4,1,-2.76857e-272,585.698,585.703,74.1396,74.4438,5617.48,96.2379
71.18,35,0,3,1,1,0,4,1,-2.28807e-272,585.696,585.701,74.1394,72.5862,5603.19,96.4143
71.2,35,0,3,1,1,0,4,1,-1.89097e-272,585.695,585.699,74.1391,73.8026,5610.37,96.285
71.22,35,0,3,1,1,0,4,1,-1.56279e-272,585.693,585.697,74.1389,74.0993,5610.87,96.542
71.24,35,0,3,1,1,0,4,1,-1.29156e-272,585.691,585.695,74.1387,76.0551,5609.23,96.2814
71.26,35,0,3,1,1,0,4,1,-1.0674e-272,585.689,585.694,74.1384,76.1099,5605.97,96.3049
71.28,35,0,3,1,1,0,4,1,-8.82152e-273,585.687,585.692,74.1382,76.2177,5609.95,96.3968
71.3,35,0,3,1,1,0,4,1,-7.29051e-273,585.685,585.69,74.138,73.4068,5606.57,96.4921
71.32,35,0,3,1,1,0,4,1,-6.02522e-273,585.684,585.688,74.1377,74.0264,5615.96,96.474
71.34,35,0,3,1,1,0,4,1,-4.97952e-273,585.682,585.686,74.1375,73.3715,5608.32,96.7278
71.36,35,0,3,1,1,0,4,1,-4.1153e-273,585.68,585.685,74.1373,74.0547,5617.46,96.4978
71.38,35,0,3,1,1,0,4,1,-3.40108e-273,585.678,585.683,74.1371,71.6985,5611.4,96.6563
71.4,35,0,3,1,1,0,4,1,-2.81081e-273,585.676,585.681,74.1368,73.2436,5610.07,96.1545
71.42,35,0,3,1,1,0,4,1,-2.32298e-273,585.675,585.679,74.1366,72.8361,5611.3,96.7257
71.44,35,0,3,1,1,0,4,1,-1.91982e-273,585.673,585.677,74.1364,73.0295,5620.65,96.5159
71.46,35,0,3,1,1,0,4,1,-1.58663e-273,585.671,585.676,74.1361,73.2906,5605.12,96.3219
71.48,35,0,3,1,1,0,4,1,-1.31126e-273,585.669,585.674,74.1359,73.1662,5614.95,96.5952
71.5,35,0,3,1,1,0,4,1,-1.08369e-273,585.667,585.672,74.1357,69.8152,5605.26,96.3527
71.52,35,0,3,1,1,0,4,1,-8.9561e-274,585.666,585.67,74.1355,76.136,5612.08,96.3453
71.54,35,0,3,1,1,0,4,1,-7.40174e-274,585.664,585.668,74.1352,73.4975,5611.82,96.426
71.56,35,0,3,1,1,0,4,1,-6.11714e-274,585.662,585.667,74.135,74.9606,5608.16,96.257
71.58,35,0,3,1,1,0,4,1,-5.05548e-274,585.66,585.665,74.1348,71.9332,5612.06,96.5185
71.6,35,0,3,1,1,0,4,1,-4.17809e-274,585.659,585.663,74.1346,72.9028,5607.7,96.1914
71.62,35,0,3,1,1,0,4,1,-3.45296e-274,585.657,585.661,74.1343,71.8146,5605.03,96.5237
71.64,35,0,3,1,1,0,4,1,-2.85369e-274,585.655,585.659,74.1341,74.7627,5613.28,96.2668
71.66,35,0,3,1,1,0,4,1,-2.35842e-274,585.653,585.658,74.1339,74.8154,5610.84,96.1089
71.68,35,0,3,1,1,0,4,1,-1.94911e-274,585.651,585.656,74.1337,72.609,5603.72,96.5643
71.7,35,0,3,1,1,0,4,1,-1.61083e-274,585.65,585.654,74.1334,71.8017,5613.31,96.2838
71.72,35,0,3,1,1,0,4,1,-1.33127e-274,585.648,585.652,74.1332,75.0508,5617.3,96.3345
71.74,35,0,3,1,1,0,4,1,-1.10022e-274,585.646,585.651,74.133,74.987,5611.6,96.1855
71.76,35,0,3,1,1,0,4,1,-9.09273e-275,585.644,585.649,74.1328,75.1547,5617.16,96.5991
71.78,35,0,3,1,1,0,4,1,-7.51466e-275,585.643,585.647,74.1325,74.4636,5614.17,96.3423
71.8,35,0,3,1,1,0,4,1,-6.21046e-275,585.641,585.645,74.1323,71.4624,5616.34,96.4385
71.82,35,0,3,1,1,0,4,1,-5.13261e-275,585.639,585.643,74.1321,73.7424,5609.73,96.4181
71.84,35,0,3,1,1,0,4,1,-4.24183e-275,585.637,585.642,74.1319,74.7731,5614.94,96.3621
71.86,35,0,3,1,1,0,4,1,-3.50564e-275,585.635,585.64,74.1316,73.4434,5620.38,96.6285
71.88,35,0,3,1,1,0,4,1,-2.89723e-275,585.634,585.638,74.1314,73.3859,5614.66,96.5578
71.9,35,0,3,1,1,0,4,1,-2.3944e-275,585.632,585.636,74.1312,72.2538,5609.62,96.4206
71.92,35,0,3,1,1,0,4,1,-1.97884e-275,585.63,585.635,74.131,74.6447,5611.18,96.2804
71.94,35,0,3,1,1,0,4,1,-1.63541e-275,585.628,585.633,74.1307,74.0335,5607.95,96.2623
71.96,35,0,3,1,1,0,4,1,-1.35158e-275,585.627,585.631,74.1305,74.1717,5614.18,96.5966
71.98,35,0,3,1,1,0,4,1,-1.11701e-275,585.625,585.629,74.1303,75.0568,5612.4,96.3535
72,35,0,3,1,1,0,4,1,-9.23145e-276,585.623,585.627,74.1301,75.2571,5604.73,96.6731
72.02,35,0,3,1,1,0,4,1,-7.6293e-276,585.621,585.626,74.1298,73.9489,5607.04,96.4417
72.04,35,0,3,1,1,0,4,1,-6.30521e-276,585.62,585.624,74.1296,72.9664,5613.93,96.4837
72.06,35,0,3,1,1,0,4,1,-5.21091e-276,585.618,585.622,74.1294,73.7867,5611.64,96.3191
72.08,35,0,3,1,1,0,4,1,-4.30654e-276,585.616,585.62,74.1292,73.968,5612.45,96.4528
72.1,35,0,3,1,1,0,4,1,-3.55912e-276,585.614,585.619,74.1289,71.6799,5618.48,96.3563
72.12,35,0,3,1,1,0,4,1,-2.94143e-276,585.613,585.617,74.1287,75.3661,5616.06,96.4516
72.14,35,0,3,1,1,0,4,1,-2.43093e-276,585.611,585.615,74.1285,74.523,5612.06,96.316
72.16,35,0,3,1,1,0,4,1,-2.00903e-276,585.609,585.613,74.1283,74.0117,5621.95,96.6872
72.18,35,0,3,1,1,0,4,1,-1.66036e-276,585.607,585.612,74.1281,72.8867,5612.89,96.787
72.2,35,0,3,1,1,0,4,1,-1.3722e-276,585.606,585.61,74.1278,74.2913,5617.92,96.3698
72.22,35,0,3,1,1,0,4,1,-1.13405e-276,585.604,585.608,74.1276,73.7816,5612.7,96.4436
72.24,35,0,3,1,1,0,4,1,-9.37229e-277,585.602,585.606,74.1274,73.2095,5611.43,96.4825
72.26,35,0,3,1,1,0,4,1,-7.74569e-277,585.6,585.605,74.1272,75.6833,5604.42,96.3936
72.28,35,0,3,1,1,0,4,1,-6.4014e-277,585.599,585.603,74.127,72.9768,5611.42,96.5638
72.3,35,0,3,1,1,0,4,1,-5.29041e-277,585.597,585.601,74.1267,75.6705,5617.77,96.3056
72.32,35,0,3,1,1,0,4,1,-4.37224e-277,585.595,585.599,74.1265,72.4426,5611.55,96.5245
72.34,35,0,3,1,1,0,4,1,-3.61342e-277,585.593,585.598,74.1263,72.5766,5613.32,96.3357
72.36,35,0,3,1,1,0,4,1,-2.9863e-277,585.592,585.596,74.1261,72.4612,5611.9,96.2681
72.38,35,0,3,1,1,0,4,1,-2.46802e-277,585.59,585.594,74.1259,74.8662,5617,95.8965
72.4,35,0,3,1,1,0,4,1,-2.03968e-277,585.588,585.593,74.1256,74.1834,5609.77,96.5383
72.42,35,0,3,1,1,0,4,1,-1.68569e-277,585.586,585.591,74.1254,72.5553,5609.94,96.3238
72.44,35,0,3,1,1,0,4,1,-1.39313e-277,585.585,585.589,74.1252,77.1317,5608.66,96.4023
72.46,35,0,3,1,1,0,4,1,-1.15135e-277,585.583,585.587,74.125,73.569,5610.14,96.0138
72.48,35,0,3,1,1,0,4,1,-9.51527e-278,585.581,585.586,74.1248,74.4819,5613.3,96.5562
72.5,35,0,3,1,1,0,4,1,-7.86386e-278,585.58,585.584,74.1245,73.6108,5602.68,96.445
72.52,35,0,3,1,1,0,4,1,-6.49906e-278,585.578,585.582,74.1243,76.1558,5619.41,96.5993
72.54,35,0,3,1,1,0,4,1,-5.37112e-278,585.576,585.58,74.1241,74.7492,5611.96,96.2328
72.56,35,0,3,1,1,0,4,1,-4.43894e-278,585.574,585.579,74.1239,74.5078,5620.72,96.5915
72.58,35,0,3,1,1,0,4,1,-3.66855e-278,585.573,585.577,74.1237,75.9123,5603.11,96.3895
72.6,35,0,3,1,1,0,4,1,-3.03186e-278,585.571,585.575,74.1234,73.5491,5601.8,96.7317
72.62,35,0,3,1,1,0,4,1,-2.50567e-278,585.569,585.573,74.1232,75.025,5601.68,96.329
72.64,35,0,3,1,1,0,4,1,-2.0708e-278,585.567,585.572,74.123,72.0553,5613.07,96.6474
72.66,35,0,3,1,1,0,4,1,-1.71141e-278,585.566,585.57,74.1228,71.2225,5611.97,96.6241
72.68,35,0,3,1,1,0,4,1,-1.41438e-278,585.564,585.568,74.1226,75.1621,5614.48,96.1953
72.7,35,0,3,1,1,0,4,1,-1.16891e-278,585.562,585.567,74.1224,75.1418,5609.44,96.5271
72.72,35,0,3,1,1,0,4,1,-9.66044e-279,585.561,585.565,74.1221,75.1128,5614.69,96.6044
72.74,35,0,3,1,1,0,4,1,-7.98383e-279,585.559,585.563,74.1219,73.7893,5611.11,96.4063
72.76,35,0,3,1,1,0,4,1,-6.59821e-279,585.557,585.561,74.1217,74.9525,5604.83,96.3632
72.78,35,0,3,1,1,0,4,1,-5.45306e-279,585.555,585.56,74.1215,72.5401,5626.27,96.518
72.8,35,0,3,1,1,0,4,1,-4.50666e-279,585.554,585.558,74.1213,72.7993,5613.82,96.3507
72.82,35,0,3,1,1,0,4,1,-3.72452e-279,585.552,585.556,74.1211,74.1361,5610.13,96.3498
72.84,35,0,3,1,1,0,4,1,-3.07811e-279,585.55,585.555,74.1208,74.4614,5617.92,96.3598
72.86,35,0,3,1,1,0,4,1,-2.54389e-279,585.549,585.553,74.1206,73.5848,5607.98,96.4868
72.88,35,0,3,1,1,0,4,1,-2.10239e-279,585.547,585.551,74.1204,71.9871,5609.25,96.2976
72.9,35,0,3,1,1,0,4,1,-1.73751e-279,585.545,585.55,74.1202,73.2703,5611.33,96.1641
72.92,35,0,3,1,1,0,4,1,-1.43596e-279,585.544,585.548,74.12,71.6698,5610.33,96.4407
72.94,35,0,3,1,1,0,4,1,-1.18675e-279,585.542,585.546,74.1198,74.158,5618.16,96.4203
72.96,35,0,3,1,1,0,4,1,-9.80781e-280,585.54,585.544,74.1195,73.5392,5609.18,96.3314
72.98,35,0,3,1,1,0,4,1,-8.10563e-280,585.538,585.543,74.1193,75.6153,5624.53,96.4723
73,35,0,3,1,1,0,4,1,-6.69887e-280,585.537,585.541,74.1191,75.6159,5617.58,96.5095
73.02,35,0,3,1,1,0,4,1,-5.53626e-280,585.535,585.539,74.1189,74.477,5607.22,96.5115
73.04,35,0,3,1,1,0,4,1,-4.57542e-280,585.533,585.538,74.1187,77.3437,5619.59,96.3462
73.06,35,0,3,1,1,0,4,1,-3.78134e-280,585.532,585.536,74.1185,75.4813,5611.06,96.2491
73.08,35,0,3,1,1,0,4,1,-3.12507e-280,585.53,585.534,74.1183,74.346,5616.1,96.2
73.1,35,0,3,1,1,0,4,1,-2.5827e-280,585.528,585.533,74.118,73.1493,5606.02,96.4133
73.12,35,0,3,1,1,0,4,1,-2.13447e-280,585.527,585.531,74.1178,73.1324,5607.74,96.2001
73.14,35,0,3,1,1,0,4,1,-1.76402e-280,585.525,585.529,74.1176,74.4633,5611.56,96.4262
73.16,35,0,3,1,1,0,4,1,-1.45787e-280,585.523,585.528,74.1174,73.1847,5620.03,96.3891
73.18,35,0,3,1,1,0,4,1,-1.20485e-280,585.522,585.526,74.1172,73.2996,5609.64,96.3526
73.2,35,0,3,1,1,0,4,1,-9.95744e-281,585.52,585.524,74.117,74.6271,5602.53,96.5227
73.22,35,0,3,1,1,0,4,1,-8.22929e-281,585.518,585.522,74.1168,76.1309,5620.48,96.4489
73.24,35,0,3,1,1,0,4,1,-6.80107e-281,585.517,585.521,74.1166,74.5608,5608.89,96.446
73.26,35,0,3,1,1,0,4,1,-5.62072e-281,585.515,585.519,74.1163,74.2274,5606.87,96.1913
73.28,35,0,3,1,1,0,4,1,-4.64522e-281,585.513,585.517,74.1161,72.2363,5615.24,96.5719
73.3,35,0,3,1,1,0,4,1,-3.83903e-281,585.512,585.516,74.1159,76.671,5613.51,96.2452
73.32,35,0,3,1,1,0,4,1,-3.17275e-281,585.51,585.514,74.1157,74.757,5600.88,96.4282
73.34,35,0,3,1,1,0,4,1,-2.62211e-281,585.508,585.512,74.1155,74.9568,5615.89,96.5154
73.36,35,0,3,1,1,0,4,1,-2.16703e-281,585.507,585.511,74.1153,73.1222,5616.74,96.2723
73.38,35,0,3,1,1,0,4,1,-1.79093e-281,585.505,585.509,74.1151,75.5578,5617.68,96.433
73.4,35,0,3,1,1,0,4,1,-1.48011e-281,585.503,585.507,74.1149,76.0659,5613.68,96.3177
73.42,35,0,3,1,1,0,4,1,-1.22323e-281,585.502,585.506,74.1146,72.5949,5606.75,96.3583
73.44,35,0,3,1,1,0,4,1,-1.01094e-281,585.5,585.504,74.1144,74.6051,5617.32,96.33
73.46,35,0,3,1,1,0,4,1,-8.35484e-282,585.498,585.502,74.1142,71.837,5611.88,96.3182
73.48,35,0,3,1,1,0,4,1,-6.90482e-282,585.497,585.501,74.114,74.0287,5617.4,96.4023
73.5,35,0,3,1,1,0,4,1,-5.70647e-282,585.495,585.499,74.1138,77.0021,5617.21,96.3015
73.52,35,0,3,1,1,0,4,1,-4.71609e-282,585.493,585.497,74.1136,71.4637,5613.6,96.418
73.54,35,0,3,1,1,0,4,1,-3.89759e-282,585.492,585.496,74.1134,73.9235,5611.46,96.7226
73.56,35,0,3,1,1,0,4,1,-3.22115e-282,585.49,585.494,74.1132,74.0576,5616.24,96.2906
73.58,35,0,3,1,1,0,4,1,-2.66211e-282,585.488,585.492,74.113,76.0586,5617.78,96.6606
73.6,35,0,3,1,1,0,4,1,-2.20009e-282,585.487,585.491,74.1128,74.8191,5619.45,96.5817
73.62,35,0,3,1,1,0,4,1,-1.81826e-282,585.485,585.489,74.1125,74.068,5612.48,96.3085
73.64,35,0,3,1,1,0,4,1,-1.50269e-282,585.483,585.487,74.1123,75.1358,5612.92,96.2849
73.66,35,0,3,1,1,0,4,1,-1.24189e-282,585.482,585.486,74.1121,74.6491,5610.59,96.5554
73.68,35,0,3,1,1,0,4,1,-1.02636e-282,585.48,585.484,74.1119,71.076,5610.6,96.5811
73.7,35,0,3,1,1,0,4,1,-8.4823e-283,585.478,585.482,74.1117,72.0466,5611.53,96.1491
73.72,35,0,3,1,1,0,4,1,-7.01016e-283,585.477,585.481,74.1115,72.9079,5616.39,96.4139
73.74,35,0,3,1,1,0,4,1,-5.79352e-283,585.475,585.479,74.1113,72.5737,5616.84,96.4107
73.76,35,0,3,1,1,0,4,1,-4.78804e-283,585.473,585.478,74.1111,75.1072,5618.5,96.5981
73.78,35,0,3,1,1,0,4,1,-3.95705e-283,585.472,585.476,74.1109,72.2754,5610.39,96.2378
73.8,35,0,3,1,1,0,4,1,-3.27029e-283,585.47,585.474,74.1107,72.0136,5619.59,96.4685
73.82,35,0,3,1,1,0,4,1,-2.70272e-283,585.468,585.473,74.1105,73.6943,5617.46,96.4439
73.84,35,0,3,1,1,0,4,1,-2.23365e-283,585.467,585.471,74.1102,77.4553,5607.82,96.7439
73.86,35,0,3,1,1,0,4,1,-1.846e-283,585.465,585.469,74.11,75.0671,5617.27,96.5108
73.88,35,0,3,1,1,0,4,1,-1.52562e-283,585.464,585.468,74.1098,71.947,5617.61,96.4477
73.9,35,0,3,1,1,0,4,1,-1.26084e-283,585.462,585.466,74.1096,73.3213,5605.45,96.4683
73.92,35,0,3,1,1,0,4,1,-1.04202e-283,585.46,585.464,74.1094,74.1147,5611.6,96.3722
73.94,35,0,3,1,1,0,4,1,-8.6117e-284,585.459,585.463,74.1092,73.458,5608.51,96.52
73.96,35,0,3,1,1,0,4,1,-7.11711e-284,585.457,585.461,74.109,71.7407,5612.27,96.2658
73.98,35,0,3,1,1,0,4,1,-5.88191e-284,585.455,585.459,74.1088,74.3309,5606.35,96.5039
74,35,0,3,1,1,0,4,1,-4.86108e-284,585.454,585.458,74.1086,74.9786,5617.56,96.1181
74.02,35,0,3,1,1,0,4,1,-4.01742e-284,585.452,585.456,74.1084,73.6811,5619.47,96.2703
74.04,35,0,3,1,1,0,4,1,-3.32018e-284,585.451,585.455,74.1082,74.7191,5630.81,96.4811
74.06,35,0,3,1,1,0,4,1,-2.74395e-284,585.449,585.453,74.108,80.0116,5611.79,96.5616
74.08,35,0,3,1,1,0,4,1,-2.26773e-284,585.447,585.451,74.1078,73.9675,5615.36,96.4439
74.1,35,0,3,1,1,0,4,1,-1.87416e-284,585.446,585.45,74.1076,73.5875,5617.25,96.3535
74.12,35,0,3,1,1,0,4,1,-1.54889e-284,585.444,585.448,74.1074,72.27,5606.08,96.3414
74.14,35,0,3,1,1,0,4,1,-1.28007e-284,585.442,585.446,74.1071,71.2765,5616.46,96.4638
74.16,35,0,3,1,1,0,4,1,-1.05791e-284,585.441,585.445,74.1069,75.8621,5615.42,96.2513
74.18,35,0,3,1,1,0,4,1,-8.74308e-285,585.439,585.443,74.1067,73.046,5614.89,96.379
74.2,35,0,3,1,1,0,4,1,-7.22569e-285,585.438,585.442,74.1065,74.2563,5610,96.5453
74.22,35,0,3,1,1,0,4,1,-5.97164e-285,585.436,585.44,74.1063,75.6449,5607.39,96.4553
74.24,35,0,3,1,1,0,4,1,-4.93524e-285,585.434,585.438,74.1061,75.5286,5604.11,96.3359
74.26,35,0,3,1,1,0,4,1,-4.07871e-285,585.433,585.437,74.1059,76.2407,5615.36,96.259
74.28,35,0,3,1,1,0,4,1,-3.37084e-285,585.431,585.435,74.1057,71.3209,5617.89,96.1329
74.3,35,0,3,1,1,0,4,1,-2.78582e-285,585.429,585.434,74.1055,73.7763,5617.42,96.758
74.32,35,0,3,1,1,0,4,1,-2.30233e-285,585.428,585.432,74.1053,72.196,5611.54,96.3136
74.34,35,0,3,1,1,0,4,1,-1.90275e-285,585.426,585.43,74.1051,77.4891,5610.53,96.5514
74.36,35,0,3,1,1,0,4,1,-1.57252e-285,585.425,585.429,74.1049,72.7864,5613.37,96.5393
74.38,35,0,3,1,1,0,4,1,-1.2996e-285,585.423,585.427,74.1047,71.4581,5607.78,96.4953
74.4,35,0,3,1,1,0,4,1,-1.07405e-285,585.421,585.425,74.1045,74.3499,5609.38,96.4445
74.42,35,0,3,1,1,0,4,1,-8.87647e-286,585.42,585.424,74.1043,74.3057,5617.25,96.4269
74.44,35,0,3,1,1,0,4,1,-7.33592e-286,585.418,585.422,74.1041,74.6978,5611.6,96.513
74.46,35,0,3,1,1,0,4,1,-6.06275e-286,585.417,585.421,74.1039,73.8321,5629.03,96.4738
74.48,35,0,3,1,1,0,4,1,-5.01054e-286,585.415,585.419,74.1037,77.1532,5615.16,96.4682
74.5,35,0,3,1,1,0,4,1,-4.14094e-286,585.413,585.417,74.1035,73.2787,5612.44,96.3658
74.52,35,0,3,1,1,0,4,1,-3.42226e-286,585.412,585.416,74.1033,75.9489,5613.62,96.6542
74.54,35,0,3,1,1,0,4,1,-2.82832e-286,585.41,585.414,74.1031,73.2033,5615.83,96.5098
74.56,35,0,3,1,1,0,4,1,-2.33745e-286,585.409,585.413,74.1029,75.6139,5615.03,96.5049
74.58,35,0,3,1,1,0,4,1,-1.93178e-286,585.407,585.411,74.1027,76.9384,5608.33,96.5033
74.6,35,0,3,1,1,0,4,1,-1.59651e-286,585.405,585.409,74.1025,73.6054,5614.76,96.3674
74.62,35,0,3,1,1,0,4,1,-1.31943e-286,585.404,585.408,74.1023,71.8161,5615.75,96.5212
74.64,35,0,3,1,1,0,4,1,-1.09044e-286,585.402,585.406,74.1021,73.2822,5607.2,96.2793
74.66,35,0,3,1,1,0,4,1,-9.01189e-287,585.401,585.405,74.1019,75.7095,5614.12,96.6484
74.68,35,0,3,1,1,0,4,1,-7.44784e-287,585.399,585.403,74.1017,74.8622,5605.5,96.5009
74.7,35,0,3,1,1,0,4,1,-6.15524e-287,585.398,585.402,74.1015,74.4214,5614.04,96.3882
74.72,35,0,3,1,1,0,4,1,-5.08698e-287,585.396,585.4,74.1013,73.2158,5607.42,96.2872
74.74,35,0,3,1,1,0,4,1,-4.20411e-287,585.394,585.398,74.1011,74.2465,5613.41,96.4155
74.76,35,0,3,1,1,0,4,1,-3.47447e-287,585.393,585.397,74.1009,76.239,5618.27,96.2614
74.78,35,0,3,1,1,0,4,1,-2.87147e-287,585.391,585.395,74.1007,75.038,5613.13,96.5654
74.8,35,0,3,1,1,0,4,1,-2.37311e-287,585.39,585.394,74.1005,73.4084,5615.15,96.2928
74.82,35,0,3,1,1,0,4,1,-1.96125e-287,585.388,585.392,74.1003,74.9105,5613.62,96.4165
74.84,35,0,3,1,1,0,4,1,-1.62087e-287,585.386,585.39,74.1001,76.5863,5616.65,96.3554
74.86,35,0,3,1,1,0,4,1,-1.33956e-287,585.385,585.389,74.0999,72.6784,5609.37,96.4181
74.88,35,0,3,1,1,0,4,1,-1.10707e-287,585.383,585.387,74.0997,73.1109,5617.4,96.5115
74.9,35,0,3,1,1,0,4,1,-9.14937e-288,585.382,585.386,74.0995,73.7454,5619.06,96.3264
74.92,35,0,3,1,1,0,4,1,-7.56147e-288,585.38,585.384,74.0993,73.5751,5602.91,96.3303
74.94,35,0,3,1,1,0,4,1,-6.24914e-288,585.379,585.383,74.0991,74.9269,5613.58,96.5094
74.96,35,0,3,1,1,0,4,1,-5.16458e-288,585.377,585.381,74.0989,76.3195,5616.91,96.3512
74.98,35,0,3,1,1,0,4,1,-4.26825e-288,585.375,585.379,74.0987,72.8542,5611.11,96.5071
75,35,0,3,1,1,0,4,1,-3.52748e-288,585.374,585.378,74.0985,76.8563,5610.56,96.2235
75.02,35,0,3,1,1,0,4,1,-2.91527e-288,585.372,585.376,74.0983,73.8174,5613.94,96.4108
75.04,35,0,3,1,1,0,4,1,-2.40932e-288,585.371,585.375,74.0981,72.2534,5612.68,96.2756
75.06,35,0,3,1,1,0,4,1,-1.99117e-288,585.369,585.373,74.0979,72.1359,5620.5,96.631
75.08,35,0,3,1,1,0,4,1,-1.6456e-288,585.368,585.372,74.0977,73.4341,5610.97,96.7317
75.1,35,0,3,1,1,0,4,1,-1.36e-288,585.366,585.37,74.0975,76.8137,5612.2,96.3125
75.12,35,0,3,1,1,0,4,1,-1.12396e-288,585.365,585.368,74.0973,74.9582,5615.24,96.6038
75.14,35,0,3,1,1,0,4,1,-9.28896e-289,585.363,585.367,74.0971,73.4066,5612.26,96.4446
75.16,35,0,3,1,1,0,4,1,-7.67682e-289,585.361,585.365,74.0969,77.9573,5609.18,96.2574
75.18,35,0,3,1,1,0,4,1,-6.34448e-289,585.36,585.364,74.0967,78.1241,5613.52,96.483
75.2,35,0,3,1,1,0,4,1,-5.24337e-289,585.358,585.362,74.0965,73.2027,5609.98,96.5993
75.22,35,0,3,1,1,0,4,1,-4.33337e-289,585.357,585.361,74.0963,74.0813,5613.24,96.2435
75.24,35,0,3,1,1,0,4,1,-3.58129e-289,585.355,585.359,74.0961,73.507,5615.1,96.6227
75.26,35,0,3,1,1,0,4,1,-2.95975e-289,585.354,585.358,74.0959,74.7771,5613.4,96.4517
75.28,35,0,3,1,1,0,4,1,-2.44607e-289,585.352,585.356,74.0957,74.877,5611.84,96.3969
75.3,35,0,3,1,1,0,4,1,-2.02155e-289,585.351,585.354,74.0955,74.0845,5615.56,96.3381
75.32,35,0,3,1,1,0,4,1,-1.6707e-289,585.349,585.353,74.0953,71.6086,5615.09,96.6027
75.34,35,0,3,1,1,0,4,1,-1.38074e-289,585.347,585.351,74.0951,73.6015,5617.66,96.5555
75.36,35,0,3,1,1,0,4,1,-1.14111e-289,585.346,585.35,74.0949,72.4955,5601.93,96.939
75.38,35,0,3,1,1,0,4,1,-9.43067e-290,585.344,585.348,74.0947,77.1769,5622.61,96.4552
75.4,35,0,3,1,1,0,4,1,-7.79394e-290,585.343,585.347,74.0945,72.8486,5611.29,96.3267
75.42,35,0,3,1,1,0,4,1,-6.44127e-290,585.341,585.345,74.0943,72.4963,5611.94,96.282
75.44,35,0,3,1,1,0,4,1,-5.32337e-290,585.34,585.344,74.0941,71.7215,5607.89,96.7087
75.46,35,0,3,1,1,0,4,1,-4.39948e-290,585.338,585.342,74.0939,73.9897,5620.43,96.4525
75.48,35,0,3,1,1,0,4,1,-3.63593e-290,585.337,585.34,74.0937,73.5065,5613.75,96.8634
75.5,35,0,3,1,1,0,4,1,-3.0049e-290,585.335,585.339,74.0935,73.7881,5625.97,96.3456
75.52,35,0,3,1,1,0,4,1,-2.48339e-290,585.334,585.337,74.0933,75.9532,5615.23,96.4685
75.54,35,0,3,1,1,0,4,1,-2.05239e-290,585.332,585.336,74.0931,73.1077,5617.46,96.3676
75.56,35,0,3,1,1,0,4,1,-1.69619e-290,585.33,585.334,74.093,72.8953,5622.01,96.6465
75.58,35,0,3,1,1,0,4,1,-1.40181e-290,585.329,585.333,74.0928,74.5844,5616.13,96.4284
75.6,35,0,3,1,1,0,4,1,-1.15852e-290,585.327,585.331,74.0926,73.0117,5621.74,96.8523
75.62,35,0,3,1,1,0,4,1,-9.57454e-291,585.326,585.33,74.0924,73.9552,5610.02,96.3579
75.64,35,0,3,1,1,0,4,1,-7.91284e-291,585.324,585.328,74.0922,73.5073,5610.73,96.6212
75.66,35,0,3,1,1,0,4,1,-6.53954e-291,585.323,585.327,74.092,71.6446,5613.66,96.3545
75.68,35,0,3,1,1,0,4,1,-5.40458e-291,585.321,585.325,74.0918,75.3051,5612.84,96.3984
75.7,35,0,3,1,1,0,4,1,-4.46659e-291,585.32,585.324,74.0916,75.4196,5609.21,96.6359
75.72,35,0,3,1,1,0,4,1,-3.6914e-291,585.318,585.322,74.0914,73.3647,5617.75,96.417
75.74,35,0,3,1,1,0,4,1,-3.05074e-291,585.317,585.321,74.0912,73.1469,5614.36,96.377
75.76,35,0,3,1,1,0,4,1,-2.52128e-291,585.315,585.319,74.091,76.576,5622.77,96.4136
75.78,35,0,3,1,1,0,4,1,-2.0837e-291,585.314,585.317,74.0908,75.2886,5617.68,96.1589
75.8,35,0,3,1,1,0,4,1,-1.72207e-291,585.312,585.316,74.0906,74.1334,5616.2,96.6021
75.82,35,0,3,1,1,0,4,1,-1.42319e-291,585.311,585.314,74.0904,74.6299,5616.99,96.6569
75.84,35,0,3,1,1,0,4,1,-1.17619e-291,585.309,585.313,74.0902,73.7535,5616.81,96.2088
75.86,35,0,3,1,1,0,4,1,-9.72061e-292,585.308,585.311,74.0901,76.3429,5615.01,96.5599
75.88,35,0,3,1,1,0,4,1,-8.03356e-292,585.306,585.31,74.0899,76.1803,5611.73,96.4455
75.9,35,0,3,1,1,0,4,1,-6.63931e-292,585.305,585.308,74.0897,75.6849,5619.11,96.6155
75.92,35,0,3,1,1,0,4,1,-5.48703e-292,585.303,585.307,74.0895,71.354,5607.5,96.3234
75.94,35,0,3,1,1,0,4,1,-4.53474e-292,585.302,585.305,74.0893,72.4293,5615.2,96.5856
75.96,35,0,3,1,1,0,4,1,-3.74772e-292,585.3,585.304,74.0891,72.983,5616.36,96.3497
75.98,35,0,3,1,1,0,4,1,-3.09729e-292,585.299,585.302,74.0889,74.0997,5620.17,96.4076
76,35,0,3,1,1,0,4,1,-2.55974e-292,585.297,585.301,74.0887,72.7587,5609.68,96.3244
76.02,35,0,3,1,1,0,4,1,-2.11549e-292,585.296,585.299,74.0885,73.3892,5613.22,96.582
76.04,35,0,3,1,1,0,4,1,-1.74834e-292,585.294,585.298,74.0883,73.5621,5621.99,96.4214
76.06,35,0,3,1,1,0,4,1,-1.44491e-292,585.293,585.296,74.0881,73.8885,5614.9,96.7115
76.08,35,0,3,1,1,0,4,1,-1.19414e-292,585.291,585.295,74.0879,71.8924,5613.8,96.5171
76.1,35,0,3,1,1,0,4,1,-9.86891e-293,585.29,585.293,74.0878,73.7713,5624.01,96.3318
76.12,35,0,3,1,1,0,4,1,-8.15612e-293,585.288,585.292,74.0876,76.1009,5607.85,96.2937
76.14,35,0,3,1,1,0,4,1,-6.7406e-293,585.287,585.29,74.0874,74.1546,5611.82,96.7326
76.16,35,0,3,1,1,0,4,1,-5.57074e-293,585.285,585.289,74.0872,76.0938,5614.43,96.3219
76.18,35,0,3,1,1,0,4,1,-4.60392e-293,585.284,585.287,74.087,74.4759,5612.33,96.2589
76.2,35,0,3,1,1,0,4,1,-3.80489e-293,585.282,585.286,74.0868,73.4487,5616.95,96.6621
76.22,35,0,3,1,1,0,4,1,-3.14454e-293,585.281,585.284,74.0866,72.0649,5608.87,96.2918
76.24,35,0,3,1,1,0,4,1,-2.59879e-293,585.279,585.283,74.0864,74.2124,5621.56,96.2014
76.26,35,0,3,1,1,0,4,1,-2.14776e-293,585.278,585.281,74.0862,75.8336,5610.28,96.2967
76.28,35,0,3,1,1,0,4,1,-1.77501e-293,585.276,585.28,74.086,73.5196,5620.78,96.5826
76.3,35,0,3,1,1,0,4,1,-1.46695e-293,585.275,585.278,74.0859,74.1922,5617.91,96.3751
76.32,35,0,3,1,1,0,4,1,-1.21236e-293,585.273,585.277,74.0857,73.6564,5610.22,96.6142
76.34,35,0,3,1,1,0,4,1,-1.00195e-293,585.272,585.275,74.0855,73.012,5609.5,96.6194
76.36,35,0,3,1,1,0,4,1,-8.28055e-294,585.27,585.274,74.0853,71.7399,5619.03,96.4392
76.38,35,0,3,1,1,0,4,1,-6.84343e-294,585.269,585.272,74.0851,73.3921,5614.78,96.5493
76.4,35,0,3,1,1,0,4,1,-5.65573e-294,585.267,585.271,74.0849,71.7864,5615.24,96.2632
76.42,35,0,3,1,1,0,4,1,-4.67416e-294,585.266,585.269,74.0847,72.9827,5618.97,96.4345
76.44,35,0,3,1,1,0,4,1,-3.86294e-294,585.264,585.268,74.0845,73.9654,5618.39,96.5523
76.46,35,0,3,1,1,0,4,1,-3.19251e-294,585.263,585.266,74.0844,72.9845,5623.83,96.2577
76.48,35,0,3,1,1,0,4,1,-2.63844e-294,585.261,585.265,74.0842,75.6347,5607.44,96.6896
76.5,35,0,3,1,1,0,4,1,-2.18053e-294,585.26,585.263,74.084,74.3181,5616.58,96.5276
76.52,35,0,3,1,1,0,4,1,-1.80209e-294,585.258,585.262,74.0838,74.0265,5616.89,96.522
76.54,35,0,3,1,1,0,4,1,-1.48933e-294,585.257,585.26,74.0836,75.6256,5614.59,96.4454
76.56,35,0,3,1,1,0,4,1,-1.23085e-294,585.255,585.259,74.0834,76.2774,5617.54,96.3038
76.58,35,0,3,1,1,0,4,1,-1.01723e-294,585.254,585.257,74.0832,76.2875,5620.84,96.5821
76.6,35,0,3,1,1,0,4,1,-8.40688e-295,585.252,585.256,74.083,74.6029,5622.14,96.3778
76.62,35,0,3,1,1,0,4,1,-6.94783e-295,585.251,585.255,74.0829,73.042,5618.1,96.3666
76.64,35,0,3,1,1,0,4,1,-5.74201e-295,585.249,585.253,74.0827,73.3933,5615.85,96.215
76.66,35,0,3,1,1,0,4,1,-4.74546e-295,585.248,585.252,74.0825,74.3702,5616.66,96.4381
76.68,35,0,3,1,1,0,4,1,-3.92187e-295,585.246,585.25,74.0823,76.2068,5613.62,96.778
76.7,35,0,3,1,1,0,4,1,-3.24122e-295,585.245,585.249,74.0821,73.5674,5611.24,96.4883
76.72,35,0,3,1,1,0,4,1,-2.67869e-295,585.243,585.247,74.0819,74.2754,5607.92,96.3981
76.74,35,0,3,1,1,0,4,1,-2.21379e-295,585.242,585.246,74.0817,74.0233,5605.91,96.5825
76.76,35,0,3,1,1,0,4,1,-1.82958e-295,585.241,585.244,74.0815,72.098,5620.23,96.5514
76.78,35,0,3,1,1,0,4,1,-1.51205e-295,585.239,585.243,74.0814,70.9728,5609.38,96.6001
76.8,35,0,3,1,1,0,4,1,-1.24963e-295,585.238,585.241,74.0812,73.9399,5610.02,96.3031
76.82,35,0,3,1,1,0,4,1,-1.03275e-295,585.236,585.24,74.081,75.4742,5619.64,96.6321
76.84,35,0,3,1,1,0,4,1,-8.53514e-296,585.235,585.238,74.0808,74.9137,5623.24,96.3478
76.86,35,0,3,1,1,0,4,1,-7.05383e-296,585.233,585.237,74.0806,75.285,5610.63,96.6809
76.88,35,0,3,1,1,0,4,1,-5.82961e-296,585.232,585.235,74.0804,75.4875,5614.76,96.479
76.9,35,0,3,1,1,0,4,1,-4.81786e-296,585.23,585.234,74.0803,71.375,5609.83,96.745
76.92,35,0,3,1,1,0,4,1,-3.9817e-296,585.229,585.233,74.0801,74.3005,5609.6,96.6611
76.94,35,0,3,1,1,0,4,1,-3.29066e-296,585.227,585.231,74.0799,72.9678,5617.18,96.5856
76.96,35,0,3,1,1,0,4,1,-2.71956e-296,585.226,585.23,74.0797,76.2467,5611.24,96.4522
76.98,35,0,3,1,1,0,4,1,-2.24757e-296,585.225,585.228,74.0795,74.864,5617.37,96.6247
77,35,0,3,1,1,0,4,1,-1.85749e-296,585.223,585.227,74.0793,74.792,5607.78,96.4442
77.02,35,0,3,1,1,0,4,1,-1.53512e-296,585.222,585.225,74.0791,72.4209,5619.33,96.6219
77.04,35,0,3,1,1,0,4,1,-1.26869e-296,585.22,585.224,74.079,73.3945,5609.99,96.5177
77.06,35,0,3,1,1,0,4,1,-1.04851e-296,585.219,585.222,74.0788,75.4644,5618.78,96.5503
77.08,35,0,3,1,1,0,4,1,-8.66535e-297,585.217,585.221,74.0786,74.0925,5615.52,96.4879
77.1,35,0,3,1,1,0,4,1,-7.16144e-297,585.216,585.219,74.0784,75.3608,5603.2,96.5639
77.12,35,0,3,1,1,0,4,1,-5.91855e-297,585.214,585.218,74.0782,71.0439,5617.23,96.2824
77.14,35,0,3,1,1,0,4,1,-4.89136e-297,585.213,585.217,74.078,73.2817,5628.68,96.5111
77.16,35,0,3,1,1,0,4,1,-4.04245e-297,585.212,585.215,74.0779,71.8105,5616.19,96.5101
77.18,35,0,3,1,1,0,4,1,-3.34087e-297,585.21,585.214,74.0777,73.5055,5606.36,96.3358
77.2,35,0,3,1,1,0,4,1,-2.76105e-297,585.209,585.212,74.0775,75.3949,5615.46,96.3121
77.22,35,0,3,1,1,0,4,1,-2.28186e-297,585.207,585.211,74.0773,71.1581,5618.41,96.4162
77.24,35,0,3,1,1,0,4,1,-1.88583e-297,585.206,585.209,74.0771,76.1905,5611.03,96.4101
77.26,35,0,3,1,1,0,4,1,-1.55854e-297,585.204,585.208,74.077,75.6608,5611.01,96.3552
77.28,35,0,3,1,1,0,4,1,-1.28805e-297,585.203,585.206,74.0768,76.8105,5617.75,96.4232
77.3,35,0,3,1,1,0,4,1,-1.0645e-297,585.201,585.205,74.0766,73.2034,5621.73,96.4354
77.32,35,0,3,1,1,0,4,1,-8.79755e-298,585.2,585.204,74.0764,72.7767,5614.36,96.45
77.34,35,0,3,1,1,0,4,1,-7.2707e-298,585.199,585.202,74.0762,77.3601,5617.03,96.3961
77.36,35,0,3,1,1,0,4,1,-6.00884e-298,585.197,585.201,74.076,74.8993,5616.18,96.5286
77.38,35,0,3,1,1,0,4,1,-4.96599e-298,585.196,585.199,74.0759,74.6213,5617.32,96.5185
77.4,35,0,3,1,1,0,4,1,-4.10412e-298,585.194,585.198,74.0757,72.5911,5606.91,96.405
77.42,35,0,3,1,1,0,4,1,-3.39183e-298,585.193,585.196,74.0755,73.9036,5613.61,96.2769
77.44,35,0,3,1,1,0,4,1,-2.80317e-298,585.191,585.195,74.0753,72.272,5615.01,96.3964
77.46,35,0,3,1,1,0,4,1,-2.31667e-298,585.19,585.194,74.0751,72.7454,5613.91,96.4335
77.48,35,0,3,1,1,0,4,1,-1.9146e-298,585.189,585.192,74.075,73.5817,5616.25,96.5188
77.5,35,0,3,1,1,0,4,1,-1.58232e-298,585.187,585.191,74.0748,72.443,5609.66,96.3986
77.52,35,0,3,1,1,0,4,1,-1.3077e-298,585.186,585.189,74.0746,73.1965,5631.47,96.6708
77.54,35,0,3,1,1,0,4,1,-1.08074e-298,585.184,585.188,74.0744,73.3579,5618.59,96.3748
77.56,35,0,3,1,1,0,4,1,-8.93176e-299,585.183,585.186,74.0742,74.0254,5616.97,96.2583
77.58,35,0,3,1,1,0,4,1,-7.38162e-299,585.181,585.185,74.0741,75.1614,5615.67,96.3267
77.6,35,0,3,1,1,0,4,1,-6.10051e-299,585.18,585.184,74.0739,71.451,5616.74,96.3968
77.62,35,0,3,1,1,0,4,1,-5.04175e-299,585.179,585.182,74.0737,74.5392,5619.31,96.6691
77.64,35,0,3,1,1,0,4,1,-4.16673e-299,585.177,585.181,74.0735,73.6834,5620.47,96.4685
77.66,35,0,3,1,1,0,4,1,-3.44358e-299,585.176,585.179,74.0733,73.0469,5614.79,96.419
77.68,35,0,3,1,1,0,4,1,-2.84593e-299,585.174,585.178,74.0732,72.4303,5614.72,96.4687
77.7,35,0,3,1,1,0,4,1,-2.35201e-299,585.173,585.177,74.073,75.7288,5617.8,96.5517
77.72,35,0,3,1,1,0,4,1,-1.94381e-299,585.172,585.175,74.0728,72.9205,5617.32,96.9216
77.74,35,0,3,1,1,0,4,1,-1.60646e-299,585.17,585.174,74.0726,76.4244,5622.21,96.7071
77.76,35,0,3,1,1,0,4,1,-1.32765e-299,585.169,585.172,74.0724,73.0869,5620.54,96.3408
77.78,35,0,3,1,1,0,4,1,-1.09723e-299,585.167,585.171,74.0723,75.8999,5611.52,96.4741
77.8,35,0,3,1,1,0,4,1,-9.06802e-300,585.166,585.169,74.0721,75.4613,5619.74,96.3262
77.82,35,0,3,1,1,0,4,1,-7.49423e-300,585.165,585.168,74.0719,74.7798,5609.95,96.5976
77.84,35,0,3,1,1,0,4,1,-6.19358e-300,585.163,585.167,74.0717,72.5558,5616.56,96.497
77.86,35,0,3,1,1,0,4,1,-5.11866e-300,585.162,585.165,74.0715,76.9058,5621.42,96.3876
77.88,35,0,3,1,1,0,4,1,-4.2303e-300,585.16,585.164,74.0714,72.8118,5608,96.4401
77.9,35,0,3,1,1,0,4,1,-3.49612e-300,585.159,585.162,74.0712,74.7648,5614.49,96.6437
77.92,35,0,3,1,1,0,4,1,-2.88935e-300,585.158,585.161,74.071,72.8492,5616.96,96.4581
77.94,35,0,3,1,1,0,4,1,-2.38789e-300,585.156,585.16,74.0708,73.704,5619.78,96.6627
77.96,35,0,3,1,1,0,4,1,-1.97347e-300,585.155,585.158,74.0707,73.4119,5618.27,96.4933
77.98,35,0,3,1,1,0,4,1,-1.63096e-300,585.153,585.157,74.0705,75.3083,5618.71,96.4828
78,35,0,3,1,1,0,4,1,-1.3479e-300,585.152,585.155,74.0703,76.6733,5620.35,96.5987
78.02,35,0,3,1,1,0,4,1,-1.11397e-300,585.151,585.154,74.0701,73.2473,5617.43,96.5691
78.04,35,0,3,1,1,0,4,1,-9.20637e-301,585.149,585.153,74.07,73.6291,5614.2,96.466
78.06,35,0,3,1,1,0,4,1,-7.60857e-301,585.148,585.151,74.0698,73.0929,5609.22,96.3832
78.08,35,0,3,1,1,0,4,1,-6.28807e-301,585.146,585.15,74.0696,71.0081,5613.08,96.3703
78.1,35,0,3,1,1,0,4,1,-5.19675e-301,585.145,585.148,74.0694,74.8906,5615.99,96.5944
78.12,35,0,3,1,1,0,4,1,-4.29484e-301,585.144,585.147,74.0692,72.9662,5619.8,96.3373
78.14,35,0,3,1,1,0,4,1,-3.54945e-301,585.142,585.146,74.0691,72.8275,5616.94,96.7155
78.16,35,0,3,1,1,0,4,1,-2.93343e-301,585.141,585.144,74.0689,72.0626,5616.75,96.2684
78.18,35,0,3,1,1,0,4,1,-2.42432e-301,585.139,585.143,74.0687,74.331,5618.39,96.6249
78.2,35,0,3,1,1,0,4,1,-2.00357e-301,585.138,585.141,74.0685,73.6465,5603.56,96.57
78.22,35,0,3,1,1,0,4,1,-1.65585e-301,585.137,585.14,74.0684,73.2159,5621.22,96.5805
78.24,35,0,3,1,1,0,4,1,-1.36847e-301,585.135,585.139,74.0682,76.0741,5607.39,96.4693
78.26,35,0,3,1,1,0,4,1,-1.13096e-301,585.134,585.137,74.068,74.0425,5625.15,96.6038
78.28,35,0,3,1,1,0,4,1,-9.34682e-302,585.132,585.136,74.0678,73.0719,5611.55,96.3672
78.3,35,0,3,1,1,0,4,1,-7.72464e-302,585.131,585.135,74.0677,75.3816,5616.48,96.5469
78.32,35,0,3,1,1,0,4,1,-6.384e-302,585.13,585.133,74.0675,73.201,5603.06,96.5069
78.34,35,0,3,1,1,0,4,1,-5.27603e-302,585.128,585.132,74.0673,75.2869,5619.02,96.5685
78.36,35,0,3,1,1,0,4,1,-4.36036e-302,585.127,585.13,74.0671,74.6671,5615.58,96.1744
78.38,35,0,3,1,1,0,4,1,-3.6036e-302,585.126,585.129,74.067,74.8527,5613.96,96.683
78.4,35,0,3,1,1,0,4,1,-2.97818e-302,585.124,585.128,74.0668,73.1108,5621,96.5118
78.42,35,0,3,1,1,0,4,1,-2.46131e-302,585.123,585.126,74.0666,77.8547,5611.7,96.6602
78.44,35,0,3,1,1,0,4,1,-2.03414e-302,585.121,585.125,74.0664,72.243,5619.13,96.0266
78.46,35,0,3,1,1,0,4,1,-1.68111e-302,585.12,585.124,74.0663,73.0749,5625.84,96.6783
78.48,35,0,3,1,1,0,4,1,-1.38934e-302,585.119,585.122,74.0661,74.0445,5622.83,96.4658
78.5,35,0,3,1,1,0,4,1,-1.14822e-302,585.117,585.121,74.0659,73.1547,5608.88,96.5268
78.52,35,0,3,1,1,0,4,1,-9.48941e-303,585.116,585.119,74.0657,73.8962,5612.43,96.5151
78.54,35,0,3,1,1,0,4,1,-7.84249e-303,585.115,585.118,74.0656,73.9247,5614.25,96.6783
78.56,35,0,3,1,1,0,4,1,-6.4814e-303,585.113,585.117,74.0654,74.1923,5613.33,96.5491
78.58,35,0,3,1,1,0,4,1,-5.35653e-303,585.112,585.115,74.0652,74.6969,5614.88,96.4254
78.6,35,0,3,1,1,0,4,1,-4.42688e-303,585.111,585.114,74.0651,73.6078,5610.72,96.5785
78.62,35,0,3,1,1,0,4,1,-3.65858e-303,585.109,585.113,74.0649,75.0859,5618.31,96.5325
78.64,35,0,3,1,1,0,4,1,-3.02362e-303,585.108,585.111,74.0647,75.3464,5616.72,96.4817
78.66,35,0,3,1,1,0,4,1,-2.49886e-303,585.106,585.11,74.0645,76.2198,5617.59,96.524
78.68,35,0,3,1,1,0,4,1,-2.06517e-303,585.105,585.108,74.0644,72.1816,5609.02,96.3989
78.7,35,0,3,1,1,0,4,1,-1.70675e-303,585.104,585.107,74.0642,72.0989,5619.63,96.3296
78.72,35,0,3,1,1,0,4,1,-1.41054e-303,585.102,585.106,74.064,73.3917,5621.86,96.4165
78.74,35,0,3,1,1,0,4,1,-1.16574e-303,585.101,585.104,74.0638,74.0324,5618.35,96.2063
78.76,35,0,3,1,1,0,4,1,-9.63418e-304,585.1,585.103,74.0637,73.0533,5615.33,96.5025
78.78,35,0,3,1,1,0,4,1,-7.96213e-304,585.098,585.102,74.0635,73.4033,5614.72,96.4649
78.8,35,0,3,1,1,0,4,1,-6.58028e-304,585.097,585.1,74.0633,72.1145,5607.38,96.3271
78.82,35,0,3,1,1,0,4,1,-5.43824e-304,585.096,585.099,74.0632,74.8111,5626.5,96.3878
78.84,35,0,3,1,1,0,4,1,-4.49442e-304,585.094,585.098,74.063,71.0261,5615.21,96.4032
78.86,35,0,3,1,1,0,4,1,-3.71439e-304,585.093,585.096,74.0628,74.9012,5615.94,96.4897
78.88,35,0,3,1,1,0,4,1,-3.06975e-304,585.092,585.095,74.0626,73.1277,5619.5,96.5499
78.9,35,0,3,1,1,0,4,1,-2.53698e-304,585.09,585.094,74.0625,75.0055,5616.45,96.4803
78.92,35,0,3,1,1,0,4,1,-2.09668e-304,585.089,585.092,74.0623,75.5561,5624.92,96.4919
78.94,35,0,3,1,1,0,4,1,-1.73279e-304,585.087,585.091,74.0621,73.3744,5619.07,96.7351
78.96,35,0,3,1,1,0,4,1,-1.43206e-304,585.086,585.09,74.062,75.1446,5610.1,96.5871
78.98,35,0,3,1,1,0,4,1,-1.18352e-304,585.085,585.088,74.0618,73.6156,5611.42,96.6148
79,35,0,3,1,1,0,4,1,-9.78116e-305,585.083,585.087,74.0616,71.8584,5616.01,96.7216
79.02,35,0,3,1,1,0,4,1,-8.0836e-305,585.082,585.085,74.0615,74.8247,5614.55,96.4467
79.04,35,0,3,1,1,0,4,1,-6.68066e-305,585.081,585.084,74.0613,77.7859,5610.19,96.5832
79.06,35,0,3,1,1,0,4,1,-5.52121e-305,585.079,585.083,74.0611,75.8887,5619.87,96.3478
79.08,35,0,3,1,1,0,4,1,-4.56298e-305,585.078,585.081,74.0609,74.3917,5620.33,96.6447
79.1,35,0,3,1,1,0,4,1,-3.77106e-305,585.077,585.08,74.0608,74.4138,5619.12,96.3437
79.12,35,0,3,1,1,0,4,1,-3.11658e-305,585.075,585.079,74.0606,72.5192,5619.09,96.5521
79.14,35,0,3,1,1,0,4,1,-2.57569e-305,585.074,585.077,74.0604,74.2562,5614.82,96.3853
79.16,35,0,3,1,1,0,4,1,-2.12867e-305,585.073,585.076,74.0603,74.154,5624.64,96.5465
79.18,35,0,3,1,1,0,4,1,-1.75923e-305,585.071,585.075,74.0601,74.2191,5612.43,96.561
79.2,35,0,3,1,1,0,4,1,-1.45391e-305,585.07,585.073,74.0599,75.4449,5629.4,96.5068
79.22,35,0,3,1,1,0,4,1,-1.20158e-305,585.069,585.072,74.0598,73.763,5613.27,96.6895
79.24,35,0,3,1,1,0,4,1,-9.93038e-306,585.067,585.071,74.0596,74.2625,5615.16,96.5418
79.26,35,0,3,1,1,0,4,1,-8.20693e-306,585.066,585.069,74.0594,73.8971,5611.39,96.5708
79.28,35,0,3,1,1,0,4,1,-6.78258e-306,585.065,585.068,74.0593,75.0945,5618.06,96.5843
79.3,35,0,3,1,1,0,4,1,-5.60544e-306,585.063,585.067,74.0591,75.6726,5615.93,96.3866
79.32,35,0,3,1,1,0,4,1,-4.6326e-306,585.062,585.065,74.0589,72.5723,5613.48,96.568
79.34,35,0,3,1,1,0,4,1,-3.82859e-306,585.061,585.064,74.0587,74.5688,5614.59,96.4523
79.36,35,0,3,1,1,0,4,1,-3.16413e-306,585.059,585.063,74.0586,73.0239,5617.86,96.8628
79.38,35,0,3,1,1,0,4,1,-2.61498e-306,585.058,585.061,74.0584,73.8136,5611.68,96.8166
79.4,35,0,3,1,1,0,4,1,-2.16114e-306,585.057,585.06,74.0582,74.7009,5616.1,96.4058
79.42,35,0,3,1,1,0,4,1,-1.78607e-306,585.055,585.059,74.0581,72.4511,5607.8,96.5829
79.44,35,0,3,1,1,0,4,1,-1.47609e-306,585.054,585.057,74.0579,72.2418,5611.99,96.5285
79.46,35,0,3,1,1,0,4,1,-1.21991e-306,585.053,585.056,74.0577,71.013,5615.35,96.4827
79.48,35,0,3,1,1,0,4,1,-1.00819e-306,585.052,585.055,74.0576,76.0717,5612.77,96.5169
79.5,35,0,3,1,1,0,4,1,-8.33213e-307,585.05,585.054,74.0574,74.5052,5614.75,96.5643
79.52,35,0,3,1,1,0,4,1,-6.88606e-307,585.049,585.052,74.0572,75.0904,5602.64,96.3274
79.54,35,0,3,1,1,0,4,1,-5.69096e-307,585.048,585.051,74.0571,73.115,5622.24,96.5223
79.56,35,0,3,1,1,0,4,1,-4.70327e-307,585.046,585.05,74.0569,73.2603,5619.85,96.5896
79.58,35,0,3,1,1,0,4,1,-3.887e-307,585.045,585.048,74.0567,75.5973,5618.82,96.3456
79.6,35,0,3,1,1,0,4,1,-3.2124e-307,585.044,585.047,74.0566,73.7863,5606.5,96.4393
79.62,35,0,3,1,1,0,4,1,-2.65487e-307,585.042,585.046,74.0564,76.4631,5620.43,96.5016
79.64,35,0,3,1,1,0,4,1,-2.19411e-307,585.041,585.044,74.0562,72.9226,5612.18,96.3804
79.66,35,0,3,1,1,0,4,1,-1.81331e-307,585.04,585.043,74.0561,72.2184,5619.21,96.7555
79.68,35,0,3,1,1,0,4,1,-1.49861e-307,585.038,585.042,74.0559,74.6735,5625.6,96.7769
79.7,35,0,3,1,1,0,4,1,-1.23852e-307,585.037,585.04,74.0557,75.4708,5611.37,96.456
79.72,35,0,3,1,1,0,4,1,-1.02357e-307,585.036,585.039,74.0556,77.4258,5617.6,96.4343
79.74,35,0,3,1,1,0,4,1,-8.45925e-308,585.034,585.038,74.0554,74.328,5609.97,96.4998
79.76,35,0,3,1,1,0,4,1,-6.99111e-308,585.033,585.036,74.0552,72.7424,5620.13,96.5488
79.78,35,0,3,1,1,0,4,1,-5.77778e-308,585.032,585.035,74.0551,74.5918,5610.91,96.6817
79.8,35,0,3,1,1,0,4,1,-4.77502e-308,585.031,585.034,74.0549,75.4819,5617.14,96.4283
79.82,35,0,3,1,1,0,4,1,-3.9463e-308,585.029,585.033,74.0547,73.8068,5621.72,96.6725
79.84,35,0,3,1,1,0,4,1,-3.26141e-308,585.028,585.031,74.0546,73.339,5614.01,96.5493
79.86,35,0,3,1,1,0,4,1,-2.69538e-308,585.027,585.03,74.0544,73.8855,5623.41,96.5368
79.88,35,0,3,1,1,0,4,1,-2.22758e-308,585.025,585.029,74.0543,73.1589,5613.85,96.6984
79.9,35,0,3,1,1,0,4,1,-1.84098e-308,585.024,585.027,74.0541,72.2766,5615.32,96.5953
79.92,35,0,3,1,1,0,4,1,-1.52147e-308,585.023,585.026,74.0539,72.1284,5621.31,96.5835
79.94,35,0,3,1,1,0,4,1,-1.25741e-308,585.021,585.025,74.0538,76.6554,5613.57,96.3583
79.96,35,0,3,1,1,0,4,1,-1.03918e-308,585.02,585.023,74.0536,74.1616,5610,96.4019
79.98,35,0,3,1,1,0,4,1,-8.5883e-309,585.019,585.022,74.0534,72.6833,5607.25,96.5546
80,35,0,3,1,1,0,4,1,-7.09777e-309,585.018,585.021,74.0533,76.2003,5612.11,96.4694
80.02,35,0,3,1,1,0,3.98667,1,-5.86593e-309,585.016,585.019,74.0531,75.5512,5617.3,96.4478
80.04,35,0,3,1,1,0,3.97333,1,-4.84787e-309,585.014,585.018,74.0529,74.5499,5610.8,96.4218
80.06,35,0,3,1,1,0,3.96,1,-4.00651e-309,585.011,585.016,74.0526,73.2072,5612.09,96.3569
80.08,35,0,3,1,1,0,3.94667,1,-3.31116e-309,585.007,585.014,74.0523,71.8047,5620.91,96.6642
80.1,35,0,3,1,1,0,3.93333,1,-2.7365e-309,585.003,585.011,74.052,76.3262,5607.79,96.3608
80.12,35,0,3,1,1,0,3.92,1,-2.26157e-309,584.998,585.007,74.0515,73.97,5624.69,96.6503
80.14,35,0,3,1,1,0,3.90667,1,-1.86906e-309,584.992,585.003,74.051,72.9715,5623.03,96.5558
80.16,35,0,3,1,1,0,3.89333,1,-1.54468e-309,584.986,584.998,74.0504,72.3258,5619.03,96.4046
80.18,35,0,3,1,1,0,3.88,1,-1.2766e-309,584.979,584.993,74.0498,73.2316,5614.76,96.6061
80.2,35,0,3,1,1,0,3.86667,1,-1.05504e-309,584.972,584.987,74.049,73.4047,5614.45,96.354
80.22,35,0,3,1,1,0,3.85333,1,-8.71932e-310,584.964,584.981,74.0482,75.5849,5623.54,96.639
80.24,35,0,3,1,1,0,3.84,1,-7.20605e-310,584.955,584.973,74.0473,72.2752,5627.36,96.5673
80.26,35,0,3,1,1,0,3.82667,1,-5.95542e-310,584.945,584.965,74.0463,75.796,5616.1,96.769
80.28,35,0,3,1,1,0,3.81333,1,-4.92183e-310,584.935,584.957,74.0452,75.1642,5621.12,96.5527
80.3,35,0,3,1,1,0,3.8,1,-4.06763e-310,584.925,584.948,74.044,73.8872,5616.15,96.3935
80.32,35,0,3,1,1,0,3.78667,1,-3.36168e-310,584.913,584.938,74.0428,74.159,5621.83,96.326
80.34,35,0,3,1,1,0,3.77333,1,-2.77825e-310,584.901,584.928,74.0415,74.9089,5616.94,96.4648
80.36,35,0,3,1,1,0,3.76,1,-2.29607e-310,584.888,584.916,74.0401,70.4955,5624.14,96.6956
80.38,35,0,3,1,1,0,3.74667,1,-1.89758e-310,584.875,584.905,74.0386,76.9727,5614.47,96.5638
80.4,35,0,3,1,1,0,3.73333,1,-1.56825e-310,584.861,584.892,74.037,75.003,5613.2,96.4065
80.42,35,0,3,1,1,0,3.72,1,-1.29607e-310,584.846,584.879,74.0354,70.0258,5608.27,96.6343
80.44,35,0,3,1,1,0,3.70667,1,-1.07113e-310,584.831,584.866,74.0336,74.2967,5623.66,96.4845
80.46,35,0,3,1,1,0,3.69333,1,-8.85235e-311,584.815,584.851,74.0318,74.5697,5621.19,96.2324
80.48,35,0,3,1,1,0,3.68,1,-7.31599e-311,584.798,584.836,74.0299,73.574,5616.29,96.5496
80.5,35,0,3,1,1,0,3.66667,1,-6.04627e-311,584.781,584.821,74.0279,72.9464,5615.44,96.4563
80.52,35,0,3,1,1,0,3.65333,1,-4.99692e-311,584.763,584.804,74.0259,71.8497,5618.45,96.4244
80.54,35,0,3,1,1,0,3.64,1,-4.12968e-311,584.745,584.787,74.0237,74.4545,5632.63,96.3189
80.56,35,0,3,1,1,0,3.62667,1,-3.41296e-311,584.725,584.77,74.0215,73.0366,5618.9,96.4683
80.58,35,0,3,1,1,0,3.61333,1,-2.82063e-311,584.706,584.752,74.0192,77.308,5622.77,96.3104
80.6,35,0,3,1,1,0,3.6,1,-2.3311e-311,584.685,584.733,74.0168,73.9138,5617.76,96.5627
80.62,35,0,3,1,1,0,3.58667,1,-1.92653e-311,584.664,584.713,74.0143,73.417,5624.84,96.4714
80.64,35,0,3,1,1,0,3.57333,1,-1.59217e-311,584.642,584.693,74.0118,73.74,5620.17,96.1809
80.66,35,0,3,1,1,0,3.56,1,-1.31584e-311,584.62,584.672,74.0091,73.2547,5624.52,96.578
80.68,35,0,3,1,1,0,3.54667,1,-1.08748e-311,584.597,584.651,74.0064,72.9352,5615.75,96.4807
80.7,35,0,3,1,1,0,3.53333,1,-8.9874e-312,584.573,584.629,74.0036,76.1884,5609.12,96.5998
80.72,35,0,3,1,1,0,3.52,1,-7.4276e-312,584.549,584.606,74.0008,74.125,5619.24,96.4219
80.74,35,0,3,1,1,0,3.50667,1,-6.13851e-312,584.524,584.583,73.9978,75.5495,5622.09,96.4493
80.76,35,0,3,1,1,0,3.49333,1,-5.07315e-312,584.498,584.559,73.9948,74.7491,5623.1,96.7281
80.78,35,0,3,1,1,0,3.48,1,-4.19269e-312,584.472,584.534,73.9916,73.131,5618.84,96.5034
80.8,35,0,3,1,1,0,3.46667,1,-3.46503e-312,584.445,584.509,73.9884,73.1859,5613.04,96.4887
80.82,35,0,3,1,1,0,3.45333,1,-2.86366e-312,584.417,584.483,73.9852,71.1411,5612.09,96.6501
80.84,35,0,3,1,1,0,3.44,1,-2.36666e-312,584.389,584.456,73.9818,74.0796,5630.44,96.5177
80.86,35,0,3,1,1,0,3.42667,1,-1.95592e-312,584.361,584.429,73.9783,74.3772,5621,96.8256
80.88,35,0,3,1,1,0,3.41333,1,-1.61646e-312,584.331,584.401,73.9748,75.8422,5625.72,96.4997
80.9,35,0,3,1,1,0,3.4,1,-1.33592e-312,584.301,584.373,73.9712,74.8458,5622.81,96.7757
80.92,35,0,3,1,1,0,3.38667,1,-1.10407e-312,584.27,584.343,73.9675,75.7612,5622.77,96.5436
80.94,35,0,3,1,1,0,3.37333,1,-9.12451e-313,584.239,584.314,73.9638,75.435,5621.5,96.6349
80.96,35,0,3,1,1,0,3.36,1,-7.54092e-313,584.207,584.283,73.9599,74.959,5622.17,96.1675
80.98,35,0,3,1,1,0,3.34667,1,-6.23216e-313,584.174,584.252,73.956,74.7089,5630.61,96.4285
81,35,0,3,1,1,0,3.33333,1,-5.15055e-313,584.141,584.221,73.952,71.6497,5624.33,96.3531
81.02,35,0,3,1,1,0,3.32,1,-4.25665e-313,584.107,584.188,73.9479,74.4123,5626.46,96.6593
81.04,35,0,3,1,1,0,3.30667,1,-3.51789e-313,584.073,584.155,73.9437,73.4656,5631.12,96.7324
81.06,35,0,3,1,1,0,3.29333,1,-2.90735e-313,584.038,584.122,73.9395,75.5093,5632.56,96.8098
81.08,35,0,3,1,1,0,3.28,1,-2.40277e-313,584.002,584.088,73.9351,72.5823,5626.24,96.8931
81.1,35,0,3,1,1,0,3.26667,1,-1.98576e-313,583.965,584.053,73.9307,75.5478,5626.37,96.7071
81.12,35,0,3,1,1,0,3.25333,1,-1.64112e-313,583.928,584.017,73.9262,73.0236,5614.32,97.1055
81.14,35,0,3,1,1,0,3.24,1,-1.3563e-313,583.891,583.981,73.9217,75.3984,5627.53,96.6149
81.16,35,0,3,1,1,0,3.22667,1,-1.12091e-313,583.852,583.944,73.917,74.9162,5626.21,96.5851
81.18,35,0,3,1,1,0,3.21333,1,-9.26371e-314,583.813,583.907,73.9123,73.2859,5626.13,96.4849
81.2,35,0,3,1,1,0,3.2,1,-7.65596e-314,583.774,583.869,73.9075,74.9743,5634.6,96.8222
81.22,35,0,3,1,1,0,3.18667,1,-6.32724e-314,583.734,583.831,73.9026,70.3252,5631.06,96.404
81.24,35,0,3,1,1,0,3.17333,1,-5.22912e-314,583.693,583.791,73.8976,72.8647,5634.33,96.5399
81.26,35,0,3,1,1,0,3.16,1,-4.32159e-314,583.651,583.751,73.8926,73.2557,5633.46,96.6866
81.28,35,0,3,1,1,0,3.14667,1,-3.57156e-314,583.609,583.711,73.8875,74.4515,5630.26,96.4847
81.3,35,0,3,1,1,0,3.13333,1,-2.9517e-314,583.567,583.67,73.8822,76.1792,5628.49,96.762
81.32,35,0,3,1,1,0,3.12,1,-2.43942e-314,583.523,583.628,73.877,73.3073,5631.71,96.7898
81.34,35,0,3,1,1,0,3.10667,1,-2.01605e-314,583.479,583.586,73.8716,73.7756,5626.32,96.7833
81.36,35,0,3,1,1,0,3.09333,1,-1.66616e-314,583.435,583.543,73.8661,74.1094,5631.34,96.4012
81.38,35,0,3,1,1,0,3.08,1,-1.37699e-314,583.389,583.499,73.8606,74.255,5629.56,96.7541
81.4,35,0,3,1,1,0,3.06667,1,-1.13801e-314,583.344,583.455,73.855,73.556,5620.97,96.8901
81.42,35,0,3,1,1,0,3.05333,1,-9.40504e-315,583.297,583.41,73.8493,74.5237,5632.77,96.7264
81.44,35,0,3,1,1,0,3.04,1,-7.77276e-315,583.25,583.364,73.8436,74.2489,5636.2,96.419
81.46,35,0,3,1,1,0,3.02667,1,-6.42377e-315,583.202,583.318,73.8377,71.7266,5635.21,96.7837
81.48,35,0,3,1,1,0,3.01333,1,-5.3089e-315,583.154,583.271,73.8318,73.8916,5621.51,96.5702
81.5,35,0,3,1,1,0,3,1,-4.38752e-315,583.105,583.224,73.8258,71.8808,5633.18,96.7469
81.52,35,0,3,1,1,0,2.98667,1,-3.62605e-315,583.055,583.176,73.8197,72.109,5636.56,96.6443
81.54,35,0,3,1,1,0,2.97333,1,-2.99674e-315,583.005,583.127,73.8136,72.8314,5630.1,96.5883
81.56,35,0,3,1,1,0,2.96,1,-2.47664e-315,582.954,583.078,73.8073,72.5,5639.08,96.5296
81.58,35,0,3,1,1,0,2.94667,1,-2.04681e-315,582.903,583.028,73.801,72.0736,5630.53,96.7711
81.6,35,0,3,1,1,0,2.93333,1,-1.69158e-315,582.851,582.978,73.7946,74.9058,5631.58,96.8702
81.62,35,0,3,1,1,0,2.92,1,-1.398e-315,582.798,582.927,73.7882,73.8096,5641.66,97.1296
81.64,35,0,3,1,1,0,2.90667,1,-1.15537e-315,582.745,582.875,73.7816,74.3436,5628.35,96.8034
81.66,35,0,3,1,1,0,2.89333,1,-9.54852e-316,582.691,582.822,73.775,74.6842,5633.51,97.0789
81.68,35,0,3,1,1,0,2.88,1,-7.89134e-316,582.637,582.769,73.7683,72.6843,5648.53,96.9932
81.7,35,0,3,1,1,0,2.86667,1,-6.52177e-316,582.581,582.716,73.7615,75.5758,5645.52,96.603
81.72,35,0,3,1,1,0,2.85333,1,-5.38989e-316,582.526,582.662,73.7546,72.7447,5634.2,96.7583
81.74,35,0,3,1,1,0,2.84,1,-4.45446e-316,582.469,582.607,73.7477,76.9732,5635.21,96.6919
81.76,35,0,3,1,1,0,2.82667,1,-3.68137e-316,582.412,582.551,73.7407,73.5986,5638.5,97.0581
81.78,35,0,3,1,1,0,2.81333,1,-3.04245e-316,582.355,582.495,73.7336,72.9108,5635.73,97.1635
81.8,35,0,3,1,1,0,2.8,1,-2.51442e-316,582.296,582.439,73.7264,75.4343,5638.84,96.6341
81.82,35,0,3,1,1,0,2.78667,1,-2.07804e-316,582.238,582.381,73.7192,73.8666,5640.75,96.8431
81.84,35,0,3,1,1,0,2.77333,1,-1.71739e-316,582.178,582.323,73.7118,74.8268,5637.42,97.0239
81.86,35,0,3,1,1,0,2.76,1,-1.41933e-316,582.118,582.265,73.7044,74.8603,5639.34,96.8744
81.88,35,0,3,1,1,0,2.74667,1,-1.173e-316,582.057,582.206,73.6969,74.9267,5640.41,96.6395
81.9,35,0,3,1,1,0,2.73333,1,-9.69419e-317,581.996,582.146,73.6894,74.1261,5636.75,97.1477
81.92,35,0,3,1,1,0,2.72,1,-8.01173e-317,581.934,582.086,73.6817,74.061,5640.15,96.9963
81.94,35,0,3,1,1,0,2.70667,1,-6.62127e-317,581.872,582.025,73.674,74.5154,5640.86,96.8724
81.96,35,0,3,1,1,0,2.69333,1,-5.47212e-317,581.809,581.963,73.6662,72.6028,5638.29,96.8529
81.98,35,0,3,1,1,0,2.68,1,-4.52241e-317,581.745,581.901,73.6583,76.3775,5644.51,96.8306
82,35,0,3,1,1,0,2.66667,1,-3.73753e-317,581.681,581.838,73.6504,71.8564,5638.6,97.0358
82.02,35,0,3,1,1,0,2.65333,1,-3.08887e-317,581.616,581.775,73.6423,74.5298,5639.75,97.0085
82.04,35,0,3,1,1,0,2.64,1,-2.55278e-317,581.55,581.71,73.6342,73.639,5644.46,96.7635
82.06,35,0,3,1,1,0,2.62667,1,-2.10974e-317,581.484,581.646,73.6261,72.3368,5644.84,97.3196
82.08,35,0,3,1,1,0,2.61333,1,-1.74359e-317,581.417,581.581,73.6178,75.7138,5654.17,96.7269
82.1,35,0,3,1,1,0,2.6,1,-1.44098e-317,581.35,581.515,73.6095,73.2098,5646.13,97.0397
82.12,35,0,3,1,1,0,2.58667,1,-1.19089e-317,581.282,581.448,73.601,72.5123,5651.63,96.9851
82.14,35,0,3,1,1,0,2.57333,1,-9.84209e-318,581.213,581.381,73.5925,70.2449,5651.92,97.0053
82.16,35,0,3,1,1,0,2.56,1,-8.13396e-318,581.144,581.313,73.584,71.3389,5651.13,97.0337
82.18,35,0,3,1,1,0,2.54667,1,-6.72228e-318,581.074,581.245,73.5753,72.0449,5638.28,96.9481
82.2,35,0,3,1,1,0,2.53333,1,-5.55561e-318,581.004,581.176,73.5666,75.7443,5657.82,97.0648
82.22,35,0,3,1,1,0,2.52,1,-4.59141e-318,580.933,581.107,73.5578,73.8722,5663.79,97.0197
82.24,35,0,3,1,1,0,2.50667,1,-3.79455e-318,580.861,581.037,73.5489,72.2469,5652.05,97.223
82.26,35,0,3,1,1,0,2.49333,1,-3.13599e-318,580.789,580.966,73.54,74.4001,5647.19,97.2353
82.28,35,0,3,1,1,0,2.48,1,-2.59173e-318,580.716,580.895,73.531,76.9437,5655.03,97.3598
82.3,35,0,3,1,1,0,2.46667,1,-2.14193e-318,580.642,580.823,73.5218,72.6108,5652.77,97.3109
82.32,35,0,3,1,1,0,2.45333,1,-1.77019e-318,580.568,580.75,73.5127,73.6255,5662.45,97.2011
82.34,35,0,3,1,1,0,2.44,1,-1.46296e-318,580.494,580.677,73.5034,73.5065,5655.33,97.1515
82.36,35,0,3,1,1,0,2.42667,1,-1.20906e-318,580.418,580.603,73.4941,72.3059,5654.77,97.2673
82.38,35,0,3,1,1,0,2.41333,1,-9.99223e-319,580.343,580.529,73.4847,73.6075,5663.84,97.1342
82.4,35,0,3,1,1,0,2.4,1,-8.25806e-319,580.266,580.454,73.4752,75.2381,5648.32,97.1241
82.42,35,0,3,1,1,0,2.38667,1,-6.82483e-319,580.189,580.378,73.4656,71.6283,5651.67,97.1674
82.44,35,0,3,1,1,0,2.37333,1,-5.64035e-319,580.111,580.302,73.456,74.0462,5657.02,97.1477
82.46,35,0,3,1,1,0,2.36,1,-4.66146e-319,580.033,580.225,73.4462,73.493,5654.77,97.3224
82.48,35,0,3,1,1,0,2.34667,1,-3.8525e-319,579.954,580.148,73.4365,72.6757,5664.68,97.3
82.5,35,0,3,1,1,0,2.33333,1,-3.18386e-319,579.875,580.07,73.4266,72.1634,5658.86,97.0211
82.52,35,0,3,1,1,0,2.32,1,-2.6313e-319,579.795,579.991,73.4166,73.5727,5660.02,97.3669
82.54,35,0,3,1,1,0,2.30667,1,-2.17463e-319,579.714,579.912,73.4066,75.2241,5659.96,97.1749
82.56,35,0,3,1,1,0,2.29333,1,-1.7972e-319,579.633,579.833,73.3965,73.0995,5662.81,97.3438
82.58,35,0,3,1,1,0,2.28,1,-1.4853e-319,579.551,579.752,73.3864,73.6777,5658.78,97.1665
82.6,35,0,3,1,1,0,2.26667,1,-1.2275e-319,579.468,579.671,73.3761,73.6797,5654.25,97.1467
82.62,35,0,3,1,1,0,2.25333,1,-1.01446e-319,579.385,579.59,73.3658,71.1507,5668.95,97.3479
82.64,35,0,3,1,1,0,2.24,1,-8.384e-320,579.302,579.508,73.3554,72.8971,5664.49,97.329
82.66,35,0,3,1,1,0,2.22667,1,-6.929e-320,579.218,579.425,73.3449,74.1617,5665.45,97.3295
82.68,35,0,3,1,1,0,2.21333,1,-5.726e-320,579.133,579.341,73.3344,72.1183,5663.7,97.4907
82.7,35,0,3,1,1,0,2.2,1,-4.732e-320,579.047,579.258,73.3237,72.9126,5673.04,97.6638
82.72,35,0,3,1,1,0,2.18667,1,-3.9105e-320,578.961,579.173,73.313,74.2638,5668.27,97.6092
82.74,35,0,3,1,1,0,2.17333,1,-3.2317e-320,578.875,579.088,73.3023,73.7939,5661.1,97.2722
82.76,35,0,3,1,1,0,2.16,1,-2.6704e-320,578.787,579.002,73.2914,74.3114,5664.44,97.3092
82.78,35,0,3,1,1,0,2.14667,1,-2.207e-320,578.7,578.916,73.2805,73.7745,5667.45,97.4918
82.8,35,0,3,1,1,0,2.13333,1,-1.824e-320,578.611,578.829,73.2695,71.7329,5677.35,97.575
82.82,35,0,3,1,1,0,2.12,1,-1.5074e-320,578.522,578.741,73.2584,71.6602,5673.11,97.5042
82.84,35,0,3,1,1,0,2.10667,1,-1.246e-320,578.433,578.653,73.2473,72.5724,5668.62,97.3515
82.86,35,0,3,1,1,0,2.09333,1,-1.03e-320,578.343,578.565,73.236,74.8221,5665.12,97.423
82.88,35,0,3,1,1,0,2.08,1,-8.513e-321,578.252,578.475,73.2247,73.7957,5671.92,97.653
82.9,35,0,3,1,1,0,2.06667,1,-7.035e-321,578.161,578.386,73.2134,73.5811,5667.84,97.5352
82.92,35,0,3,1,1,0,2.05333,1,-5.815e-321,578.069,578.295,73.2019,73.1054,5671.86,97.5138
82.94,35,0,3,1,1,0,2.04,1,-4.807e-321,577.976,578.204,73.1904,73.9011,5675.15,97.4844
82.96,35,0,3,1,1,0,2.02667,1,-3.977e-321,577.883,578.112,73.1788,71.7071,5669.66,97.2444
82.98,35,0,3,1,1,0,2.01333,1,-3.286e-321,577.789,578.02,73.1671,74.5248,5676.59,97.6341
83,35,0,3,1,1,0,2,1,-2.717e-321,577.695,577.927,73.1554,73.3775,5679.12,97.6193
83.02,35,0,3,1,1,0,1.98667,1,-2.25e-321,577.6,577.834,73.1435,70.7644,5679.27,97.6665
83.04,35,0,3,1,1,0,1.97333,1,-1.86e-321,577.505,577.74,73.1316,73.8022,5681.06,97.497
83.06,35,0,3,1,1,0,1.96,1,-1.537e-321,577.409,577.645,73.1197,73.5532,5672.91,97.6055
83.08,35,0,3,1,1,0,1.94667,1,-1.27e-321,577.312,577.55,73.1076,74.1919,5678.77,97.6764
83.1,35,0,3,1,1,0,1.93333,1,-1.05e-321,577.215,577.454,73.0955,74.0341,5685.22,97.5784
83.12,35,0,3,1,1,0,1.92,1,-8.7e-322,577.117,577.358,73.0833,75.241,5672.99,97.7592
83.14,35,0,3,1,1,0,1.90667,1,-7.16e-322,577.019,577.261,73.071,71.2551,5676.4,97.7294
83.16,35,0,3,1,1,0,1.89333,1,-5.93e-322,576.92,577.164,73.0587,72.9019,5685.26,97.5058
83.18,35,0,3,1,1,0,1.88,1,-4.9e-322,576.82,577.066,73.0463,73.3812,5686.08,97.6133
83.2,35,0,3,1,1,0,1.86667,1,-4.05e-322,576.72,576.967,73.0338,73.7981,5678.61,97.6625
83.22,35,0,3,1,1,0,1.85333,1,-3.36e-322,576.619,576.868,73.0212,72.0907,5683.79,97.6244
83.24,35,0,3,1,1,0,1.84,1,-2.77e-322,576.518,576.768,73.0086,71.507,5686.51,97.7946
83.26,35,0,3,1,1,0,1.82667,1,-2.27e-322,576.416,576.667,72.9959,72.7844,5686.03,97.9551
83.28,35,0,3,1,1,0,1.81333,1,-1.9e-322,576.314,576.566,72.9831,75.6925,5689.72,97.7909
83.3,35,0,3,1,1,0,1.8,1,-1.6e-322,576.211,576.465,72.9702,71.8457,5686.41,97.8776
83.32,35,0,3,1,1,0,1.78667,1,-1.3e-322,576.107,576.363,72.9573,75.0168,5690.21,97.814
83.34,35,0,3,1,1,0,1.77333,1,-1.1e-322,576.003,576.26,72.9443,73.0472,5696.82,97.6829
83.36,35,0,3,1,1,0,1.76,1,-9e-323,575.898,576.157,72.9312,71.6399,5695.43,97.72
83.38,35,0,3,1,1,0,1.74667,1,-7.4e-323,575.793,576.053,72.9181,72.5003,5703.28,97.7737
83.4,35,0,3,1,1,0,1.73333,1,-6.4e-323,575.687,575.948,72.9048,75.0663,5695.38,97.8667
83.42,35,0,3,1,1,0,1.72,1,-5.4e-323,575.58,575.843,72.8915,71.0677,5697.19,97.8002
83.44,35,0,3,1,1,0,1.70667,1,-4.4e-323,575.473,575.737,72.8782,73.2991,5699.11,97.772
83.46,35,0,3,1,1,0,1.69333,1,-3.5e-323,575.365,575.631,72.8647,72.2626,5704.61,98.0074
83.48,35,0,3,1,1,0,1.68,1,-2.5e-323,575.257,575.524,72.8512,72.79,5697,98.0009
83.5,35,0,3,1,1,0,1.66667,1,-2.5e-323,575.148,575.417,72.8376,72.4671,5699.84,97.6366
83.52,35,0,3,1,1,0,1.65333,1,-2.5e-323,575.039,575.309,72.8239,70.9737,5705.55,97.8013
83.54,35,0,3,1,1,0,1.64,1,-2.5e-323,574.929,575.201,72.8102,71.4148,5702.29,98.0167
83.56,35,0,3,1,1,0,1.62667,1,-2.5e-323,574.818,575.091,72.7964,72.0076,5702.65,97.748
83.58,35,0,3,1,1,0,1.61333,1,-2.5e-323,574.707,574.982,72.7825,74.0445,5710.81,97.807
83.6,35,0,3,1,1,0,1.6,1,-2.5e-323,574.595,574.872,72.7685,74.61,5707.44,98.0232
83.62,35,0,3,1,1,0,1.58667,1,-2.5e-323,574.483,574.761,72.7545,71.4215,5696.77,98.0551
83.64,35,0,3,1,1,0,1.57333,1,-2.5e-323,574.37,574.649,72.7404,73.7266,5703.48,98.0364
83.66,35,0,3,1,1,0,1.56,1,-2.5e-323,574.257,574.537,72.7262,71.9531,5715.36,97.9238
83.68,35,0,3,1,1,0,1.54667,1,-2.5e-323,574.143,574.425,72.712,73.9859,5705.79,98.2662
83.7,35,0,3,1,1,0,1.53333,1,-2.5e-323,574.028,574.312,72.6977,75.0613,5704.34,98.0276
83.72,35,0,3,1,1,0,1.52,1,-2.5e-323,573.913,574.198,72.6833,73.3428,5713.57,98.1095
83.74,35,0,3,1,1,0,1.50667,1,-2.5e-323,573.798,574.084,72.6688,73.9585,5714.94,98.1325
83.76,35,0,3,1,1,0,1.49333,1,-2.5e-323,573.681,573.969,72.6543,73.5528,5705.46,98.0605
83.78,35,0,3,1,1,0,1.48,1,-2.5e-323,573.564,573.853,72.6397,75.8718,5707.19,98.2519
83.8,35,0,3,1,1,0,1.46667,1,-2.5e-323,573.447,573.737,72.625,71.7358,5715.91,98.1019
83.82,35,0,3,1,1,0,1.45333,1,-2.5e-323,573.329,573.621,72.6102,71.2088,5715.43,98.1529
83.84,35,0,3,1,1,0,1.44,1,-2.5e-323,573.21,573.504,72.5954,71.6727,5705.84,98.3592
83.86,35,0,3,1,1,0,1.42667,1,-2.5e-323,573.091,573.386,72.5805,73.5465,5721.23,98.0681
83.88,35,0,3,1,1,0,1.41333,1,-2.5e-323,572.972,573.268,72.5655,75.6967,5714.97,98.2876
83.9,35,0,3,1,1,0,1.4,1,-2.5e-323,572.851,573.149,72.5505,75.6519,5720.65,97.9025
83.92,35,0,3,1,1,0,1.38667,1,-2.5e-323,572.731,573.029,72.5354,72.4759,5723.82,98.1002
83.94,35,0,3,1,1,0,1.37333,1,-2.5e-323,572.609,572.909,72.5202,72.9096,5726.1,98.3232
83.96,35,0,3,1,1,0,1.36,1,-2.5e-323,572.487,572.789,72.5049,70.5448,5720.74,98.3317
83.98,35,0,3,1,1,0,1.34667,1,-2.5e-323,572.365,572.668,72.4896,71.4875,5716.51,98.5111
84,35,0,3,1,1,0,1.33333,1,-2.5e-323,572.242,572.546,72.4742,72.6707,5720.32,98.67
84.02,35,0,3,1,1,0,1.32,1,-2.5e-323,572.118,572.424,72.4587,70.1502,5722.97,98.2478
84.04,35,0,3,1,1,0,1.30667,1,-2.5e-323,571.994,572.301,72.4432,71.4321,5730.44,98.3092
84.06,35,0,3,1,1,0,1.29333,1,-2.5e-323,571.869,572.178,72.4276,69.6427,5732.63,98.2455
84.08,35,0,3,1,1,0,1.28,1,-2.5e-323,571.744,572.054,72.4119,70.8836,5728.67,98.343
84.1,35,0,3,1,1,0,1.26667,1,-2.5e-323,571.618,571.929,72.3961,70.4544,5726.98,98.5302
84.12,35,0,3,1,1,0,1.25333,1,-2.5e-323,571.491,571.804,72.3803,72.5831,5728.02,98.3318
84.14,35,0,3,1,1,0,1.24,1,-2.5e-323,571.364,571.679,72.3644,71.765,5729.26,98.381
84.16,35,0,3,1,1,0,1.22667,1,-2.5e-323,571.237,571.552,72.3484,73.8186,5738.03,98.6067
84.18,35,0,3,1,1,0,1.21333,1,-2.5e-323,571.108,571.426,72.3324,71.44,5738.26,98.2164
84.2,35,0,3,1,1,0,1.2,1,-2.5e-323,570.98,571.298,72.3162,72.4665,5735.08,98.7122
84.22,35,0,3,1,1,0,1.18667,1,-2.5e-323,570.85,571.17,72.3001,73.4606,5732.14,98.5852
84.24,35,0,3,1,1,0,1.17333,1,-2.5e-323,570.721,571.042,72.2838,71.2417,5732.84,98.6826
84.26,35,0,3,1,1,0,1.16,1,-2.5e-323,570.59,570.913,72.2675,73.291,5732.98,98.6671
84.28,35,0,3,1,1,0,1.14667,1,-2.5e-323,570.459,570.783,72.2511,74.4019,5732.84,98.7067
84.3,35,0,3,1,1,0,1.13333,1,-2.5e-323,570.328,570.653,72.2346,71.7433,5736.79,98.4649
84.32,35,0,3,1,1,0,1.12,1,-2.5e-323,570.196,570.523,72.2181,70.7128,5739.31,98.6807
84.34,35,0,3,1,1,0,1.10667,1,-2.5e-323,570.063,570.391,72.2014,74.3985,5744.32,98.3516
84.36,35,0,3,1,1,0,1.09333,1,-2.5e-323,569.93,570.26,72.1848,68.8468,5742.9,98.5743
84.38,35,0,3,1,1,0,1.08,1,-2.5e-323,569.796,570.127,72.168,74.3411,5742.41,98.7189
84.4,35,0,3,1,1,0,1.06667,1,-2.5e-323,569.662,569.994,72.1512,71.3112,5741.57,98.5903
84.42,35,0,3,1,1,0,1.05333,1,-2.5e-323,569.527,569.861,72.1343,71.8854,5745.43,98.6608
84.44,35,0,3,1,1,0,1.04,1,-2.5e-323,569.391,569.727,72.1173,72.183,5743.94,98.811
84.46,35,0,3,1,1,0,1.02667,1,-2.5e-323,569.255,569.592,72.1003,69.6772,5744.8,98.8649
84.48,35,0,3,1,1,0,1.01333,1,-2.5e-323,569.119,569.457,72.0832,73.1583,5743.44,98.8288
84.5,35,0,3,1,1,0,1,1,-2.5e-323,568.982,569.321,72.066,71.7186,5739.77,98.6801
84.52,35,0,3,1,1,0,0.986667,1,-2.5e-323,568.844,569.185,72.0488,72.1772,5752.02,98.6934
84.54,35,0,3,1,1,0,0.973333,1,-2.5e-323,568.706,569.048,72.0314,70.8893,5743.95,98.584
84.56,35,0,3,1,1,0,0.96,1,-2.5e-323,568.567,568.911,72.0141,73.5601,5759.34,98.9875
84.58,35,0,3,1,1,0,0.946667,1,-2.5e-323,568.428,568.773,71.9966,70.7732,5751.75,99.0462
84.6,35,0,3,1,1,0,0.933333,1,-2.5e-323,568.288,568.635,71.9791,70.7663,5758.02,98.85
84.62,35,0,3,1,1,0,0.92,1,-2.5e-323,568.148,568.496,71.9615,72.2927,5752.89,98.9374
84.64,35,0,3,1,1,0,0.906667,1,-2.5e-323,568.007,568.356,71.9438,73.4179,5763.82,98.6264
84.66,35,0,3,1,1,0,0.893333,1,-2.5e-323,567.865,568.216,71.9261,71.4304,5753.16,98.8818
84.68,35,0,3,1,1,0,0.88,1,-2.5e-323,567.723,568.075,71.9083,72.1492,5758.37,98.9503
84.7,35,0,3,1,1,0,0.866667,1,-2.5e-323,567.581,567.934,71.8904,74.5851,5762.06,99.1099
84.72,35,0,3,1,1,0,0.853333,1,-2.5e-323,567.438,567.792,71.8724,74.5757,5773.25,99.0423
84.74,35,0,3,1,1,0,0.84,1,-2.5e-323,567.294,567.65,71.8544,70.8491,5771.02,98.8265
84.76,35,0,3,1,1,0,0.826667,1,-2.5e-323,567.15,567.507,71.8363,70.0104,5755.34,98.8148
84.78,35,0,3,1,1,0,0.813333,1,-2.5e-323,567.005,567.364,71.8182,70.4847,5763.82,99.1842
84.8,35,0,3,1,1,0,0.8,1,-2.5e-323,566.859,567.22,71.8,72.0303,5773.33,98.9939
84.82,35,0,3,1,1,0,0.786667,1,-2.5e-323,566.714,567.075,71.7817,74.4298,5763.84,98.8954
84.84,35,0,3,1,1,0,0.773333,1,-2.5e-323,566.567,566.93,71.7633,70.3343,5767.51,99.0995
84.86,35,0,3,1,1,0,0.76,1,-2.5e-323,566.42,566.785,71.7449,71.9076,5770.9,99.1209
84.88,35,0,3,1,1,0,0.746667,1,-2.5e-323,566.273,566.638,71.7264,72.9523,5772.92,98.9715
84.9,35,0,3,1,1,0,0.733333,1,-2.5e-323,566.125,566.492,71.7078,73.8476,5786.09,99.2376
84.92,35,0,3,1,1,0,0.72,1,-2.5e-323,565.976,566.344,71.6892,71.1694,5780.23,99.4589
84.94,35,0,3,1,1,0,0.706667,1,-2.5e-323,565.827,566.197,71.6705,71.8596,5784.53,99.0129
84.96,35,0,3,1,1,0,0.693333,1,-2.5e-323,565.677,566.048,71.6517,69.1553,5772.34,99.1756
84.98,35,0,3,1,1,0,0.68,1,-2.5e-323,565.527,565.899,71.6328,70.7085,5774.57,99.4899
85,0,0,3,1,1,0,0.666667,1,-2.5e-323,0,557.429,70.5606,73.5445,5780.45,99.2075
85.02,0,0,3,1,1,0,0.653333,1,-2.5e-323,0,520.991,65.9483,70.8522,5775.32,99.2072
85.04,0,0,3,1,1,0,0.64,1,-2.5e-323,0,465.132,58.8775,67.4834,5784.56,99.5547
85.06,0,0,3,1,1,0,0.626667,1,-2.5e-323,0,395.785,50.0994,62.4971,5789.4,99.2184
85.08,0,0,3,1,1,0,0.613333,1,-2.5e-323,0,317.072,40.1357,52.8428,5785.78,99.4798
85.1,0,0,3,1,1,0,0.6,1,-2.5e-323,0,231.855,29.3487,44.8315,5778.25,99.5016
85.12,0,0,3,1,1,0,0.586667,1,-2.5e-323,0,161.01,20.381,35.8297,5780.94,99.3174
85.14,0,0,3,1,1,0,0.573333,1,-2.5e-323,0,111.813,14.1535,28.2101,5788.41,99.5831
85.16,0,0,3,1,1,0,0.56,1,-2.5e-323,0,77.6477,9.82882,22.1866,5789.17,99.3987
85.18,0,0,3,1,1,0,0.546667,1,-2.5e-323,0,53.922,6.82557,17.1291,5783.68,99.1101
85.2,0,0,3,1,1,0,0.533333,1,-2.5e-323,0,37.4458,4.73998,12.4915,5780.3,99.5326
85.22,0,0,3,1,1,0,0.52,1,-2.5e-323,0,26.004,3.29165,8.85671,5774.02,99.0287
85.24,0,0,3,1,1,0,0.506667,1,-2.5e-323,0,18.0584,2.28587,4.05917,5779.2,99.359
85.26,0,0,3,1,1,0,0.493333,1,-2.5e-323,0,12.5405,1.58741,4.06914,5778.59,99.3508
85.28,0,0,3,1,1,0,0.48,1,-2.5e-323,0,8.7087,1.10237,4.21242,5764.61,99.3721
85.3,0,0,3,1,1,0,0.466667,1,-2.5e-323,0,6.04771,0.765533,2.45951,5783.58,99.1174
85.32,0,0,3,1,1,0,0.453333,1,-2.5e-323,0,4.1998,0.53162,2.00629,5773.68,99.0638
85.34,0,0,3,1,1,0,0.44,1,-2.5e-323,0,2.91653,0.369181,1.80395,5773.63,99.3113
85.36,0,0,3,1,1,0,0.426667,1,-2.5e-323,0,2.02537,0.256375,1.48172,5771.29,99.0294
85.38,0,0,3,1,1,0,0.413333,1,-2.5e-323,0,1.4065,0.178038,0.489861,5758.6,99.1531
85.4,0,0,3,1,1,0,0.4,1,-2.5e-323,0,0.976739,0.123638,-0.106759,5770.67,98.941
85.42,0,0,3,1,1,0,0.386667,1,-2.5e-323,0,0.678291,0.0858596,0.343793,5771.92,98.9962
85.44,0,0,3,1,1,0,0.373333,1,-2.5e-323,0,0.471035,0.0596247,-0.481334,5775.11,99.2636
85.46,0,0,3,1,1,0,0.36,1,-2.5e-323,0,0.327108,0.0414061,0.0108689,5775.78,99.2304
85.48,0,0,3,1,1,0,0.346667,1,-2.5e-323,0,0.227158,0.0287542,-1.31308,5770.69,99.1479
85.5,0,0,3,1,1,0,0.333333,1,-2.5e-323,0,0.157749,0.0199682,-2.17793,5766.09,99.0045
85.52,0,0,3,1,1,0,0.32,1,-2.5e-323,0,0.109548,0.0138668,1.07992,5763.87,98.9852
85.54,0,0,3,1,1,0,0.306667,1,-2.5e-323,0,0.0760748,0.00962973,-1.30607,5762.12,99.0915
85.56,0,0,3,1,1,0,0.293333,1,-2.5e-323,0,0.0528297,0.00668731,-3.78982,5766.6,98.7402
85.58,0,0,3,1,1,0,0.28,1,-2.5e-323,0,0.0366873,0.00464396,1.58493,5756.82,99.1718
85.6,0,0,3,1,1,0,0.266667,1,-2.5e-323,0,0.0254773,0.00322498,-0.502262,5760.99,98.7555
85.62,0,0,3,1,1,0,0.253333,1,-2.5e-323,0,0.0176926,0.00223957,2.20938,5746.74,98.6168
85.64,0,0,3,1,1,0,0.24,1,-2.5e-323,0,0.0122865,0.00155525,-0.0476209,5753.84,98.9148
85.66,0,0,3,1,1,0,0.226667,1,-2.5e-323,0,0.0085323,0.00108004,-3.9828,5754.62,98.6674
85.68,0,0,3,1,1,0,0.213333,1,-2.5e-323,0,0.00592521,0.000750026,-3.04436,5753.29,98.7974
85.7,0,0,3,1,1,0,0.2,1,-2.5e-323,0,0.00411473,0.000520852,1.92537,5751.93,99.0175
85.72,0,0,3,1,1,0,0.186667,1,-2.5e-323,0,0.00285745,0.000361702,1.68067,5754.68,98.8471
85.74,0,0,3,1,1,0,0.173333,1,-2.5e-323,0,0.00198434,0.000251182,1.33686,5755.52,98.7875
85.76,0,0,3,1,1,0,0.16,1,-2.5e-323,0,0.00137801,0.000174432,-0.484865,5749.43,98.4619
85.78,0,0,3,1,1,0,0.146667,1,-2.5e-323,0,0.000956954,0.000121133,-0.502797,5745.62,98.8177
85.8,0,0,3,1,1,0,0.133333,1,-2.5e-323,0,0.000664551,0.0000841204,1.27892,5747.26,99.0763
85.82,0,0,3,1,1,0,0.12,1,-2.5e-323,0,0.000461494,0.000058417,0.83631,5743.19,98.7448
85.84,0,0,3,1,1,0,0.106667,1,-2.5e-323,0,0.000320482,0.0000405673,-0.889273,5749.15,98.531
85.86,0,0,3,1,1,0,0.0933333,1,-2.5e-323,0,0.000222557,0.0000281718,0.0795664,5743.88,98.804
85.88,0,0,3,1,1,0,0.08,1,-2.5e-323,0,0.000154553,0.0000195637,-2.8097,5751.85,98.7803
85.9,0,0,3,1,1,0,0.0666667,1,-2.5e-323,0,0.000107329,0.0000135859,0.416562,5746.32,98.6613
85.92,0,0,3,1,1,0,0.0533333,1,-2.5e-323,0,0.0000745339,0.00000943467,-1.8032,5741.51,98.7612
85.94,0,0,3,1,1,0,0.04,1,-2.5e-323,0,0.0000517596,0.00000655185,-1.06089,5730.42,98.5895
85.96,0,0,3,1,1,0,0.0266667,1,-2.5e-323,0,0.0000359442,0.0000045499,-0.601689,5747.2,98.6136
85.98,0,0,3,1,1,0,0.0133333,1,-2.5e-323,0,0.0000249612,0.00000315965,-1.83091,5740.39,98.4441
86,0,0,3,1,1,0,0,1,-2.5e-323,0,0.0000173342,0.0000021942,0.549177,5731.7,98.624
86.02,0,0,3,1,1,0,0,1,-2.5e-323,0,0.0000120376,0.00000152375,0.746704,5741.08,98.5012
86.04,0,0,3,1,1,0,0,1,-2.5e-323,0,0.00000835947,0.00000105816,-1.93558,5734.94,98.4496
86.06,0,0,3,1,1,0,0,1,-2.5e-323,0,0.00000580519,7.34834e-7,-0.453438,5721.76,98.5722
86.08,0,0,3,1,1,0,0,1,-2.5e-323,0,0.00000403138,5.10301e-7,2.06967,5735.19,98.7699
86.1,0,0,3,1,1,0,0,1,-2.5e-323,0,0.00000279957,3.54376e-7,-1.53032,5733.99,98.2768
86.12,0,0,3,1,1,0,0,1,-2.5e-323,0,0.00000194415,2.46094e-7,1.9469,5726.63,98.5208
86.14,0,0,3,1,1,0,0,1,-2.5e-323,0,0.0000013501,1.70899e-7,0.0514179,5735.59,98.2826
86.16,0,0,3,1,1,0,0,1,-2.5e-323,0,9.3757e-7,1.1868e-7,0.983408,5730.75,98.4086
86.18,0,0,3,1,1,0,0,1,-2.5e-323,0,6.5109e-7,8.24165e-8,-2.3913,5730.66,98.5167
86.2,0,0,3,1,1,0,0,1,-2.5e-323,0,4.52146e-7,5.72337e-8,-0.0937262,5714.77,98.3209
86.22,0,0,3,1,1,0,0,1,-2.5e-323,0,3.1399e-7,3.97456e-8,1.17181,5733.26,98.1442
86.24,0,0,3,1,1,0,0,1,-2.5e-323,0,2.18049e-7,2.76011e-8,-1.48279,5718.74,98.5718
86.26,0,0,3,1,1,0,0,1,-2.5e-323,0,1.51423e-7,1.91674e-8,-2.06272,5721.01,98.2776
86.28,0,0,3,1,1,0,0,1,-2.5e-323,0,1.05155e-7,1.33107e-8,0.905881,5716.11,98.228
86.3,0,0,3,1,1,0,0,1,-2.5e-323,0,7.30241e-8,9.24356e-9,-0.930891,5715.62,98.5672
86.32,0,0,3,1,1,0,0,1,-2.5e-323,0,5.07112e-8,6.41914e-9,2.59067,5720.57,98.2666
86.34,0,0,3,1,1,0,0,1,-2.5e-323,0,3.52161e-8,4.45773e-9,-1.23228,5715.39,97.9795
86.36,0,0,3,1,1,0,0,1,-2.5e-323,0,2.44556e-8,3.09565e-9,-1.27538,5715.59,98.0474
86.38,0,0,3,1,1,0,0,1,-2.5e-323,0,1.69831e-8,2.14976e-9,-2.10629,5717.14,98.2988
86.4,0,0,3,1,1,0,0,1,-2.5e-323,0,1.17938e-8,1.49289e-9,0.474187,5719.05,98.3373
86.42,0,0,3,1,1,0,0,1,-2.5e-323,0,8.19014e-9,1.03673e-9,0.664579,5708.38,98.0572
86.44,0,0,3,1,1,0,0,1,-2.5e-323,0,5.6876e-9,7.19949e-10,-2.07368,5707.9,97.948
86.46,0,0,3,1,1,0,0,1,-2.5e-323,0,3.94972e-9,4.99965e-10,-1.29906,5713.64,97.8885
86.48,0,0,3,1,1,0,0,1,-2.5e-323,0,2.74286e-9,3.47198e-10,-0.942805,5707.75,98.3596
86.5,0,0,3,1,1,0,0,1,-2.5e-323,0,1.90476e-9,2.41109e-10,1.54198,5705.89,98.0177
86.52,0,0,3,1,1,0,0,1,-2.5e-323,0,1.32275e-9,1.67437e-10,-0.413383,5707.11,97.8068
86.54,0,0,3,1,1,0,0,1,-2.5e-323,0,9.18579e-10,1.16276e-10,-1.2114,5700.11,98.0984
86.56,0,0,3,1,1,0,0,1,-2.5e-323,0,6.37902e-10,8.07471e-11,-0.924614,5700.49,98.158
86.58,0,0,3,1,1,0,0,1,-2.5e-323,0,4.42987e-10,5.60744e-11,-1.59741,5713.72,97.9729
86.6,0,0,3,1,1,0,0,1,-2.5e-323,0,3.0763e-10,3.89405e-11,-0.121205,5705.56,97.876
86.62,0,0,3,1,1,0,0,1,-2.5e-323,0,2.13632e-10,2.7042e-11,-0.708893,5698.3,98.0193
86.64,0,0,3,1,1,0,0,1,-2.5e-323,0,1.48356e-10,1.87792e-11,-0.970377,5698.59,98.046
86.66,0,0,3,1,1,0,0,1,-2.5e-323,0,1.03025e-10,1.30411e-11,-1.13373,5702.53,97.8472
86.68,0,0,3,1,1,0,0,1,-2.5e-323,0,7.15449e-11,9.05632e-12,-0.171996,5701.55,98.0454
86.7,0,0,3,1,1,0,0,1,-2.5e-323,0,4.9684e-11,6.28911e-12,-2.53095,5700.76,97.6601
86.72,0,0,3,1,1,0,0,1,-2.5e-323,0,3.45028e-11,4.36744e-12,1.02587,5703.49,97.7641
86.74,0,0,3,1,1,0,0,1,-2.5e-323,0,2.39603e-11,3.03294e-12,1.08904,5692.8,97.4914
86.76,0,0,3,1,1,0,0,1,-2.5e-323,0,1.66391e-11,2.10621e-12,1.47683,5697.12,97.7378
86.78,0,0,3,1,1,0,0,1,-2.5e-323,0,1.15549e-11,1.46265e-12,-0.652597,5695.84,98.1368
86.8,0,0,3,1,1,0,0,1,-2.5e-323,0,8.02424e-12,1.01573e-12,0.494024,5691.31,97.8647
86.82,0,0,3,1,1,0,0,1,-2.5e-323,0,5.57239e-12,7.05366e-13,-2.64709,5680.02,97.7816
86.84,0,0,3,1,1,0,0,1,-2.5e-323,0,3.86972e-12,4.89837e-13,-1.35675,5692.96,97.5983
86.86,0,0,3,1,1,0,0,1,-2.5e-323,0,2.6873e-12,3.40165e-13,0.165949,5695.2,97.6942
86.88,0,0,3,1,1,0,0,1,-2.5e-323,0,1.86618e-12,2.36226e-13,0.867714,5685.36,97.769
86.9,0,0,3,1,1,0,0,1,-2.5e-323,0,1.29596e-12,1.64046e-13,-1.34634,5685.1,97.5223
86.92,0,0,3,1,1,0,0,1,-2.5e-323,0,8.99972e-13,1.13921e-13,-0.162713,5693.64,97.6925
86.94,0,0,3,1,1,0,0,1,-2.5e-323,0,6.24981e-13,7.91115e-14,0.0563999,5683.8,97.8021
86.96,0,0,3,1,1,0,0,1,-2.5e-323,0,4.34014e-13,5.49385e-14,-1.29178,5689.98,97.6602
86.98,0,0,3,1,1,0,0,1,-2.5e-323,0,3.01399e-13,3.81517e-14,-0.647803,5678.55,97.303
87,0,0,3,1,1,0,0,1,-2.5e-323,0,2.09305e-13,2.64943e-14,-0.461588,5677.71,97.4974
87.02,0,0,3,1,1,0,0,1,-2.5e-323,0,1.45351e-13,1.83988e-14,-1.77511,5681.79,97.2188
87.04,0,0,3,1,1,0,0,1,-2.5e-323,0,1.00938e-13,1.27769e-14,1.71402,5678.63,97.2747
87.06,0,0,3,1,1,0,0,1,-2.5e-323,0,7.00957e-14,8.87288e-15,-2.96922,5673.11,97.7463
87.08,0,0,3,1,1,0,0,1,-2.5e-323,0,4.86776e-14,6.16172e-15,0.166624,5673.27,97.2201
87.1,0,0,3,1,1,0,0,1,-2.5e-323,0,3.38039e-14,4.27897e-15,-0.745264,5678,97.8164
87.12,0,0,3,1,1,0,0,1,-2.5e-323,0,2.34749e-14,2.97151e-15,-1.7701,5675.3,97.5335
87.14,0,0,3,1,1,0,0,1,-2.5e-323,0,1.6302e-14,2.06355e-15,0.0890172,5682.09,97.4985
87.16,0,0,3,1,1,0,0,1,-2.5e-323,0,1.13209e-14,1.43302e-15,-0.449909,5671.97,97.3457
87.18,0,0,3,1,1,0,0,1,-2.5e-323,0,7.8617e-15,9.95152e-16,2.08662,5669.81,97.2948
87.2,0,0,3,1,1,0,0,1,-2.5e-323,0,5.45952e-15,6.91078e-16,-1.51087,5666.49,97.4275
87.22,0,0,3,1,1,0,0,1,-2.5e-323,0,3.79133e-15,4.79915e-16,-0.726802,5659.14,97.7294
87.24,0,0,3,1,1,0,0,1,-2.5e-323,0,2.63287e-15,3.33274e-16,2.34645,5667.97,97.5796
87.26,0,0,3,1,1,0,0,1,-2.5e-323,0,1.82838e-15,2.31441e-16,0.0608053,5672.71,97.3648
87.28,0,0,3,1,1,0,0,1,-2.5e-323,0,1.26971e-15,1.60723e-16,-0.206121,5664.46,97.5317
87.3,0,0,3,1,1,0,0,1,-2.5e-323,0,8.81742e-16,1.11613e-16,-0.801112,5665.99,97.3446
87.32,0,0,3,1,1,0,0,1,-2.5e-323,0,6.12321e-16,7.7509e-17,0.115009,5666.81,97.3528
87.34,0,0,3,1,1,0,0,1,-2.5e-323,0,4.25223e-16,5.38257e-17,-0.622497,5657.02,97.2016
87.36,0,0,3,1,1,0,0,1,-2.5e-323,0,2.95294e-16,3.7379e-17,-0.111631,5664.27,97.5144
87.38,0,0,3,1,1,0,0,1,-2.5e-323,0,2.05065e-16,2.59576e-17,1.13966,5659.37,97.0986
87.4,0,0,3,1,1,0,0,1,-2.5e-323,0,1.42406e-16,1.80261e-17,1.8697,5663.08,97.2842
87.42,0,0,3,1,1,0,0,1,-2.5e-323,0,9.88933e-17,1.25181e-17,0.812136,5648,97.1178
87.44,0,0,3,1,1,0,0,1,-2.5e-323,0,6.86759e-17,8.69315e-18,1.50645,5651.37,97.205
87.46,0,0,3,1,1,0,0,1,-2.5e-323,0,4.76916e-17,6.03691e-18,3.52848,5663.8,96.8209
87.48,0,0,3,1,1,0,0,1,-2.5e-323,0,3.31192e-17,4.1923e-18,1.30664,5658.62,97.2998
87.5,0,0,3,1,1,0,0,1,-2.5e-323,0,2.29994e-17,2.91132e-18,-0.379182,5649.15,96.8662
87.52,0,0,3,1,1,0,0,1,-2.5e-323,0,1.59718e-17,2.02175e-18,-2.21441,5642.02,96.9933
87.54,0,0,3,1,1,0,0,1,-2.5e-323,0,1.10915e-17,1.40399e-18,-1.20779,5650.59,96.9877
87.56,0,0,3,1,1,0,0,1,-2.5e-323,0,7.70246e-18,9.74995e-19,-0.971101,5650.85,97.1307
87.58,0,0,3,1,1,0,0,1,-2.5e-323,0,5.34893e-18,6.7708e-19,-0.51276,5657.11,96.9885
87.6,0,0,3,1,1,0,0,1,-2.5e-323,0,3.71453e-18,4.70194e-19,0.375171,5646.9,96.7678
87.62,0,0,3,1,1,0,0,1,-2.5e-323,0,2.57954e-18,3.26524e-19,-1.72178,5652.45,97.096
87.64,0,0,3,1,1,0,0,1,-2.5e-323,0,1.79135e-18,2.26753e-19,-2.28174,5653.1,97.0111
87.66,0,0,3,1,1,0,0,1,-2.5e-323,0,1.24399e-18,1.57467e-19,0.201561,5652.06,97.1092
87.68,0,0,3,1,1,0,0,1,-2.5e-323,0,8.63882e-19,1.09352e-19,-0.447377,5644.36,97.2052
87.7,0,0,3,1,1,0,0,1,-2.5e-323,0,5.99918e-19,7.5939e-20,-0.898771,5652.01,96.9894
87.72,0,0,3,1,1,0,0,1,-2.5e-323,0,4.1661e-19,5.27354e-20,1.48312,5648.18,96.7808
87.74,0,0,3,1,1,0,0,1,-2.5e-323,0,2.89312e-19,3.66218e-20,0.70753,5632.25,97.0299
87.76,0,0,3,1,1,0,0,1,-2.5e-323,0,2.00911e-19,2.54318e-20,2.40695,5643.8,96.8882
87.78,0,0,3,1,1,0,0,1,-2.5e-323,0,1.39522e-19,1.7661e-20,0.334686,5634.82,96.9627
87.8,0,0,3,1,1,0,0,1,-2.5e-323,0,9.68901e-20,1.22646e-20,-0.0814344,5636.85,96.6252
87.82,0,0,3,1,1,0,0,1,-2.5e-323,0,6.72848e-20,8.51706e-21,-0.243747,5639.05,96.8591
87.84,0,0,3,1,1,0,0,1,-2.5e-323,0,4.67255e-20,5.91463e-21,2.2235,5639.06,96.9902
87.86,0,0,3,1,1,0,0,1,-2.5e-323,0,3.24483e-20,4.10738e-21,0.830795,5633.75,96.557
87.88,0,0,3,1,1,0,0,1,-2.5e-323,0,2.25335e-20,2.85235e-21,0.839108,5638.36,96.888
87.9,0,0,3,1,1,0,0,1,-2.5e-323,0,1.56483e-20,1.9808e-21,-1.31674,5625.54,97.0387
87.92,0,0,3,1,1,0,0,1,-2.5e-323,0,1.08669e-20,1.37555e-21,-1.35034,5636.77,96.6136
87.94,0,0,3,1,1,0,0,1,-2.5e-323,0,7.54644e-21,9.55245e-22,0.997911,5634.27,96.4374
87.96,0,0,3,1,1,0,0,1,-2.5e-323,0,5.24058e-21,6.63365e-22,0.427869,5632.08,97.131
87.98,0,0,3,1,1,0,0,1,-2.5e-323,0,3.63929e-21,4.6067e-22,0.689204,5622.43,96.8575
88,0,0,3,1,1,0,0,1,-2.5e-323,0,2.52729e-21,3.1991e-22,1.95164,5626.63,96.7232
88.02,0,0,3,1,1,0,0,1,-2.5e-323,0,1.75506e-21,2.22159e-22,-0.32969,5627.04,96.4996
88.04,0,0,3,1,1,0,0,1,-2.5e-323,0,1.21879e-21,1.54277e-22,1.79666,5631.13,96.8508
88.06,0,0,3,1,1,0,0,1,-2.5e-323,0,8.46383e-22,1.07137e-22,1.17308,5628.86,96.7841
88.08,0,0,3,1,1,0,0,1,-2.5e-323,0,5.87766e-22,7.44008e-23,-0.3725,5633.37,96.6226
88.1,0,0,3,1,1,0,0,1,-2.5e-323,0,4.08171e-22,5.16672e-23,0.914735,5616.63,96.5157
88.12,0,0,3,1,1,0,0,1,-2.5e-323,0,2.83452e-22,3.588e-23,1.69112,5621.76,96.4511
88.14,0,0,3,1,1,0,0,1,-2.5e-323,0,1.96842e-22,2.49167e-23,-0.352395,5613.99,96.6798
88.16,0,0,3,1,1,0,0,1,-2.5e-323,0,1.36696e-22,1.73032e-23,1.77433,5623.22,96.3477
88.18,0,0,3,1,1,0,0,1,-2.5e-323,0,9.49275e-23,1.20161e-23,0.555816,5614.98,96.272
88.2,0,0,3,1,1,0,0,1,-2.5e-323,0,6.59219e-23,8.34454e-24,0.23955,5627.6,96.5415
88.22,0,0,3,1,1,0,0,1,-2.5e-323,0,4.57791e-23,5.79482e-24,1.27785,5613.84,96.6161
88.24,0,0,3,1,1,0,0,1,-2.5e-323,0,3.1791e-23,4.02418e-24,3.03751,5604.27,96.2816
88.26,0,0,3,1,1,0,0,1,-2.5e-323,0,2.20771e-23,2.79457e-24,-2.76679,5616.7,96.6426
88.28,0,0,3,1,1,0,0,1,-2.5e-323,0,1.53313e-23,1.94067e-24,0.373925,5609.91,96.3833
88.3,0,0,3,1,1,0,0,1,-2.5e-323,0,1.06468e-23,1.34769e-24,-0.736244,5603.63,96.3446
88.32,0,0,3,1,1,0,0,1,-2.5e-323,0,7.39358e-24,9.35896e-25,-2.7006,5608.77,96.347
88.34,0,0,3,1,1,0,0,1,-2.5e-323,0,5.13443e-24,6.49928e-25,-1.17444,5615.89,96.5697
88.36,0,0,3,1,1,0,0,1,-2.5e-323,0,3.56558e-24,4.51339e-25,-0.752517,5605.49,96.2239
88.38,0,0,3,1,1,0,0,1,-2.5e-323,0,2.47609e-24,3.1343e-25,0.0282754,5605.19,96.2609
88.4,0,0,3,1,1,0,0,1,-2.5e-323,0,1.71951e-24,2.17659e-25,2.38041,5600.69,96.5873
88.42,0,0,3,1,1,0,0,1,-2.5e-323,0,1.1941e-24,1.51152e-25,0.900203,5603.77,96.4532
88.44,0,0,3,1,1,0,0,1,-2.5e-323,0,8.29239e-25,1.04967e-25,1.4468,5612.95,96.5065
88.46,0,0,3,1,1,0,0,1,-2.5e-323,0,5.7586e-25,7.28937e-26,0.0302776,5609.66,96.2344
88.48,0,0,3,1,1,0,0,1,-2.5e-323,0,3.99903e-25,5.06206e-26,0.247179,5604.2,95.9642
88.5,0,0,3,1,1,0,0,1,-2.5e-323,0,2.7771e-25,3.51532e-26,0.279686,5590.33,96.3783
88.52,0,0,3,1,1,0,0,1,-2.5e-323,0,1.92854e-25,2.4412e-26,-1.64753,5606.39,96.3877
88.54,0,0,3,1,1,0,0,1,-2.5e-323,0,1.33927e-25,1.69527e-26,0.0110921,5587.68,95.9694
88.56,0,0,3,1,1,0,0,1,-2.5e-323,0,9.30047e-26,1.17727e-26,0.28605,5600.31,96.1777
88.58,0,0,3,1,1,0,0,1,-2.5e-323,0,6.45866e-26,8.17551e-27,-0.163403,5600.32,96.2528
88.6,0,0,3,1,1,0,0,1,-2.5e-323,0,4.48518e-26,5.67744e-27,-0.820102,5606.4,96.1642
88.62,0,0,3,1,1,0,0,1,-2.5e-323,0,3.11471e-26,3.94267e-27,1.86675,5600.46,96.277
88.64,0,0,3,1,1,0,0,1,-2.5e-323,0,2.16299e-26,2.73796e-27,1.31176,5593.28,96.1727
88.66,0,0,3,1,1,0,0,1,-2.5e-323,0,1.50208e-26,1.90136e-27,-0.121492,5599.29,96.2597
88.68,0,0,3,1,1,0,0,1,-2.5e-323,0,1.04311e-26,1.32039e-27,-1.55136,5590.28,95.814
88.7,0,0,3,1,1,0,0,1,-2.5e-323,0,7.24381e-27,9.16938e-28,0.850969,5592.01,95.9746
88.72,0,0,3,1,1,0,0,1,-2.5e-323,0,5.03043e-27,6.36763e-28,0.0378253,5589.28,96.1856
88.74,0,0,3,1,1,0,0,1,-2.5e-323,0,3.49335e-27,4.42196e-28,-1.73105,5587.81,96.0063
88.76,0,0,3,1,1,0,0,1,-2.5e-323,0,2.42594e-27,3.07081e-28,-3.54093,5590.97,96.094
88.78,0,0,3,1,1,0,0,1,-2.5e-323,0,1.68468e-27,2.13251e-28,-2.55127,5584.98,96.1478
88.8,0,0,3,1,1,0,0,1,-2.5e-323,0,1.16992e-27,1.48091e-28,-4.59637,5590.59,95.84
88.82,0,0,3,1,1,0,0,1,-2.5e-323,0,8.12442e-28,1.02841e-28,-0.841809,5585.99,95.6826
88.84,0,0,3,1,1,0,0,1,-2.5e-323,0,5.64196e-28,7.14172e-29,3.35559,5576.29,95.8477
88.86,0,0,3,1,1,0,0,1,-2.5e-323,0,3.91803e-28,4.95953e-29,0.22956,5587.96,95.782
88.88,0,0,3,1,1,0,0,1,-2.5e-323,0,2.72085e-28,3.44412e-29,-1.02293,5577.37,96.2036
88.9,0,0,3,1,1,0,0,1,-2.5e-323,0,1.88948e-28,2.39175e-29,-1.16896,5583.75,96.1116
88.92,0,0,3,1,1,0,0,1,-2.5e-323,0,1.31214e-28,1.66094e-29,0.0905419,5573.84,95.5246
88.94,0,0,3,1,1,0,0,1,-2.5e-323,0,9.11208e-29,1.15343e-29,-2.02954,5577.43,95.6986
88.96,0,0,3,1,1,0,0,1,-2.5e-323,0,6.32783e-29,8.00991e-30,0.135076,5578.39,96.0183
88.98,0,0,3,1,1,0,0,1,-2.5e-323,0,4.39433e-29,5.56244e-30,0.544266,5577.57,95.7877
89,0,0,3,1,1,0,0,1,-2.5e-323,0,3.05162e-29,3.8628e-30,0.401409,5576.31,95.6203
89.02,0,0,3,1,1,0,0,1,-2.5e-323,0,2.11918e-29,2.6825e-30,0.60822,5568.81,95.8406
89.04,0,0,3,1,1,0,0,1,-2.5e-323,0,1.47165e-29,1.86285e-30,1.49455,5580.71,95.6066
89.06,0,0,3,1,1,0,0,1,-2.5e-323,0,1.02198e-29,1.29365e-30,1.56732,5569.76,95.7249
89.08,0,0,3,1,1,0,0,1,-2.5e-323,0,7.09708e-30,8.98365e-31,1.0003,5564.67,95.7482
89.1,0,0,3,1,1,0,0,1,-2.5e-323,0,4.92853e-30,6.23865e-31,2.5174,5562.26,95.662
89.12,0,0,3,1,1,0,0,1,-2.5e-323,0,3.42259e-30,4.33239e-31,-2.50546,5566.94,95.7411
89.14,0,0,3,1,1,0,0,1,-2.5e-323,0,2.3768e-30,3.00861e-31,0.974591,5569.77,95.5145
89.16,0,0,3,1,1,0,0,1,-2.5e-323,0,1.65055e-30,2.08931e-31,1.95795,5566.35,95.635
89.18,0,0,3,1,1,0,0,1,-2.5e-323,0,1.14622e-30,1.45091e-31,1.63152,5561.72,95.5963
89.2,0,0,3,1,1,0,0,1,-2.5e-323,0,7.95985e-31,1.00758e-31,0.0661408,5567.99,95.435
89.22,0,0,3,1,1,0,0,1,-2.5e-323,0,5.52767e-31,6.99706e-32,0.236842,5566.18,95.6578
89.24,0,0,3,1,1,0,0,1,-2.5e-323,0,3.83866e-31,4.85907e-32,-1.67804,5553.13,95.4996
89.26,0,0,3,1,1,0,0,1,-2.5e-323,0,2.66574e-31,3.37435e-32,1.28689,5558.21,95.5396
89.28,0,0,3,1,1,0,0,1,-2.5e-323,0,1.85121e-31,2.3433e-32,1.29404,5561.49,95.5933
89.3,0,0,3,1,1,0,0,1,-2.5e-323,0,1.28556e-31,1.62729e-32,-0.667781,5554.9,95.3348
89.32,0,0,3,1,1,0,0,1,-2.5e-323,0,8.9275e-32,1.13006e-32,0.861933,5550.87,95.2567
89.34,0,0,3,1,1,0,0,1,-2.5e-323,0,6.19965e-32,7.84766e-33,0.29146,5549.96,95.5678
89.36,0,0,3,1,1,0,0,1,-2.5e-323,0,4.30532e-32,5.44977e-33,0.146915,5551.19,95.2372
89.38,0,0,3,1,1,0,0,1,-2.5e-323,0,2.9898e-32,3.78456e-33,0.156665,5565.51,95.5506
89.4,0,0,3,1,1,0,0,1,-2.5e-323,0,2.07625e-32,2.62817e-33,1.08135,5553.95,95.4654
89.42,0,0,3,1,1,0,0,1,-2.5e-323,0,1.44184e-32,1.82512e-33,-1.3802,5554.8,95.262
89.44,0,0,3,1,1,0,0,1,-2.5e-323,0,1.00128e-32,1.26744e-33,0.283516,5558.56,95.4194
89.46,0,0,3,1,1,0,0,1,-2.5e-323,0,6.95333e-33,8.80168e-34,1.88388,5552.86,95.5493
89.48,0,0,3,1,1,0,0,1,-2.5e-323,0,4.8287e-33,6.11228e-34,0.222748,5555.72,95.5433
89.5,0,0,3,1,1,0,0,1,-2.5e-323,0,3.35326e-33,4.24464e-34,-1.62022,5558.96,95.3061
89.52,0,0,3,1,1,0,0,1,-2.5e-323,0,2.32865e-33,2.94766e-34,0.0502221,5545.75,95.6578
89.54,0,0,3,1,1,0,0,1,-2.5e-323,0,1.61712e-33,2.04699e-34,0.860146,5542.61,95.0903
89.56,0,0,3,1,1,0,0,1,-2.5e-323,0,1.123e-33,1.42152e-34,0.75991,5545.27,95.4642
89.58,0,0,3,1,1,0,0,1,-2.5e-323,0,7.79862e-34,9.87167e-35,-0.224395,5542.71,95.0629
89.6,0,0,3,1,1,0,0,1,-2.5e-323,0,5.41571e-34,6.85532e-35,0.186454,5546.27,95.243
89.62,0,0,3,1,1,0,0,1,-2.5e-323,0,3.76091e-34,4.76064e-35,1.38511,5535.7,95.0843
89.64,0,0,3,1,1,0,0,1,-2.5e-323,0,2.61174e-34,3.306e-35,-1.69322,5533.09,95.197
89.66,0,0,3,1,1,0,0,1,-2.5e-323,0,1.81371e-34,2.29583e-35,1.62437,5538.24,95.0871
89.68,0,0,3,1,1,0,0,1,-2.5e-323,0,1.25952e-34,1.59433e-35,1.53876,5545.1,95.3268
89.7,0,0,3,1,1,0,0,1,-2.5e-323,0,8.74667e-35,1.10717e-35,-2.29243,5546.66,95.0123
89.72,0,0,3,1,1,0,0,1,-2.5e-323,0,6.07407e-35,7.6887e-36,1.68046,5537.86,95.022
89.74,0,0,3,1,1,0,0,1,-2.5e-323,0,4.21811e-35,5.33938e-36,-1.8736,5534.11,95.2224
89.76,0,0,3,1,1,0,0,1,-2.5e-323,0,2.92924e-35,3.7079e-36,1.19221,5527.4,95.2558
89.78,0,0,3,1,1,0,0,1,-2.5e-323,0,2.0342e-35,2.57493e-36,1.46237,5536.03,95.2997
89.8,0,0,3,1,1,0,0,1,-2.5e-323,0,1.41264e-35,1.78815e-36,2.0582,5533.86,94.7809
89.82,0,0,3,1,1,0,0,1,-2.5e-323,0,9.80997e-36,1.24177e-36,-1.82355,5534.31,95.0798
89.84,0,0,3,1,1,0,0,1,-2.5e-323,0,6.81248e-36,8.62339e-37,-0.294881,5524.33,94.9665
89.86,0,0,3,1,1,0,0,1,-2.5e-323,0,4.73089e-36,5.98847e-37,1.42123,5531.42,95.1629
89.88,0,0,3,1,1,0,0,1,-2.5e-323,0,3.28534e-36,4.15866e-37,2.04804,5535.93,94.9463
89.9,0,0,3,1,1,0,0,1,-2.5e-323,0,2.28149e-36,2.88796e-37,3.53159,5533.53,95.048
89.92,0,0,3,1,1,0,0,1,-2.5e-323,0,1.58436e-36,2.00553e-37,2.19783,5526.82,95.0164
89.94,0,0,3,1,1,0,0,1,-2.5e-323,0,1.10025e-36,1.39273e-37,0.0216009,5525.43,95.0573
89.96,0,0,3,1,1,0,0,1,-2.5e-323,0,7.64065e-37,9.67171e-38,-0.325573,5523.61,95.0707
89.98,0,0,3,1,1,0,0,1,-2.5e-323,0,5.30601e-37,6.71646e-38,0.437565,5519.31,94.8956
90,0,0,3,1,1,0,0,1,-2.5e-323,0,3.68473e-37,4.66421e-38,0.161922,5516.62,94.7638
90.02,0,0,3,1,1,0,0,1,-2.5e-323,0,2.55884e-37,3.23904e-38,-1.94949,5524.46,94.8369
90.04,0,0,3,1,1,0,0,1,-2.5e-323,0,1.77697e-37,2.24933e-38,1.66129,5514.55,94.7335
90.06,0,0,3,1,1,0,0,1,-2.5e-323,0,1.23401e-37,1.56203e-38,-1.22444,5517.68,94.7752
90.08,0,0,3,1,1,0,0,1,-2.5e-323,0,8.5695e-38,1.08475e-38,2.44934,5514.93,94.8005
90.1,0,0,3,1,1,0,0,1,-2.5e-323,0,5.95104e-38,7.53296e-39,1.03548,5513.35,94.7201
90.12,0,0,3,1,1,0,0,1,-2.5e-323,0,4.13267e-38,5.23122e-39,-1.00989,5507.57,94.6841
90.14,0,0,3,1,1,0,0,1,-2.5e-323,0,2.86991e-38,3.63279e-39,-0.0740278,5521.92,94.8201
90.16,0,0,3,1,1,0,0,1,-2.5e-323,0,1.99299e-38,2.52277e-39,-2.70511,5525.74,95.0835
90.18,0,0,3,1,1,0,0,1,-2.5e-323,0,1.38402e-38,1.75193e-39,-1.3767,5513.29,94.7491
90.2,0,0,3,1,1,0,0,1,-2.5e-323,0,9.61126e-39,1.21662e-39,-0.506621,5511.92,94.4912
90.22,0,0,3,1,1,0,0,1,-2.5e-323,0,6.67449e-39,8.44872e-40,-0.146543,5506.53,94.7304
90.24,0,0,3,1,1,0,0,1,-2.5e-323,0,4.63506e-39,5.86716e-40,1.31028,5515.46,94.5281
90.26,0,0,3,1,1,0,0,1,-2.5e-323,0,3.21879e-39,4.07442e-40,-3.85796,5508.22,94.744
90.28,0,0,3,1,1,0,0,1,-2.5e-323,0,2.23527e-39,2.82946e-40,0.0924039,5508.5,94.273
90.3,0,0,3,1,1,0,0,1,-2.5e-323,0,1.55227e-39,1.9649e-40,0.778083,5513.56,94.7329
90.32,0,0,3,1,1,0,0,1,-2.5e-323,0,1.07797e-39,1.36451e-40,4.18587,5506.19,94.3529
90.34,0,0,3,1,1,0,0,1,-2.5e-323,0,7.48588e-40,9.4758e-41,2.01625,5507.12,94.4662
90.36,0,0,3,1,1,0,0,1,-2.5e-323,0,5.19853e-40,6.58042e-41,0.593515,5498.64,94.635
90.38,0,0,3,1,1,0,0,1,-2.5e-323,0,3.61009e-40,4.56973e-41,-0.337203,5504.72,94.475
90.4,0,0,3,1,1,0,0,1,-2.5e-323,0,2.50701e-40,3.17343e-41,-0.828511,5502.51,94.5007
90.42,0,0,3,1,1,0,0,1,-2.5e-323,0,1.74098e-40,2.20377e-41,-2.27328,5503.57,94.7609
90.44,0,0,3,1,1,0,0,1,-2.5e-323,0,1.20901e-40,1.53039e-41,-2.39772,5504,94.6123
90.46,0,0,3,1,1,0,0,1,-2.5e-323,0,8.39591e-41,1.06277e-41,-0.486642,5501.03,94.5401
90.48,0,0,3,1,1,0,0,1,-2.5e-323,0,5.8305e-41,7.38037e-42,-0.228136,5495.59,94.7719
90.5,0,0,3,1,1,0,0,1,-2.5e-323,0,4.04895e-41,5.12526e-42,-2.37381,5490.9,94.422
90.52,0,0,3,1,1,0,0,1,-2.5e-323,0,2.81177e-41,3.55921e-42,-0.239936,5499.53,94.4008
90.54,0,0,3,1,1,0,0,1,-2.5e-323,0,1.95262e-41,2.47167e-42,-1.90501,5502.18,94.3542
90.56,0,0,3,1,1,0,0,1,-2.5e-323,0,1.35599e-41,1.71644e-42,-1.79625,5493.05,94.3083
90.58,0,0,3,1,1,0,0,1,-2.5e-323,0,9.41658e-42,1.19197e-42,1.2564,5489.27,94.0338
90.6,0,0,3,1,1,0,0,1,-2.5e-323,0,6.53929e-42,8.27758e-43,0.0318035,5491.28,94.3417
90.62,0,0,3,1,1,0,0,1,-2.5e-323,0,4.54117e-42,5.74832e-43,-2.23031,5488.64,94.0155
90.64,0,0,3,1,1,0,0,1,-2.5e-323,0,3.15359e-42,3.99189e-43,0.817213,5493.75,94.2513
90.66,0,0,3,1,1,0,0,1,-2.5e-323,0,2.18999e-42,2.77214e-43,-1.61214,5485.77,94.0541
90.68,0,0,3,1,1,0,0,1,-2.5e-323,0,1.52083e-42,1.9251e-43,-0.247188,5490.22,94.2621
90.7,0,0,3,1,1,0,0,1,-2.5e-323,0,1.05613e-42,1.33688e-43,-2.03322,5483.46,94.1305
90.72,0,0,3,1,1,0,0,1,-2.5e-323,0,7.33425e-43,9.28386e-44,0.971158,5479.93,93.9543
90.74,0,0,3,1,1,0,0,1,-2.5e-323,0,5.09323e-43,6.44712e-44,1.68391,5484.63,94.1569
90.76,0,0,3,1,1,0,0,1,-2.5e-323,0,3.53696e-43,4.47717e-44,0.905215,5482.15,94.072
90.78,0,0,3,1,1,0,0,1,-2.5e-323,0,2.45622e-43,3.10914e-44,0.231794,5473.74,94.2537
90.8,0,0,3,1,1,0,0,1,-2.5e-323,0,1.70571e-43,2.15913e-44,-0.487402,5482.49,94.0167
90.82,0,0,3,1,1,0,0,1,-2.5e-323,0,1.18452e-43,1.49939e-44,-0.828849,5481.4,94.0475
90.84,0,0,3,1,1,0,0,1,-2.5e-323,0,8.22585e-44,1.04125e-44,-0.798671,5477.19,94.2065
90.86,0,0,3,1,1,0,0,1,-2.5e-323,0,5.71239e-44,7.23088e-45,-2.4271,5485.51,93.8845
90.88,0,0,3,1,1,0,0,1,-2.5e-323,0,3.96694e-44,5.02144e-45,1.77185,5472.9,93.9974
90.9,0,0,3,1,1,0,0,1,-2.5e-323,0,2.75482e-44,3.48711e-45,1.3459,5485.18,94.4017
90.92,0,0,3,1,1,0,0,1,-2.5e-323,0,1.91307e-44,2.42161e-45,0.763055,5465.24,94.0434
90.94,0,0,3,1,1,0,0,1,-2.5e-323,0,1.32852e-44,1.68167e-45,-1.14709,5477.72,94.1793
90.96,0,0,3,1,1,0,0,1,-2.5e-323,0,9.22583e-45,1.16783e-45,0.542006,5466.34,93.8542
90.98,0,0,3,1,1,0,0,1,-2.5e-323,0,6.40683e-45,8.10991e-46,-0.730472,5466.32,93.9485
91,0,0,3,1,1,0,0,1,-2.5e-323,0,4.44919e-45,5.63188e-46,-0.635583,5477.79,94.0795
91.02,0,0,3,1,1,0,0,1,-2.5e-323,0,3.08971e-45,3.91103e-46,0.369888,5476.92,94.1116
91.04,0,0,3,1,1,0,0,1,-2.5e-323,0,2.14563e-45,2.71599e-46,2.42859,5462.12,93.8897
91.06,0,0,3,1,1,0,0,1,-2.5e-323,0,1.49002e-45,1.88611e-46,-2.33519,5467.92,93.8514
91.08,0,0,3,1,1,0,0,1,-2.5e-323,0,1.03474e-45,1.3098e-46,1.35858,5472.93,93.7632
91.1,0,0,3,1,1,0,0,1,-2.5e-323,0,7.18569e-46,9.0958e-47,-0.806681,5456.83,93.9348
91.12,0,0,3,1,1,0,0,1,-2.5e-323,0,4.99006e-46,6.31653e-47,0.804592,5468.92,93.9223
91.14,0,0,3,1,1,0,0,1,-2.5e-323,0,3.46532e-46,4.38648e-47,1.15765,5473.71,93.96
91.16,0,0,3,1,1,0,0,1,-2.5e-323,0,2.40647e-46,3.04617e-47,-0.165606,5459.57,94.0471
91.18,0,0,3,1,1,0,0,1,-2.5e-323,0,1.67116e-46,2.11539e-47,-0.222076,5460.84,93.8374
91.2,0,0,3,1,1,0,0,1,-2.5e-323,0,1.16053e-46,1.46902e-47,0.387523,5458.42,93.8091
91.22,0,0,3,1,1,0,0,1,-2.5e-323,0,8.05922e-47,1.02015e-47,-2.92036,5461.42,93.6711
91.24,0,0,3,1,1,0,0,1,-2.5e-323,0,5.59668e-47,7.08441e-48,-0.734853,5464.9,93.69
91.26,0,0,3,1,1,0,0,1,-2.5e-323,0,3.88659e-47,4.91973e-48,-0.984004,5465.57,93.8707
91.28,0,0,3,1,1,0,0,1,-2.5e-323,0,2.69902e-47,3.41648e-48,-0.797532,5455.07,93.6744
91.3,0,0,3,1,1,0,0,1,-2.5e-323,0,1.87432e-47,2.37255e-48,-2.41139,5453.58,93.6536
91.32,0,0,3,1,1,0,0,1,-2.5e-323,0,1.30161e-47,1.64761e-48,-3.0338,5454.86,93.7278
91.34,0,0,3,1,1,0,0,1,-2.5e-323,0,9.03896e-48,1.14417e-48,-0.388397,5445.78,93.6557
91.36,0,0,3,1,1,0,0,1,-2.5e-323,0,6.27705e-48,7.94564e-49,-3.8291,5449.59,93.645
91.38,0,0,3,1,1,0,0,1,-2.5e-323,0,4.35906e-48,5.5178e-49,-1.1482,5456.81,93.6723
91.4,0,0,3,1,1,0,0,1,-2.5e-323,0,3.02713e-48,3.83181e-49,2.20722,5449.51,93.7918
91.42,0,0,3,1,1,0,0,1,-2.5e-323,0,2.10217e-48,2.66098e-49,-0.312551,5449.05,93.8311
91.44,0,0,3,1,1,0,0,1,-2.5e-323,0,1.45984e-48,1.8479e-49,1.00312,5451.88,93.8311
91.46,0,0,3,1,1,0,0,1,-2.5e-323,0,1.01378e-48,1.28326e-49,-1.5631,5445.02,93.3731
91.48,0,0,3,1,1,0,0,1,-2.5e-323,0,7.04013e-49,8.91156e-50,-1.70067,5446.24,93.6195
91.5,0,0,3,1,1,0,0,1,-2.5e-323,0,4.88898e-49,6.18858e-50,-0.452637,5442.1,93.5292
91.52,0,0,3,1,1,0,0,1,-2.5e-323,0,3.39513e-49,4.29763e-50,-0.484601,5453.47,93.5713
91.54,0,0,3,1,1,0,0,1,-2.5e-323,0,2.35773e-49,2.98446e-50,0.493125,5447.63,93.5078
91.56,0,0,3,1,1,0,0,1,-2.5e-323,0,1.63731e-49,2.07254e-50,0.961732,5443.6,93.6186
91.58,0,0,3,1,1,0,0,1,-2.5e-323,0,1.13702e-49,1.43927e-50,-0.290946,5447.56,93.3644
91.6,0,0,3,1,1,0,0,1,-2.5e-323,0,7.89598e-50,9.99491e-51,0.50226,5442.47,93.2826
91.62,0,0,3,1,1,0,0,1,-2.5e-323,0,5.48332e-50,6.94091e-51,0.268787,5431.51,93.6
91.64,0,0,3,1,1,0,0,1,-2.5e-323,0,3.80786e-50,4.82008e-51,0.937688,5437.93,93.3463
91.66,0,0,3,1,1,0,0,1,-2.5e-323,0,2.64435e-50,3.34727e-51,0.966462,5443.45,93.218
91.68,0,0,3,1,1,0,0,1,-2.5e-323,0,1.83635e-50,2.3245e-51,-2.70874,5438.44,93.3992
91.7,0,0,3,1,1,0,0,1,-2.5e-323,0,1.27524e-50,1.61423e-51,1.12688,5444.1,93.5481
91.72,0,0,3,1,1,0,0,1,-2.5e-323,0,8.85586e-51,1.121e-51,-0.207642,5437.34,93.2075
91.74,0,0,3,1,1,0,0,1,-2.5e-323,0,6.14991e-51,7.78469e-52,0.147145,5440.56,93.2839
91.76,0,0,3,1,1,0,0,1,-2.5e-323,0,4.27077e-51,5.40603e-52,-0.876658,5433.81,93.3572
91.78,0,0,3,1,1,0,0,1,-2.5e-323,0,2.96581e-51,3.75419e-52,-0.77687,5443.11,93.2723
91.8,0,0,3,1,1,0,0,1,-2.5e-323,0,2.05959e-51,2.60708e-52,-1.48149,5421.67,93.1246
91.82,0,0,3,1,1,0,0,1,-2.5e-323,0,1.43027e-51,1.81047e-52,0.542718,5436.09,93.1613
91.84,0,0,3,1,1,0,0,1,-2.5e-323,0,9.93244e-52,1.25727e-52,0.516802,5426.46,93.2498
91.86,0,0,3,1,1,0,0,1,-2.5e-323,0,6.89753e-52,8.73105e-53,0.0752647,5434.04,93.3056
91.88,0,0,3,1,1,0,0,1,-2.5e-323,0,4.78995e-52,6.06323e-53,-0.360697,5421.78,93.5449
91.9,0,0,3,1,1,0,0,1,-2.5e-323,0,3.32635e-52,4.21057e-53,1.17096,5428.03,93.4196
91.92,0,0,3,1,1,0,0,1,-2.5e-323,0,2.30997e-52,2.92401e-53,0.875943,5427.84,93.2759
91.94,0,0,3,1,1,0,0,1,-2.5e-323,0,1.60414e-52,2.03056e-53,-0.601989,5414.97,93.0962
91.96,0,0,3,1,1,0,0,1,-2.5e-323,0,1.11399e-52,1.41011e-53,0.748767,5425.1,93.0923
91.98,0,0,3,1,1,0,0,1,-2.5e-323,0,7.73604e-53,9.79245e-54,0.471675,5422.42,93.2411
92,0,0,3,1,1,0,0,1,-2.5e-323,0,5.37225e-53,6.80031e-54,-1.91458,5417.69,93.2748
92.02,0,0.5,3,1,1,0,0,1,-2.5e-323,0,3.73073e-53,4.72244e-54,0.17955,5420.15,93.0304
92.04,0,1,3,1,1,0,0,1,-2.5e-323,0,2.59078e-53,3.27947e-54,0.161087,5411.22,93.2481
92.06,0,1.5,3,1,1,0,0,1,-2.5e-323,0,1.79915e-53,2.27741e-54,-0.763652,5415.49,93.0836
92.08,0,2,3,1,1,0,0,1,-2.5e-323,0,1.24941e-53,1.58154e-54,0.415992,5413.3,92.8501
92.1,0,2.5,3,1,1,0,0,1,-2.5e-323,0,8.67648e-54,1.09829e-54,0.158252,5405.47,92.9396
92.12,0,3,3,1,1,0,0,1,-2.5e-323,0,6.02533e-54,7.627e-55,-0.0421368,5410.59,92.9036
92.14,0,3.5,3,1,1,0,0,1,-2.5e-323,0,4.18426e-54,5.29653e-55,2.03141,5404.59,92.8552
92.16,0,4,3,1,1,0,0,1,-2.5e-323,0,2.90574e-54,3.67815e-55,-1.4847,5407,92.7206
92.18,0,4.5,3,1,1,0,0,1,-2.5e-323,0,2.01787e-54,2.55427e-55,2.1185,5405,92.9471
92.2,0,5,3,1,1,0,0,1,-2.5e-323,0,1.4013e-54,1.7738e-55,-2.28948,5398.01,92.6908
92.22,0,5.5,3,1,1,0,0,1,-2.5e-323,0,9.73125e-55,1.2318e-55,-2.8397,5393.88,92.5829
92.24,0,6,3,1,1,0,0,1,-2.5e-323,0,6.75781e-55,8.55419e-56,1.57917,5400.06,92.6822
92.26,0,6.5,3,1,1,0,0,1,-2.5e-323,0,4.69293e-55,5.94041e-56,1.92958,5387.08,92.6821
92.28,0,7,3,1,1,0,0,1,-2.5e-323,0,3.25898e-55,4.12529e-56,-0.00759994,5384.7,92.4099
92.3,0,7.5,3,1,1,0,0,1,-2.5e-323,0,2.26318e-55,2.86478e-56,-1.73179,5387.17,92.3754
92.32,0,8,3,1,1,0,0,1,-2.5e-323,0,1.57165e-55,1.98943e-56,0.209386,5375.17,92.3018
92.34,0,8.5,3,1,1,0,0,1,-2.5e-323,0,1.09142e-55,1.38155e-56,-1.94636,5369.87,92.0565
92.36,0,9,3,1,1,0,0,1,-2.5e-323,0,7.57934e-56,9.5941e-57,-0.675471,5362.73,92.2125
92.38,0,9.5,3,1,1,0,0,1,-2.5e-323,0,5.26343e-56,6.66257e-57,0.183809,5366.13,92.1681
92.4,0,10,3,1,1,0,0,1,-2.5e-323,0,3.65516e-56,4.62678e-57,-1.08347,5356.7,91.962
92.42,0,10.5,3,1,1,0,0,1,-2.5e-323,0,2.5383e-56,3.21304e-57,-2.3315,5360.15,92.0411
92.44,0,11,3,1,1,0,0,1,-2.5e-323,0,1.76271e-56,2.23128e-57,-0.930386,5353.95,91.8494
92.46,0,11.5,3,1,1,0,0,1,-2.5e-323,0,1.22411e-56,1.5495e-57,-0.821212,5342.6,91.5234
92.48,0,12,3,1,1,0,0,1,-2.5e-323,0,8.50073e-57,1.07604e-57,-1.57196,5325.58,91.8148
92.5,0,12.5,3,1,1,0,0,1,-2.5e-323,0,5.90328e-57,7.47251e-58,-0.523478,5330.51,91.6261
92.52,0,13,3,1,1,0,0,1,-2.5e-323,0,4.0995e-57,5.18924e-58,-0.717728,5318.9,91.7612
92.54,0,13.5,3,1,1,0,0,1,-2.5e-323,0,2.84688e-57,3.60364e-58,0.413505,5316.34,91.4818
92.56,0,14,3,1,1,0,0,1,-2.5e-323,0,1.977e-57,2.50253e-58,1.32354,5316.96,91.1699
92.58,0,14.5,3,1,1,0,0,1,-2.5e-323,0,1.37292e-57,1.73787e-58,-0.282423,5308.9,91.2859
92.6,0,15,3,1,1,0,0,1,-2.5e-323,0,9.53413e-58,1.20685e-58,1.9773,5296.55,91.1869
92.62,0,15.5,3,1,1,0,0,1,-2.5e-323,0,6.62093e-58,8.38092e-59,1.2641,5293.23,91.0323
92.64,0,16,3,1,1,0,0,1,-2.5e-323,0,4.59787e-58,5.82008e-59,0.224246,5280.88,90.8399
92.66,0,16.5,3,1,1,0,0,1,-2.5e-323,0,3.19296e-58,4.04172e-59,-0.56415,5274.45,90.4631
92.68,0,17,3,1,1,0,0,1,-2.5e-323,0,2.21733e-58,2.80675e-59,0.34285,5272.06,90.4436
92.7,0,17.5,3,1,1,0,0,1,-2.5e-323,0,1.53982e-58,1.94913e-59,0.984975,5264.66,90.4451
92.72,0,18,3,1,1,0,0,1,-2.5e-323,0,1.06932e-58,1.35357e-59,-0.240748,5256.55,89.9955
92.74,0,18.5,3,1,1,0,0,1,-2.5e-323,0,7.42581e-59,9.39976e-60,1.78032,5250.53,90.2299
92.76,0,19,3,1,1,0,0,1,-2.5e-323,0,5.15681e-59,6.52761e-60,-1.65638,5242.71,90.004
92.78,0,19.5,3,1,1,0,0,1,-2.5e-323,0,3.58112e-59,4.53306e-60,-2.07758,5229.2,90.2327
92.8,0,20,3,1,1,0,0,1,-2.5e-323,0,2.48689e-59,3.14796e-60,-2.18911,5228.75,89.5919
92.82,0,20.5,3,1,1,0,0,1,-2.5e-323,0,1.72701e-59,2.18608e-60,-1.31183,5214.41,89.676
92.84,0,21,3,1,1,0,0,1,-2.5e-323,0,1.19931e-59,1.51811e-60,2.69841,5203.89,89.2597
92.86,0,21.5,3,1,1,0,0,1,-2.5e-323,0,8.32854e-60,1.05425e-60,-0.282319,5196.74,89.3933
92.88,0,22,3,1,1,0,0,1,-2.5e-323,0,5.78371e-60,7.32115e-61,1.6987,5183.9,88.9181
92.9,0,22.5,3,1,1,0,0,1,-2.5e-323,0,4.01646e-60,5.08413e-61,0.173087,5171.42,88.9454
92.92,0,23,3,1,1,0,0,1,-2.5e-323,0,2.78921e-60,3.53065e-61,1.74358,5167.4,88.8587
92.94,0,23.5,3,1,1,0,0,1,-2.5e-323,0,1.93695e-60,2.45184e-61,-1.03924,5162.95,88.3372
92.96,0,24,3,1,1,0,0,1,-2.5e-323,0,1.34511e-60,1.70267e-61,-2.42079,5144.72,88.5886
92.98,0,24.5,3,1,1,0,0,1,-2.5e-323,0,9.34101e-61,1.18241e-61,-0.64368,5134.47,88.4335
93,0,25,3,1,1,0,0,1,-2.5e-323,0,6.48681e-61,8.21116e-62,-1.25868,5127.25,87.9935
93.02,0,25,3,1,1,0,0,1,-2.5e-323,0,4.50473e-61,5.70219e-62,0.69026,5118.51,87.6192
93.04,0,25,3,1,1,0,0,1,-2.5e-323,0,3.12829e-61,3.95986e-62,0.970915,5109.1,87.615
93.06,0,25,3,1,1,0,0,1,-2.5e-323,0,2.17242e-61,2.7499e-62,0.443406,5093.51,87.5354
93.08,0,25,3,1,1,0,0,1,-2.5e-323,0,1.50863e-61,1.90965e-62,-0.559341,5075.6,87.2137
93.1,0,25,3,1,1,0,0,1,-2.5e-323,0,1.04766e-61,1.32615e-62,0.159535,5072.53,86.9733
93.12,0,25,3,1,1,0,0,1,-2.5e-323,0,7.27539e-62,9.20936e-63,-0.493171,5059.5,86.9362
93.14,0,25,3,1,1,0,0,1,-2.5e-323,0,5.05236e-62,6.39539e-63,2.89924,5050.35,86.9141
93.16,0,25,3,1,1,0,0,1,-2.5e-323,0,3.50858e-62,4.44124e-63,-0.538883,5039.86,86.5562
93.18,0,25,3,1,1,0,0,1,-2.5e-323,0,2.43651e-62,3.0842e-63,0.768882,5030.13,86.4032
93.2,0,25,3,1,1,0,0,1,-2.5e-323,0,1.69202e-62,2.1418e-63,2.62637,5017.73,86.3068
93.22,0,25,3,1,1,0,0,1,-2.5e-323,0,1.17502e-62,1.48736e-63,-0.186858,5010.41,86.0714
93.24,0,25,3,1,1,0,0,1,-2.5e-323,0,8.15984e-63,1.03289e-63,0.19879,4993.55,85.9417
93.26,0,25,3,1,1,0,0,1,-2.5e-323,0,5.66655e-63,7.17285e-64,-1.359,4986.09,85.8525
93.28,0,25,3,1,1,0,0,1,-2.5e-323,0,3.93511e-63,4.98115e-64,-0.0815991,4980.58,85.5996
93.3,0,25,3,1,1,0,0,1,-2.5e-323,0,2.73271e-63,3.45913e-64,0.35531,4952.87,85.4367
93.32,0,25,3,1,1,0,0,1,-2.5e-323,0,1.89772e-63,2.40217e-64,-1.59801,4955.45,85.2101
93.34,0,25,3,1,1,0,0,1,-2.5e-323,0,1.31786e-63,1.66818e-64,-0.517548,4938.63,84.6404
93.36,0,25,3,1,1,0,0,1,-2.5e-323,0,9.1518e-64,1.15846e-64,0.567096,4930.65,84.7581
93.38,0,25,3,1,1,0,0,1,-2.5e-323,0,6.35542e-64,8.04483e-65,-0.636222,4913.47,84.628
93.4,0,25,3,1,1,0,0,1,-2.5e-323,0,4.41348e-64,5.58669e-65,-0.0329859,4906.31,84.1168
93.42,0,25,3,1,1,0,0,1,-2.5e-323,0,3.06492e-64,3.87965e-65,-1.74533,4894.06,84.1109
93.44,0,25,3,1,1,0,0,1,-2.5e-323,0,2.12842e-64,2.6942e-65,-0.908871,4878.8,83.9454
93.46,0,25,3,1,1,0,0,1,-2.5e-323,0,1.47807e-64,1.87097e-65,-1.17402,4874.8,83.7823
93.48,0,25,3,1,1,0,0,1,-2.5e-323,0,1.02644e-64,1.29929e-65,0.449561,4869.86,83.3228
93.5,0,25,3,1,1,0,0,1,-2.5e-323,0,7.12802e-65,9.02281e-66,-1.00755,4856.17,83.5359
93.52,0,25,3,1,1,0,0,1,-2.5e-323,0,4.95002e-65,6.26584e-66,1.03647,4850.62,83.3447
93.54,0,25,3,1,1,0,0,1,-2.5e-323,0,3.43751e-65,4.35128e-66,-0.0585562,4835.85,83.2406
93.56,0,25,3,1,1,0,0,1,-2.5e-323,0,2.38716e-65,3.02172e-66,1.43017,4824.38,82.8597
93.58,0,25,3,1,1,0,0,1,-2.5e-323,0,1.65775e-65,2.09842e-66,1.62603,4817.15,82.4597
93.6,0,25,3,1,1,0,0,1,-2.5e-323,0,1.15122e-65,1.45723e-66,1.28437,4804.43,82.4466
93.62,0,25,3,1,1,0,0,1,-2.5e-323,0,7.99455e-66,1.01197e-66,-1.22758,4802.07,82.103
93.64,0,25,3,1,1,0,0,1,-2.5e-323,0,5.55177e-66,7.02756e-67,-0.379085,4795.94,82.3773
93.66,0,25,3,1,1,0,0,1,-2.5e-323,0,3.8554e-66,4.88025e-67,-0.958532,4768.01,82.1108
93.68,0,25,3,1,1,0,0,1,-2.5e-323,0,2.67736e-66,3.38906e-67,-0.174055,4763.44,81.515
93.7,0,25,3,1,1,0,0,1,-2.5e-323,0,1.85928e-66,2.35352e-67,2.38353,4739.33,81.5433
93.72,0,25,3,1,1,0,0,1,-2.5e-323,0,1.29116e-66,1.63439e-67,0.198466,4739.05,81.3142
93.74,0,25,3,1,1,0,0,1,-2.5e-323,0,8.96642e-67,1.13499e-67,0.0772119,4723.53,81.1205
93.76,0,25,3,1,1,0,0,1,-2.5e-323,0,6.22668e-67,7.88188e-68,-0.295938,4727.65,81.2682
93.78,0,25,3,1,1,0,0,1,-2.5e-323,0,4.32409e-67,5.47353e-68,-2.19405,4703.68,80.6938
93.8,0,25,3,1,1,0,0,1,-2.5e-323,0,3.00284e-67,3.80106e-68,-0.442038,4701.94,80.4519
93.82,0,25,3,1,1,0,0,1,-2.5e-323,0,2.0853e-67,2.63962e-68,0.921651,4683.46,80.6161
93.84,0,25,3,1,1,0,0,1,-2.5e-323,0,1.44813e-67,1.83307e-68,-2.68377,4674.92,80.4791
93.86,0,25,3,1,1,0,0,1,-2.5e-323,0,1.00564e-67,1.27297e-68,0.225786,4663.19,80.0243
93.88,0,25,3,1,1,0,0,1,-2.5e-323,0,6.98364e-68,8.84005e-69,-0.632141,4656.93,80.1359
93.9,0,25,3,1,1,0,0,1,-2.5e-323,0,4.84975e-68,6.13892e-69,0.690129,4650.6,79.6988
93.92,0,25,3,1,1,0,0,1,-2.5e-323,0,3.36788e-68,4.26314e-69,-3.20116,4637.13,79.5146
93.94,0,25,3,1,1,0,0,1,-2.5e-323,0,2.33881e-68,2.96051e-69,0.41963,4618.38,79.2703
93.96,0,25,3,1,1,0,0,1,-2.5e-323,0,1.62417e-68,2.05591e-69,-1.21087,4612.32,79.3469
93.98,0,25,3,1,1,0,0,1,-2.5e-323,0,1.1279e-68,1.42772e-69,-0.853487,4596.16,78.8985
94,0,25,3,1,1,0,0,1,-2.5e-323,0,7.83262e-69,9.9147e-70,-1.24417,4587.16,78.9512
94.02,0,25,3,1,1,0,0,1,-2.5e-323,0,5.43932e-69,6.88521e-70,-1.72983,4580.51,78.6287
94.04,0,25,3,1,1,0,0,1,-2.5e-323,0,3.7773e-69,4.7814e-70,1.52634,4571.88,78.5839
94.06,0,25,3,1,1,0,0,1,-2.5e-323,0,2.62313e-69,3.32041e-70,0.601364,4551.17,78.4034
94.08,0,25,3,1,1,0,0,1,-2.5e-323,0,1.82162e-69,2.30584e-70,1.20213,4542.57,78.1451
94.1,0,25,3,1,1,0,0,1,-2.5e-323,0,1.26501e-69,1.60128e-70,3.43997,4536.61,77.6584
94.12,0,25,3,1,1,0,0,1,-2.5e-323,0,8.7848e-70,1.112e-70,0.985322,4519.21,77.7015
94.14,0,25,3,1,1,0,0,1,-2.5e-323,0,6.10056e-70,7.72222e-71,0.80661,4512.38,77.5126
94.16,0,25,3,1,1,0,0,1,-2.5e-323,0,4.2365e-70,5.36265e-71,2.39014,4506.97,77.4316
94.18,0,25,3,1,1,0,0,1,-2.5e-323,0,2.94201e-70,3.72407e-71,0.105369,4490.13,77.0781
94.2,0,25,3,1,1,0,0,1,-2.5e-323,0,2.04306e-70,2.58616e-71,2.64205,4480.6,77.0131
94.22,0,25,3,1,1,0,0,1,-2.5e-323,0,1.41879e-70,1.79594e-71,-1.84497,4466.74,76.8084
94.24,0,25,3,1,1,0,0,1,-2.5e-323,0,9.85274e-71,1.24718e-71,-0.928923,4464.78,76.7518
94.26,0,25,3,1,1,0,0,1,-2.5e-323,0,6.84218e-71,8.66099e-72,-1.37731,4457.51,76.4185
94.28,0,25,3,1,1,0,0,1,-2.5e-323,0,4.75151e-71,6.01457e-72,0.636647,4440.58,76.4597
94.3,0,25,3,1,1,0,0,1,-2.5e-323,0,3.29966e-71,4.17679e-72,1.43525,4440.81,75.7568
94.32,0,25,3,1,1,0,0,1,-2.5e-323,0,2.29143e-71,2.90055e-72,1.65621,4424.51,75.9531
94.34,0,25,3,1,1,0,0,1,-2.5e-323,0,1.59127e-71,2.01427e-72,0.867725,4402.48,75.7276
94.36,0,25,3,1,1,0,0,1,-2.5e-323,0,1.10505e-71,1.3988e-72,1.21598,4394.92,75.3436
94.38,0,25,3,1,1,0,0,1,-2.5e-323,0,7.67396e-72,9.71387e-73,-0.94952,4386.24,75.3222
94.4,0,25,3,1,1,0,0,1,-2.5e-323,0,5.32914e-72,6.74574e-73,0.342347,4379.11,75.2294
94.42,0,25,3,1,1,0,0,1,-2.5e-323,0,3.70079e-72,4.68454e-73,1.8029,4366.6,74.8407
94.44,0,25,3,1,1,0,0,1,-2.5e-323,0,2.56999e-72,3.25316e-73,1.17599,4350.48,74.6381
94.46,0,25,3,1,1,0,0,1,-2.5e-323,0,1.78472e-72,2.25914e-73,0.299832,4349.18,74.765
94.48,0,25,3,1,1,0,0,1,-2.5e-323,0,1.23939e-72,1.56884e-73,-4.16853,4328.44,74.5724
94.5,0,25,3,1,1,0,0,1,-2.5e-323,0,8.60686e-73,1.08948e-73,2.27546,4316.93,74.2846
94.52,0,25,3,1,1,0,0,1,-2.5e-323,0,5.97698e-73,7.5658e-74,-0.0830639,4307.55,74.047
94.54,0,25,3,1,1,0,0,1,-2.5e-323,0,4.15068e-73,5.25403e-74,-0.238718,4298.82,74.1453
94.56,0,25,3,1,1,0,0,1,-2.5e-323,0,2.88242e-73,3.64863e-74,1.39844,4295.09,73.6809
94.58,0,25,3,1,1,0,0,1,-2.5e-323,0,2.00168e-73,2.53377e-74,-0.136678,4277.12,73.4886
94.6,0,25,3,1,1,0,0,1,-2.5e-323,0,1.39006e-73,1.75956e-74,-1.04747,4267.48,73.2529
94.62,0,25,3,1,1,0,0,1,-2.5e-323,0,9.65316e-74,1.22192e-74,-2.55448,4252.25,73.0445
94.64,0,25,3,1,1,0,0,1,-2.5e-323,0,6.70358e-74,8.48555e-75,1.39593,4244.5,72.735
94.66,0,25,3,1,1,0,0,1,-2.5e-323,0,4.65527e-74,5.89274e-75,-0.27061,4230.42,72.8763
94.68,0,25,3,1,1,0,0,1,-2.5e-323,0,3.23282e-74,4.09218e-75,3.80082,4229.35,72.4215
94.7,0,25,3,1,1,0,0,1,-2.5e-323,0,2.24502e-74,2.84179e-75,0.191891,4214.77,72.4575
94.72,0,25,3,1,1,0,0,1,-2.5e-323,0,1.55904e-74,1.97347e-75,2.221,4210.14,72.2414
94.74,0,25,3,1,1,0,0,1,-2.5e-323,0,1.08267e-74,1.37046e-75,-1.49337,4197.83,72.067
94.76,0,25,3,1,1,0,0,1,-2.5e-323,0,7.51852e-75,9.51711e-76,-0.0525512,4183.32,71.6982
94.78,0,25,3,1,1,0,0,1,-2.5e-323,0,5.22119e-75,6.6091e-76,1.33612,4172.64,71.6244
94.8,0,25,3,1,1,0,0,1,-2.5e-323,0,3.62583e-75,4.58966e-76,0.364571,4164.78,71.7572
94.82,0,25,3,1,1,0,0,1,-2.5e-323,0,2.51794e-75,3.18726e-76,0.351894,4151.41,71.31
94.84,0,25,3,1,1,0,0,1,-2.5e-323,0,1.74857e-75,2.21338e-76,-1.8749,4141.15,71.1715
94.86,0,25,3,1,1,0,0,1,-2.5e-323,0,1.21428e-75,1.53707e-76,-0.545571,4123.57,70.9166
94.88,0,25,3,1,1,0,0,1,-2.5e-323,0,8.43252e-76,1.06741e-76,0.695787,4120.1,70.455
94.9,0,25,3,1,1,0,0,1,-2.5e-323,0,5.85591e-76,7.41255e-77,2.22515,4109.03,70.6987
94.92,0,25,3,1,1,0,0,1,-2.5e-323,0,4.06661e-76,5.1476e-77,-1.38351,4102.01,70.3883
94.94,0,25,3,1,1,0,0,1,-2.5e-323,0,2.82403e-76,3.57472e-77,-0.986478,4089.59,70.1053
94.96,0,25,3,1,1,0,0,1,-2.5e-323,0,1.96113e-76,2.48245e-77,-0.985565,4074.97,70.066
94.98,0,25,3,1,1,0,0,1,-2.5e-323,0,1.3619e-76,1.72392e-77,-0.725475,4064.82,69.8617
95,0,25,3,1,1,0,0,1,-2.5e-323,0,9.45763e-77,1.19717e-77,1.67803,4065.54,69.9477
95.02,0,25,3,1,1,0,0,1,-2.5e-323,0,6.5678e-77,8.31367e-78,-1.93279,4043.6,69.7703
95.04,0,25,3,1,1,0,0,1,-2.5e-323,0,4.56097e-77,5.77338e-78,-1.6421,4024.51,69.4944
95.06,0,25,3,1,1,0,0,1,-2.5e-323,0,3.16734e-77,4.00929e-78,1.61742,4026.54,69.4422
95.08,0,25,3,1,1,0,0,1,-2.5e-323,0,2.19954e-77,2.78423e-78,1.44693,4015.87,68.9371
95.1,0,25,3,1,1,0,0,1,-2.5e-323,0,1.52746e-77,1.93349e-78,0.152071,4011.37,68.9404
95.12,0,25,3,1,1,0,0,1,-2.5e-323,0,1.06074e-77,1.3427e-78,1.23472,3996.18,68.7409
95.14,0,25,3,1,1,0,0,1,-2.5e-323,0,7.36622e-78,9.32433e-79,-0.459482,3984.88,68.2688
95.16,0,25,3,1,1,0,0,1,-2.5e-323,0,5.11543e-78,6.47523e-79,-2.01661,3976.21,68.2287
95.18,0,25,3,1,1,0,0,1,-2.5e-323,0,3.55238e-78,4.49669e-79,-0.0730968,3960.19,68.0383
95.2,0,25,3,1,1,0,0,1,-2.5e-323,0,2.46693e-78,3.1227e-79,0.844437,3946.97,67.9
95.22,0,25,3,1,1,0,0,1,-2.5e-323,0,1.71315e-78,2.16854e-79,0.850638,3943.97,67.5228
95.24,0,25,3,1,1,0,0,1,-2.5e-323,0,1.18969e-78,1.50593e-79,0.509339,3926.36,67.6263
95.26,0,25,3,1,1,0,0,1,-2.5e-323,0,8.26171e-79,1.04579e-79,-0.992207,3928.66,67.4353
95.28,0,25,3,1,1,0,0,1,-2.5e-323,0,5.7373e-79,7.2624e-80,-2.31217,3904.26,67.1211
95.3,0,25,3,1,1,0,0,1,-2.5e-323,0,3.98423e-79,5.04333e-80,-0.188268,3904.5,66.9788
95.32,0,25,3,1,1,0,0,1,-2.5e-323,0,2.76683e-79,3.50232e-80,0.179278,3899.87,66.9238
95.34,0,25,3,1,1,0,0,1,-2.5e-323,0,1.92141e-79,2.43216e-80,1.12651,3887.45,66.5756
95.36,0,25,3,1,1,0,0,1,-2.5e-323,0,1.33431e-79,1.689e-80,2.56612,3879.2,66.4357
95.38,0,25,3,1,1,0,0,1,-2.5e-323,0,9.26605e-80,1.17292e-80,0.303267,3858.94,66.1228
95.4,0,25,3,1,1,0,0,1,-2.5e-323,0,6.43476e-80,8.14527e-81,0.566407,3847.12,66.2634
95.42,0,25,3,1,1,0,0,1,-2.5e-323,0,4.46858e-80,5.65643e-81,-0.14115,3839.87,66.1217
95.44,0,25,3,1,1,0,0,1,-2.5e-323,0,3.10318e-80,3.92808e-81,0.0394663,3829.43,65.8665
95.46,0,25,3,1,1,0,0,1,-2.5e-323,0,2.15499e-80,2.72783e-81,-0.907293,3807.02,65.5674
95.48,0,25,3,1,1,0,0,1,-2.5e-323,0,1.49652e-80,1.89433e-81,-2.25759,3809.78,65.1191
95.5,0,25,3,1,1,0,0,1,-2.5e-323,0,1.03925e-80,1.31551e-81,-3.19313,3797.5,65.389
95.52,0,25,3,1,1,0,0,1,-2.5e-323,0,7.21701e-81,9.13546e-82,1.35672,3791.98,65.1166
95.54,0,25,3,1,1,0,0,1,-2.5e-323,0,5.01181e-81,6.34407e-82,-2.21995,3782.25,64.5786
95.56,0,25,3,1,1,0,0,1,-2.5e-323,0,3.48043e-81,4.4056e-82,-0.661279,3765.8,64.609
95.58,0,25,3,1,1,0,0,1,-2.5e-323,0,2.41696e-81,3.05945e-82,0.141601,3755.09,64.7991
95.6,0,25,3,1,1,0,0,1,-2.5e-323,0,1.67845e-81,2.12462e-82,0.183751,3743.37,64.373
95.62,0,25,3,1,1,0,0,1,-2.5e-323,0,1.16559e-81,1.47543e-82,-0.0774256,3732.1,64.2912
95.64,0,25,3,1,1,0,0,1,-2.5e-323,0,8.09436e-82,1.0246e-82,1.14827,3727.39,63.712
95.66,0,25,3,1,1,0,0,1,-2.5e-323,0,5.62108e-82,7.11529e-83,-2.05402,3709.99,63.5088
95.68,0,25,3,1,1,0,0,1,-2.5e-323,0,3.90353e-82,4.94118e-83,-1.47196,3696.57,63.747
95.7,0,25,3,1,1,0,0,1,-2.5e-323,0,2.71078e-82,3.43137e-83,0.826552,3687.66,63.4663
95.72,0,25,3,1,1,0,0,1,-2.5e-323,0,1.88249e-82,2.3829e-83,-1.14197,3673.65,63.3779
95.74,0,25,3,1,1,0,0,1,-2.5e-323,0,1.30728e-82,1.65479e-83,-0.850047,3670.51,62.959
95.76,0,25,3,1,1,0,0,1,-2.5e-323,0,9.07836e-83,1.14916e-83,1.13847,3664.03,62.7311
95.78,0,25,3,1,1,0,0,1,-2.5e-323,0,6.30442e-83,7.98028e-84,2.73686,3652.09,62.7324
95.8,0,25,3,1,1,0,0,1,-2.5e-323,0,4.37807e-83,5.54186e-84,-0.217462,3639.35,62.5359
95.82,0,25,3,1,1,0,0,1,-2.5e-323,0,3.04033e-83,3.84851e-84,-1.79956,3621.36,62.1409
95.84,0,25,3,1,1,0,0,1,-2.5e-323,0,2.11134e-83,2.67258e-84,-2.00021,3616.9,62.0901
95.86,0,25,3,1,1,0,0,1,-2.5e-323,0,1.46621e-83,1.85596e-84,-0.189601,3600.07,61.9538
95.88,0,25,3,1,1,0,0,1,-2.5e-323,0,1.0182e-83,1.28886e-84,2.21067,3593.6,61.7986
95.9,0,25,3,1,1,0,0,1,-2.5e-323,0,7.07082e-84,8.95041e-85,-0.426093,3578.92,61.8166
95.92,0,25,3,1,1,0,0,1,-2.5e-323,0,4.91029e-84,6.21556e-85,-2.06816,3572.91,61.5145
95.94,0,25,3,1,1,0,0,1,-2.5e-323,0,3.40993e-84,4.31636e-85,-0.388896,3561.08,61.2364
95.96,0,25,3,1,1,0,0,1,-2.5e-323,0,2.368e-84,2.99747e-85,2.52422,3551,61.2019
95.98,0,25,3,1,1,0,0,1,-2.5e-323,0,1.64445e-84,2.08158e-85,-0.0617344,3545.99,60.9267
96,0,25,3,1,1,0,0,1,-2.5e-323,0,1.14198e-84,1.44554e-85,1.04484,3530.83,60.6859
96.02,0,25,3,1,1,0,0,1,-2.5e-323,0,7.9304e-85,1.00385e-85,3.10626,3536.98,60.6799
96.04,0,25,3,1,1,0,0,1,-2.5e-323,0,5.50722e-85,6.97117e-86,-3.59479,3503,60.6502
96.06,0,25,3,1,1,0,0,1,-2.5e-323,0,3.82446e-85,4.84109e-86,-1.45237,3491.36,59.9758
96.08,0,25,3,1,1,0,0,1,-2.5e-323,0,2.65588e-85,3.36187e-86,1.4444,3490.88,59.9972
96.1,0,25,3,1,1,0,0,1,-2.5e-323,0,1.84436e-85,2.33463e-86,-1.80232,3479.75,59.587
96.12,0,25,3,1,1,0,0,1,-2.5e-323,0,1.2808e-85,1.62127e-86,-0.444856,3465.25,59.4611
96.14,0,25,3,1,1,0,0,1,-2.5e-323,0,8.89447e-86,1.12588e-86,-1.44871,3462.4,59.1436
96.16,0,25,3,1,1,0,0,1,-2.5e-323,0,6.17672e-86,7.81863e-87,1.01499,3454.45,59.1999
96.18,0,25,3,1,1,0,0,1,-2.5e-323,0,4.28939e-86,5.4296e-87,-3.03464,3431.45,59.004
96.2,0,25,3,1,1,0,0,1,-2.5e-323,0,2.97874e-86,3.77056e-87,2.72611,3437.11,59.0334
96.22,0,25,3,1,1,0,0,1,-2.5e-323,0,2.06857e-86,2.61844e-87,-2.61699,3429.25,58.8607
96.24,0,25,3,1,1,0,0,1,-2.5e-323,0,1.43651e-86,1.81836e-87,-1.47493,3399.99,58.7576
96.26,0,25,3,1,1,0,0,1,-2.5e-323,0,9.97574e-87,1.26275e-87,1.71627,3400.66,58.2313
96.28,0,25,3,1,1,0,0,1,-2.5e-323,0,6.9276e-87,8.76911e-88,-0.952989,3390.21,58.2273
96.3,0,25,3,1,1,0,0,1,-2.5e-323,0,4.81083e-87,6.08966e-88,0.485279,3381.38,57.9582
96.32,0,25,3,1,1,0,0,1,-2.5e-323,0,3.34086e-87,4.22893e-88,-2.38412,3370.31,58.0079
96.34,0,25,3,1,1,0,0,1,-2.5e-323,0,2.32004e-87,2.93676e-88,0.874898,3358.24,57.6572
96.36,0,25,3,1,1,0,0,1,-2.5e-323,0,1.61114e-87,2.03942e-88,1.66587,3340.08,57.3433
96.38,0,25,3,1,1,0,0,1,-2.5e-323,0,1.11885e-87,1.41626e-88,-5.15045,3335.43,57.2814
96.4,0,25,3,1,1,0,0,1,-2.5e-323,0,7.76976e-88,9.83514e-89,0.814787,3315.33,57.0371
96.42,0,25,3,1,1,0,0,1,-2.5e-323,0,5.39567e-88,6.82996e-89,1.33924,3317.16,56.8603
96.44,0,25,3,1,1,0,0,1,-2.5e-323,0,3.74699e-88,4.74303e-89,-0.192131,3306.13,56.7058
96.46,0,25,3,1,1,0,0,1,-2.5e-323,0,2.60208e-88,3.29377e-89,1.33417,3286.86,56.6773
96.48,0,25,3,1,1,0,0,1,-2.5e-323,0,1.807e-88,2.28734e-89,-0.35665,3277.53,56.3564
96.5,0,25,3,1,1,0,0,1,-2.5e-323,0,1.25486e-88,1.58843e-89,-2.11428,3273.66,56.0563
96.52,0,25,3,1,1,0,0,1,-2.5e-323,0,8.71431e-89,1.10308e-89,-1.7085,3264.3,55.8202
96.54,0,25,3,1,1,0,0,1,-2.5e-323,0,6.0516e-89,7.66026e-90,1.86215,3248.14,55.8639
96.56,0,25,3,1,1,0,0,1,-2.5e-323,0,4.2025e-89,5.31962e-90,-0.0361264,3240.13,55.847
96.58,0,25,3,1,1,0,0,1,-2.5e-323,0,2.9184e-89,3.69418e-90,1.35061,3216.06,55.4495
96.6,0,25,3,1,1,0,0,1,-2.5e-323,0,2.02667e-89,2.5654e-90,-0.890699,3213.08,55.1025
96.62,0,25,3,1,1,0,0,1,-2.5e-323,0,1.40741e-89,1.78153e-90,0.572287,3214.26,55.1042
96.64,0,25,3,1,1,0,0,1,-2.5e-323,0,9.77367e-90,1.23717e-90,1.00318,3197.14,54.9429
96.66,0,25,3,1,1,0,0,1,-2.5e-323,0,6.78727e-90,8.59149e-91,-0.37594,3196.27,54.6487
96.68,0,25,3,1,1,0,0,1,-2.5e-323,0,4.71338e-90,5.96631e-91,1.61729,3180.26,54.5568
96.7,0,25,3,1,1,0,0,1,-2.5e-323,0,3.27318e-90,4.14327e-91,-0.449993,3170.88,54.2796
96.72,0,25,3,1,1,0,0,1,-2.5e-323,0,2.27304e-90,2.87727e-91,-0.956078,3153.45,54.2536
96.74,0,25,3,1,1,0,0,1,-2.5e-323,0,1.5785e-90,1.99811e-91,-0.756648,3146.27,54.2169
96.76,0,25,3,1,1,0,0,1,-2.5e-323,0,1.09618e-90,1.38757e-91,0.606057,3130.67,53.7528
96.78,0,25,3,1,1,0,0,1,-2.5e-323,0,7.61238e-91,9.63592e-92,0.698665,3116.13,53.6271
96.8,0,25,3,1,1,0,0,1,-2.5e-323,0,5.28637e-91,6.69161e-92,0.333581,3110.44,53.5421
96.82,0,25,3,1,1,0,0,1,-2.5e-323,0,3.67109e-91,4.64695e-92,1.49636,3104.21,53.211
96.84,0,25,3,1,1,0,0,1,-2.5e-323,0,2.54937e-91,3.22705e-92,0.312974,3093.85,53.2009
96.86,0,25,3,1,1,0,0,1,-2.5e-323,0,1.7704e-91,2.24101e-92,-1.41212,3081.89,52.8501
96.88,0,25,3,1,1,0,0,1,-2.5e-323,0,1.22944e-91,1.55626e-92,2.17216,3084.69,52.5623
96.9,0,25,3,1,1,0,0,1,-2.5e-323,0,8.53779e-92,1.08073e-92,1.60971,3066.4,52.4339
96.92,0,25,3,1,1,0,0,1,-2.5e-323,0,5.92902e-92,7.50509e-93,2.01247,3046.3,53.0731
96.94,0,25,3,1,1,0,0,1,-2.5e-323,0,4.11738e-92,5.21187e-93,-0.485261,3046.66,52.4211
96.96,0,25,3,1,1,0,0,1,-2.5e-323,0,2.85929e-92,3.61935e-93,-1.3777,3036.72,52.1754
96.98,0,25,3,1,1,0,0,1,-2.5e-323,0,1.98562e-92,2.51344e-93,-2.18194,3021.98,52.0224
97,0,25,3,1,1,0,0,1,-2.5e-323,0,1.3789e-92,1.74544e-93,0.402546,3012.54,51.6515
97.02,0,25,3,1,1,0,0,1,-2.5e-323,0,9.5757e-93,1.21211e-93,-1.48067,3002.07,51.5618
97.04,0,25,3,1,1,0,0,1,-2.5e-323,0,6.64979e-93,8.41746e-94,-1.85251,3002.01,51.1972
97.06,0,25,3,1,1,0,0,1,-2.5e-323,0,4.61791e-93,5.84546e-94,-1.834,2984.92,51.1406
97.08,0,25,3,1,1,0,0,1,-2.5e-323,0,3.20688e-93,4.05934e-94,3.64655,2959.63,51.2965
97.1,0,25,3,1,1,0,0,1,-2.5e-323,0,2.227e-93,2.81899e-94,-0.216238,2959.64,50.6463
97.12,0,25,3,1,1,0,0,1,-2.5e-323,0,1.54653e-93,1.95763e-94,2.00046,2951.83,50.4621
97.14,0,25,3,1,1,0,0,1,-2.5e-323,0,1.07398e-93,1.35947e-94,-2.80586,2938.11,50.3971
97.16,0,25,3,1,1,0,0,1,-2.5e-323,0,7.45818e-94,9.44074e-95,-0.650156,2921.51,50.1997
97.18,0,25,3,1,1,0,0,1,-2.5e-323,0,5.17929e-94,6.55607e-95,-0.946539,2925.1,50.0268
97.2,0,25,3,1,1,0,0,1,-2.5e-323,0,3.59673e-94,4.55283e-95,-0.399733,2906.86,49.8309
97.22,0,25,3,1,1,0,0,1,-2.5e-323,0,2.49773e-94,3.16168e-95,-1.62347,2901.66,49.8666
97.24,0,25,3,1,1,0,0,1,-2.5e-323,0,1.73454e-94,2.19561e-95,-0.038473,2882.76,49.5592
97.26,0,25,3,1,1,0,0,1,-2.5e-323,0,1.20454e-94,1.52473e-95,2.80685,2876.05,49.2818
97.28,0,25,3,1,1,0,0,1,-2.5e-323,0,8.36485e-95,1.05884e-95,-0.177112,2870.79,49.1769
97.3,0,25,3,1,1,0,0,1,-2.5e-323,0,5.80892e-95,7.35307e-96,-0.529826,2848.81,49.0225
97.32,0,25,3,1,1,0,0,1,-2.5e-323,0,4.03397e-95,5.1063e-96,0.261993,2847.41,48.8557
97.34,0,25,3,1,1,0,0,1,-2.5e-323,0,2.80137e-95,3.54604e-96,-0.179038,2837.03,48.6145
97.36,0,25,3,1,1,0,0,1,-2.5e-323,0,1.9454e-95,2.46253e-96,1.02455,2818.81,48.5131
97.38,0,25,3,1,1,0,0,1,-2.5e-323,0,1.35097e-95,1.71009e-96,-0.458721,2820.45,48.3193
97.4,0,25,3,1,1,0,0,1,-2.5e-323,0,9.38174e-96,1.18756e-96,0.294788,2796.64,47.9735
97.42,0,25,3,1,1,0,0,1,-2.5e-323,0,6.51509e-96,8.24695e-97,-4.10267,2793.82,47.8745
97.44,0,25,3,1,1,0,0,1,-2.5e-323,0,4.52437e-96,5.72705e-97,-1.66316,2777.34,47.9235
97.46,0,25,3,1,1,0,0,1,-2.5e-323,0,3.14192e-96,3.97712e-97,-0.191565,2762.88,47.4679
97.48,0,25,3,1,1,0,0,1,-2.5e-323,0,2.18189e-96,2.76189e-97,0.29947,2768.76,47.2771
97.5,0,25,3,1,1,0,0,1,-2.5e-323,0,1.5152e-96,1.91798e-97,1.28049,2746.77,47.2952
97.52,0,25,3,1,1,0,0,1,-2.5e-323,0,1.05222e-96,1.33193e-97,1.4273,2739.73,46.9466
97.54,0,25,3,1,1,0,0,1,-2.5e-323,0,7.30711e-97,9.24951e-98,-0.4672,2732.37,46.8173
97.56,0,25,3,1,1,0,0,1,-2.5e-323,0,5.07438e-97,6.42327e-98,1.66886,2720.34,46.644
97.58,0,25,3,1,1,0,0,1,-2.5e-323,0,3.52388e-97,4.4606e-98,-0.525619,2706.39,46.6224
97.6,0,25,3,1,1,0,0,1,-2.5e-323,0,2.44714e-97,3.09764e-98,-2.12938,2687.2,46.4963
97.62,0,25,3,1,1,0,0,1,-2.5e-323,0,1.6994e-97,2.15114e-98,-3.82421,2689.41,46.2051
97.64,0,25,3,1,1,0,0,1,-2.5e-323,0,1.18014e-97,1.49385e-98,-1.01769,2673.76,45.9854
97.66,0,25,3,1,1,0,0,1,-2.5e-323,0,8.19541e-98,1.03739e-98,0.488824,2661.47,45.6309
97.68,0,25,3,1,1,0,0,1,-2.5e-323,0,5.69126e-98,7.20412e-99,0.933474,2660.91,45.541
97.7,0,25,3,1,1,0,0,1,-2.5e-323,0,3.95226e-98,5.00286e-99,3.24961,2647.02,45.6717
97.72,0,25,3,1,1,0,0,1,-2.5e-323,0,2.74463e-98,3.47421e-99,-0.573381,2637.4,45.3286
97.74,0,25,3,1,1,0,0,1,-2.5e-323,0,1.90599e-98,2.41265e-99,-0.145699,2627.49,44.7494
97.76,0,25,3,1,1,0,0,1,-2.5e-323,0,1.3236e-98,1.67545e-99,-0.30946,2605.72,44.9861
97.78,0,25,3,1,1,0,0,1,-2.5e-323,0,9.1917e-99,1.16351e-99,-1.38512,2605.19,44.5546
97.8,0,25,3,1,1,0,0,1,-2.5e-323,0,6.38312e-99,8.0799e-100,0.301996,2593.12,44.3827
97.82,0,25,3,1,1,0,0,1,-2.5e-323,0,4.43273e-99,5.61104e-100,1.46008,2586.51,44.3126
97.84,0,25,3,1,1,0,0,1,-2.5e-323,0,3.07828e-99,3.89656e-100,-0.545623,2574.68,44.1546
97.86,0,25,3,1,1,0,0,1,-2.5e-323,0,2.1377e-99,2.70594e-100,1.15059,2562.25,44.0815
97.88,0,25,3,1,1,0,0,1,-2.5e-323,0,1.48451e-99,1.87913e-100,0.325058,2549.36,44.1503
97.9,0,25,3,1,1,0,0,1,-2.5e-323,0,1.03091e-99,1.30495e-100,-0.0772491,2543.36,43.6595
97.92,0,25,3,1,1,0,0,1,-2.5e-323,0,7.1591e-100,9.06215e-101,-0.0901871,2530.21,43.5694
97.94,0,25,3,1,1,0,0,1,-2.5e-323,0,4.9716e-100,6.29316e-101,-0.66526,2517.85,43.1466
97.96,0,25,3,1,1,0,0,1,-2.5e-323,0,3.4525e-100,4.37025e-101,-1.31033,2510.83,43.1718
97.98,0,25,3,1,1,0,0,1,-2.5e-323,0,2.39757e-100,3.0349e-101,-0.289895,2512.32,43.0474
98,0,25,3,1,1,0,0,1,-2.5e-323,0,1.66498e-100,2.10757e-101,2.77293,2485,42.9185
98.02,0,25,3,1,1,0,0,1,-2.5e-323,0,1.15623e-100,1.46359e-101,-0.252848,2478.85,42.5108
98.04,0,25,3,1,1,0,0,1,-2.5e-323,0,8.02941e-101,1.01638e-101,1.59023,2469.88,42.4845
98.06,0,25,3,1,1,0,0,1,-2.5e-323,0,5.57598e-101,7.0582e-102,-0.733866,2459.93,42.1562
98.08,0,25,3,1,1,0,0,1,-2.5e-323,0,3.87221e-101,4.90153e-102,2.1676,2444.88,42.1932
98.1,0,25,3,1,1,0,0,1,-2.5e-323,0,2.68903e-101,3.40384e-102,-2.82101,2443,41.6869
98.12,0,25,3,1,1,0,0,1,-2.5e-323,0,1.86738e-101,2.36378e-102,0.611245,2422,41.5895
98.14,0,25,3,1,1,0,0,1,-2.5e-323,0,1.29679e-101,1.64151e-102,-2.25276,2423.63,41.4925
98.16,0,25,3,1,1,0,0,1,-2.5e-323,0,9.00551e-102,1.13994e-102,-0.721546,2410.81,41.295
98.18,0,25,3,1,1,0,0,1,-2.5e-323,0,6.25383e-102,7.91624e-103,-1.28386,2399.01,41.0042
98.2,0,25,3,1,1,0,0,1,-2.5e-323,0,4.34294e-102,5.49739e-103,-0.946298,2384,40.9817
98.22,0,25,3,1,1,0,0,1,-2.5e-323,0,3.01593e-102,3.81763e-103,-0.613282,2383.6,40.8195
98.24,0,25,3,1,1,0,0,1,-2.5e-323,0,2.09439e-102,2.65113e-103,-1.36605,2365.12,40.5122
98.26,0,25,3,1,1,0,0,1,-2.5e-323,0,1.45444e-102,1.84106e-103,-1.67787,2353.36,40.4514
98.28,0,25,3,1,1,0,0,1,-2.5e-323,0,1.01003e-102,1.27852e-103,3.18689,2353.36,40.1862
98.3,0,25,3,1,1,0,0,1,-2.5e-323,0,7.01408e-103,8.87859e-104,-1.00721,2330.72,39.8806
98.32,0,25,3,1,1,0,0,1,-2.5e-323,0,4.87089e-103,6.16569e-104,-1.0048,2325.27,39.9844
98.34,0,25,3,1,1,0,0,1,-2.5e-323,0,3.38256e-103,4.28173e-104,0.764103,2315.38,39.4971
98.36,0,25,3,1,1,0,0,1,-2.5e-323,0,2.349e-103,2.97342e-104,-0.36064,2304.72,39.5372
98.38,0,25,3,1,1,0,0,1,-2.5e-323,0,1.63125e-103,2.06488e-104,-0.14895,2287.93,39.1116
98.4,0,25,3,1,1,0,0,1,-2.5e-323,0,1.13281e-103,1.43394e-104,-1.17476,2288.07,38.7333
98.42,0,25,3,1,1,0,0,1,-2.5e-323,0,7.86676e-104,9.95793e-105,-0.974176,2266.55,39.0865
98.44,0,25,3,1,1,0,0,1,-2.5e-323,0,5.46303e-104,6.91523e-105,-1.34551,2259.34,38.9431
98.46,0,25,3,1,1,0,0,1,-2.5e-323,0,3.79377e-104,4.80224e-105,-0.471415,2253.06,38.6735
98.48,0,25,3,1,1,0,0,1,-2.5e-323,0,2.63456e-104,3.33489e-105,0.954939,2242.14,38.5039
98.5,0,25,3,1,1,0,0,1,-2.5e-323,0,1.82956e-104,2.3159e-105,1.32364,2240.63,38.3464
98.52,0,25,3,1,1,0,0,1,-2.5e-323,0,1.27053e-104,1.60826e-105,-2.12538,2228.9,38.2622
98.54,0,25,3,1,1,0,0,1,-2.5e-323,0,8.8231e-105,1.11685e-105,-1.18642,2211.81,38.2631
98.56,0,25,3,1,1,0,0,1,-2.5e-323,0,6.12715e-105,7.75589e-106,-2.7583,2201.09,37.9656
98.58,0,25,3,1,1,0,0,1,-2.5e-323,0,4.25497e-105,5.38603e-106,-0.834353,2194.51,37.8738
98.6,0,25,3,1,1,0,0,1,-2.5e-323,0,2.95484e-105,3.7403e-106,-0.906946,2177.46,37.5726
98.62,0,25,3,1,1,0,0,1,-2.5e-323,0,2.05197e-105,2.59743e-106,0.970896,2169.73,37.0529
98.64,0,25,3,1,1,0,0,1,-2.5e-323,0,1.42498e-105,1.80377e-106,0.0103876,2151.69,37.1675
98.66,0,25,3,1,1,0,0,1,-2.5e-323,0,9.89569e-106,1.25262e-106,-0.828081,2147.08,36.642
98.68,0,25,3,1,1,0,0,1,-2.5e-323,0,6.87201e-106,8.69874e-107,-0.530883,2142.21,36.8862
98.7,0,25,3,1,1,0,0,1,-2.5e-323,0,4.77223e-106,6.04079e-107,-1.91295,2130.2,36.583
98.72,0,25,3,1,1,0,0,1,-2.5e-323,0,3.31405e-106,4.195e-107,-1.43446,2118.4,36.2924
98.74,0,25,3,1,1,0,0,1,-2.5e-323,0,2.30142e-106,2.91319e-107,1.0072,2102.33,36.3488
98.76,0,25,3,1,1,0,0,1,-2.5e-323,0,1.59821e-106,2.02305e-107,1.28862,2088.87,35.8701
98.78,0,25,3,1,1,0,0,1,-2.5e-323,0,1.10987e-106,1.4049e-107,0.552775,2088.11,35.5334
98.8,0,25,3,1,1,0,0,1,-2.5e-323,0,7.70741e-107,9.75622e-108,0.838358,2078.44,35.7843
98.82,0,25,3,1,1,0,0,1,-2.5e-323,0,5.35237e-107,6.77515e-108,1.55214,2064.95,35.4137
98.84,0,25,3,1,1,0,0,1,-2.5e-323,0,3.71692e-107,4.70497e-108,-1.36471,2059.08,35.2474
98.86,0,25,3,1,1,0,0,1,-2.5e-323,0,2.5812e-107,3.26734e-108,-1.58601,2054.75,34.8768
98.88,0,25,3,1,1,0,0,1,-2.5e-323,0,1.7925e-107,2.26899e-108,-1.06499,2031.31,34.9998
98.9,0,25,3,1,1,0,0,1,-2.5e-323,0,1.24479e-107,1.57568e-108,2.32115,2027.08,34.9185
98.92,0,25,3,1,1,0,0,1,-2.5e-323,0,8.64438e-108,1.09423e-108,-2.28551,2012.56,34.3692
98.94,0,25,3,1,1,0,0,1,-2.5e-323,0,6.00304e-108,7.59879e-109,-2.17657,2005.46,34.6086
98.96,0,25,3,1,1,0,0,1,-2.5e-323,0,4.16878e-108,5.27693e-109,2.93993,1992.19,34.3252
98.98,0,25,3,1,1,0,0,1,-2.5e-323,0,2.89498e-108,3.66454e-109,1.49682,1986.49,34.11
99,0,25,3,1,1,0,0,1,-2.5e-323,0,2.01041e-108,2.54482e-109,-0.598804,1972.57,33.8223
99.02,0,25,3,1,1,0,0,1,-2.5e-323,0,1.39612e-108,1.76723e-109,0.709245,1958.28,33.7289
99.04,0,25,3,1,1,0,0,1,-2.5e-323,0,9.69525e-109,1.22725e-109,1.98957,1950.94,33.8382
99.06,0,25,3,1,1,0,0,1,-2.5e-323,0,6.73281e-109,8.52254e-110,-0.890172,1939.95,33.2801
99.08,0,25,3,1,1,0,0,1,-2.5e-323,0,4.67556e-109,5.91843e-110,-1.06216,1924.32,33.1615
99.1,0,25,3,1,1,0,0,1,-2.5e-323,0,3.24692e-109,4.11002e-110,-1.14159,1921.96,32.9688
99.12,0,25,3,1,1,0,0,1,-2.5e-323,0,2.2548e-109,2.85418e-110,-0.621744,1899.91,32.668
99.14,0,25,3,1,1,0,0,1,-2.5e-323,0,1.56584e-109,1.98207e-110,1.31996,1906.66,32.5289
99.16,0,25,3,1,1,0,0,1,-2.5e-323,0,1.08739e-109,1.37644e-110,0.528252,1890.85,32.7135
99.18,0,25,3,1,1,0,0,1,-2.5e-323,0,7.55129e-110,9.5586e-111,-0.47772,1880.41,32.1939
99.2,0,25,3,1,1,0,0,1,-2.5e-323,0,5.24395e-110,6.63792e-111,2.22629,1876.32,32.1953
99.22,0,25,3,1,1,0,0,1,-2.5e-323,0,3.64163e-110,4.60966e-111,2.55747,1858.06,32.1317
99.24,0,25,3,1,1,0,0,1,-2.5e-323,0,2.52891e-110,3.20116e-111,-3.215,1843.2,31.7253
99.26,0,25,3,1,1,0,0,1,-2.5e-323,0,1.75619e-110,2.22302e-111,1.5595,1825.74,31.306
99.28,0,25,3,1,1,0,0,1,-2.5e-323,0,1.21958e-110,1.54377e-111,3.00028,1830.46,31.3648
99.3,0,25,3,1,1,0,0,1,-2.5e-323,0,8.46928e-111,1.07206e-111,-0.65367,1816.19,31.1239
99.32,0,25,3,1,1,0,0,1,-2.5e-323,0,5.88144e-111,7.44487e-112,-3.47137,1812.97,30.8201
99.34,0,25,3,1,1,0,0,1,-2.5e-323,0,4.08434e-111,5.17005e-112,-2.21898,1795.5,30.7545
99.36,0,25,3,1,1,0,0,1,-2.5e-323,0,2.83634e-111,3.59031e-112,-0.041929,1787.47,30.7163
99.38,0,25,3,1,1,0,0,1,-2.5e-323,0,1.96968e-111,2.49327e-112,2.68466,1775.79,30.4427
99.4,0,25,3,1,1,0,0,1,-2.5e-323,0,1.36784e-111,1.73144e-112,1.12893,1771.26,30.5154
99.42,0,25,3,1,1,0,0,1,-2.5e-323,0,9.49886e-112,1.20239e-112,0.425289,1764.24,30.1635
99.44,0,25,3,1,1,0,0,1,-2.5e-323,0,6.59643e-112,8.34991e-113,2.04668,1744.81,29.6499
99.46,0,25,3,1,1,0,0,1,-2.5e-323,0,4.58085e-112,5.79855e-113,-0.938199,1731.89,29.9142
99.48,0,25,3,1,1,0,0,1,-2.5e-323,0,3.18115e-112,4.02677e-113,2.34356,1713.95,29.5815
99.5,0,25,3,1,1,0,0,1,-2.5e-323,0,2.20913e-112,2.79637e-113,0.104274,1711.21,29.2946
99.52,0,25,3,1,1,0,0,1,-2.5e-323,0,1.53412e-112,1.94192e-113,0.265327,1699.25,29.1923
99.54,0,25,3,1,1,0,0,1,-2.5e-323,0,1.06536e-112,1.34856e-113,0.89834,1698.95,29.1833
99.56,0,25,3,1,1,0,0,1,-2.5e-323,0,7.39834e-113,9.36498e-114,-0.858227,1693.51,29.2558
99.58,0,25,3,1,1,0,0,1,-2.5e-323,0,5.13773e-113,6.50346e-114,1.89228,1676.64,28.7459
99.6,0,25,3,1,1,0,0,1,-2.5e-323,0,3.56787e-113,4.51629e-114,1.18325,1661.34,28.6141
99.62,0,25,3,1,1,0,0,1,-2.5e-323,0,2.47769e-113,3.13631e-114,-4.17974,1651.65,28.1341
99.64,0,25,3,1,1,0,0,1,-2.5e-323,0,1.72062e-113,2.178e-114,-0.971977,1640.62,28.2642
99.66,0,25,3,1,1,0,0,1,-2.5e-323,0,1.19487e-113,1.5125e-114,0.125926,1626.81,27.822
99.68,0,25,3,1,1,0,0,1,-2.5e-323,0,8.29773e-114,1.05035e-114,-0.196434,1620.1,27.9218
99.7,0,25,3,1,1,0,0,1,-2.5e-323,0,5.76231e-114,7.29406e-115,1.31364,1606.35,28.0185
99.72,0,25,3,1,1,0,0,1,-2.5e-323,0,4.0016e-114,5.06532e-115,1.875,1596.35,27.6598
99.74,0,25,3,1,1,0,0,1,-2.5e-323,0,2.77889e-114,3.51758e-115,0.620239,1584.53,27.3853
99.76,0,25,3,1,1,0,0,1,-2.5e-323,0,1.92979e-114,2.44277e-115,-0.185882,1581.09,26.9797
99.78,0,25,3,1,1,0,0,1,-2.5e-323,0,1.34013e-114,1.69637e-115,2.33532,1572.05,26.9207
99.8,0,25,3,1,1,0,0,1,-2.5e-323,0,9.30645e-115,1.17803e-115,0.984398,1564.38,26.8455
99.82,0,25,3,1,1,0,0,1,-2.5e-323,0,6.46281e-115,8.18078e-116,-0.285039,1542.44,26.4375
99.84,0,25,3,1,1,0,0,1,-2.5e-323,0,4.48806e-115,5.68109e-116,0.0675694,1537.69,26.4902
99.86,0,25,3,1,1,0,0,1,-2.5e-323,0,3.11671e-115,3.9452e-116,1.77711,1531.61,26.2423
99.88,0,25,3,1,1,0,0,1,-2.5e-323,0,2.16438e-115,2.73973e-116,-0.707294,1510.67,26.072
99.9,0,25,3,1,1,0,0,1,-2.5e-323,0,1.50304e-115,1.90259e-116,2.44493,1511.83,25.9643
99.92,0,25,3,1,1,0,0,1,-2.5e-323,0,1.04378e-115,1.32124e-116,1.86676,1504.04,25.7176
99.94,0,25,3,1,1,0,0,1,-2.5e-323,0,7.24848e-116,9.17529e-117,0.423665,1487,25.381
99.96,0,25,3,1,1,0,0,1,-2.5e-323,0,5.03366e-116,6.37173e-117,-1.32418,1470.26,25.503
99.98,0,25,3,1,1,0,0,1,-2.5e-323,0,3.4956e-116,4.42481e-117,-0.653944,1466.37,25.2208
100,0,25,3,1,1,0,0,1,-2.5e-323,0,2.4275e-116,3.07278e-117,-1.83819,1455.35,25.166
100.02,0,25,3,1,1,0,0,1,-2.5e-323,0,1.68576e-116,2.13388e-117,0.859732,1451.44,24.8417
100.04,0,25,3,1,1,0,0,1,-2.5e-323,0,1.17067e-116,1.48186e-117,-0.26851,1428.88,24.6725
100.06,0,25,3,1,1,0,0,1,-2.5e-323,0,8.12965e-117,1.02907e-117,-0.943777,1432.7,24.5509
100.08,0,25,3,1,1,0,0,1,-2.5e-323,0,5.64559e-117,7.14631e-118,-1.77008,1419.04,24.3385
100.1,0,25,3,1,1,0,0,1,-2.5e-323,0,3.92055e-117,4.96272e-118,0.472342,1411.89,24.292
100.12,0,25,3,1,1,0,0,1,-2.5e-323,0,2.7226e-117,3.44633e-118,1.18177,1387.81,23.983
100.14,0,25,3,1,1,0,0,1,-2.5e-323,0,1.8907e-117,2.39329e-118,-2.5382,1381.29,23.7757
100.16,0,25,3,1,1,0,0,1,-2.5e-323,0,1.31298e-117,1.662e-118,-1.19221,1380.09,23.4211
100.18,0,25,3,1,1,0,0,1,-2.5e-323,0,9.11794e-118,1.15417e-118,-2.7324,1366.27,23.4144
100.2,0,25,3,1,1,0,0,1,-2.5e-323,0,6.3319e-118,8.01507e-119,1.23426,1356.28,23.046
100.22,0,25,3,1,1,0,0,1,-2.5e-323,0,4.39716e-118,5.56602e-119,-2.82843,1347.35,23.2397
100.24,0,25,3,1,1,0,0,1,-2.5e-323,0,3.05358e-118,3.86529e-119,0.190987,1336.76,23.1032
100.26,0,25,3,1,1,0,0,1,-2.5e-323,0,2.12054e-118,2.68423e-119,-1.35725,1314.98,22.6982
100.28,0,25,3,1,1,0,0,1,-2.5e-323,0,1.4726e-118,1.86405e-119,0.856467,1304.54,22.4122
100.3,0,25,3,1,1,0,0,1,-2.5e-323,0,1.02264e-118,1.29448e-119,1.24396,1307.28,22.4582
100.32,0,25,3,1,1,0,0,1,-2.5e-323,0,7.10165e-119,8.98943e-120,0.185891,1300.42,22.1494
100.34,0,25,3,1,1,0,0,1,-2.5e-323,0,4.9317e-119,6.24266e-120,-0.843975,1281.54,22.0756
100.36,0,25,3,1,1,0,0,1,-2.5e-323,0,3.42479e-119,4.33518e-120,1.29457,1272.3,21.769
100.38,0,25,3,1,1,0,0,1,-2.5e-323,0,2.37833e-119,3.01054e-120,-1.14606,1259.56,21.7529
100.4,0,25,3,1,1,0,0,1,-2.5e-323,0,1.65162e-119,2.09065e-120,-1.51273,1252.25,21.3103
100.42,0,25,3,1,1,0,0,1,-2.5e-323,0,1.14696e-119,1.45184e-120,-0.796231,1237.71,21.4806
100.44,0,25,3,1,1,0,0,1,-2.5e-323,0,7.96497e-120,1.00822e-120,0.12863,1235.45,21.1923
100.46,0,25,3,1,1,0,0,1,-2.5e-323,0,5.53123e-120,7.00156e-121,-1.6853,1221.32,20.804
100.48,0,25,3,1,1,0,0,1,-2.5e-323,0,3.84113e-120,4.86219e-121,2.37856,1211.74,20.7679
100.5,0,25,3,1,1,0,0,1,-2.5e-323,0,2.66745e-120,3.37652e-121,1.18726,1200.18,20.6327
100.52,0,25,3,1,1,0,0,1,-2.5e-323,0,1.8524e-120,2.34481e-121,-0.654192,1192.57,20.4201
100.54,0,25,3,1,1,0,0,1,-2.5e-323,0,1.28639e-120,1.62834e-121,1.73973,1187.54,20.1715
100.56,0,25,3,1,1,0,0,1,-2.5e-323,0,8.93325e-121,1.13079e-121,1.59204,1162.74,19.7551
100.58,0,25,3,1,1,0,0,1,-2.5e-323,0,6.20364e-121,7.85271e-122,0.762183,1161.49,19.5484
100.6,0,25,3,1,1,0,0,1,-2.5e-323,0,4.30809e-121,5.45327e-122,-0.818689,1147.99,19.846
100.62,0,25,3,1,1,0,0,1,-2.5e-323,0,2.99173e-121,3.787e-122,-0.20797,1141.24,19.5671
100.64,0,25,3,1,1,0,0,1,-2.5e-323,0,2.07759e-121,2.62986e-122,-1.82269,1131.36,19.4166
100.66,0,25,3,1,1,0,0,1,-2.5e-323,0,1.44277e-121,1.82629e-122,-1.1469,1118.71,18.9438
100.68,0,25,3,1,1,0,0,1,-2.5e-323,0,1.00192e-121,1.26826e-122,2.72857,1118.88,18.731
100.7,0,25,3,1,1,0,0,1,-2.5e-323,0,6.9578e-122,8.80734e-123,-0.960872,1087.42,19.0851
100.72,0,25,3,1,1,0,0,1,-2.5e-323,0,4.83181e-122,6.11621e-123,2.43743,1095.52,18.6481
100.74,0,25,3,1,1,0,0,1,-2.5e-323,0,3.35542e-122,4.24737e-123,2.03037,1078.37,18.3798
100.76,0,25,3,1,1,0,0,1,-2.5e-323,0,2.33015e-122,2.94956e-123,-1.45552,1053.65,18.3914
100.78,0,25,3,1,1,0,0,1,-2.5e-323,0,1.61816e-122,2.04831e-123,0.271298,1055.25,18.0014
100.8,0,25,3,1,1,0,0,1,-2.5e-323,0,1.12372e-122,1.42243e-123,2.4678,1046.27,17.9915
100.82,0,25,3,1,1,0,0,1,-2.5e-323,0,7.80364e-123,9.87802e-124,-1.14002,1037.49,17.9049
100.84,0,25,3,1,1,0,0,1,-2.5e-323,0,5.41919e-123,6.85974e-124,-1.35488,1019.02,17.6626
100.86,0,25,3,1,1,0,0,1,-2.5e-323,0,3.76333e-123,4.76371e-124,0.362308,1018.07,17.4188
100.88,0,25,3,1,1,0,0,1,-2.5e-323,0,2.61342e-123,3.30813e-124,-0.78799,1003.57,17.212
100.9,0,25,3,1,1,0,0,1,-2.5e-323,0,1.81488e-123,2.29731e-124,0.136103,995.093,16.9835
100.92,0,25,3,1,1,0,0,1,-2.5e-323,0,1.26033e-123,1.59536e-124,0.18543,984.656,16.8851
100.94,0,25,3,1,1,0,0,1,-2.5e-323,0,8.7523e-124,1.10789e-124,0.596413,976.729,16.7823
100.96,0,25,3,1,1,0,0,1,-2.5e-323,0,6.07798e-124,7.69365e-125,0.0861835,967.737,16.3021
100.98,0,25,3,1,1,0,0,1,-2.5e-323,0,4.22082e-124,5.34281e-125,0.205803,946.027,16.1058
101,0,25,3,1,1,0,0,1,-2.5e-323,0,2.93113e-124,3.71029e-125,-1.00689,944.72,16.5858
101.02,0,25,3,1,1,0,0,1,-2.5e-323,0,2.0355e-124,2.57659e-125,-0.578661,929.859,16.0914
101.04,0,25,3,1,1,0,0,1,-2.5e-323,0,1.41354e-124,1.7893e-125,-1.16484,919.634,15.7008
101.06,0,25,3,1,1,0,0,1,-2.5e-323,0,9.81628e-125,1.24257e-125,-0.258493,913.897,15.9489
101.08,0,25,3,1,1,0,0,1,-2.5e-323,0,6.81686e-125,8.62894e-126,-0.719303,906.513,15.3502
101.1,0,25,3,1,1,0,0,1,-2.5e-323,0,4.73393e-125,5.99232e-126,1.43242,886.606,15.3353
101.12,0,25,3,1,1,0,0,1,-2.5e-323,0,3.28745e-125,4.16133e-126,-0.864205,873.061,14.8797
101.14,0,25,3,1,1,0,0,1,-2.5e-323,0,2.28295e-125,2.88982e-126,-0.797242,870.322,15.0455
101.16,0,25,3,1,1,0,0,1,-2.5e-323,0,1.58538e-125,2.00682e-126,0.215695,867.475,14.8821
101.18,0,25,3,1,1,0,0,1,-2.5e-323,0,1.10096e-125,1.39362e-126,-2.0114,855.86,14.8377
101.2,0,25,3,1,1,0,0,1,-2.5e-323,0,7.64557e-126,9.67793e-127,-2.79074,832.834,14.5689
101.22,0,25,3,1,1,0,0,1,-2.5e-323,0,5.30942e-126,6.72079e-127,-1.73067,836.528,14.2655
101.24,0,25,3,1,1,0,0,1,-2.5e-323,0,3.6871e-126,4.66721e-127,0.383304,815.945,14.2733
101.26,0,25,3,1,1,0,0,1,-2.5e-323,0,2.56048e-126,3.24112e-127,-2.51773,809.263,14.0819
101.28,0,25,3,1,1,0,0,1,-2.5e-323,0,1.77811e-126,2.25078e-127,0.854056,800.105,13.7174
101.3,0,25,3,1,1,0,0,1,-2.5e-323,0,1.2348e-126,1.56304e-127,1.27449,783.611,13.64
101.32,0,25,3,1,1,0,0,1,-2.5e-323,0,8.57501e-127,1.08544e-127,-3.06855,770.636,13.6748
101.34,0,25,3,1,1,0,0,1,-2.5e-323,0,5.95487e-127,7.53781e-128,-0.906773,773.038,12.8174
101.36,0,25,3,1,1,0,0,1,-2.5e-323,0,4.13533e-127,5.23459e-128,-2.5299,754.282,13.1024
101.38,0,25,3,1,1,0,0,1,-2.5e-323,0,2.87175e-127,3.63513e-128,-1.10766,748.724,12.8012
101.4,0,25,3,1,1,0,0,1,-2.5e-323,0,1.99427e-127,2.5244e-128,-0.0960364,743.413,12.7085
101.42,0,25,3,1,1,0,0,1,-2.5e-323,0,1.38491e-127,1.75305e-128,0.922409,722.24,12.4919
101.44,0,25,3,1,1,0,0,1,-2.5e-323,0,9.61745e-128,1.2174e-128,-1.0551,721.387,12.03
101.46,0,25,3,1,1,0,0,1,-2.5e-323,0,6.67878e-128,8.45415e-129,1.06834,708.88,11.9337
101.48,0,25,3,1,1,0,0,1,-2.5e-323,0,4.63804e-128,5.87094e-129,-1.06425,698.97,12.0731
101.5,0,25,3,1,1,0,0,1,-2.5e-323,0,3.22086e-128,4.07704e-129,2.62432,689.488,11.6546
101.52,0,25,3,1,1,0,0,1,-2.5e-323,0,2.23671e-128,2.83128e-129,1.41718,677.526,11.2574
101.54,0,25,3,1,1,0,0,1,-2.5e-323,0,1.55327e-128,1.96617e-129,-1.6028,667.811,11.5617
101.56,0,25,3,1,1,0,0,1,-2.5e-323,0,1.07866e-128,1.36539e-129,0.666002,659.607,11.3812
101.58,0,25,3,1,1,0,0,1,-2.5e-323,0,7.4907e-129,9.4819e-130,0.697425,644.561,10.9613
101.6,0,25,3,1,1,0,0,1,-2.5e-323,0,5.20187e-129,6.58465e-130,1.44365,634.676,10.4889
101.62,0,25,3,1,1,0,0,1,-2.5e-323,0,3.61241e-129,4.57267e-130,1.00488,621.047,10.7514
101.64,0,25,3,1,1,0,0,1,-2.5e-323,0,2.50862e-129,3.17547e-130,0.250923,615.155,10.2777
101.66,0,25,3,1,1,0,0,1,-2.5e-323,0,1.7421e-129,2.20519e-130,-0.0218257,607.917,10.5648
101.68,0,25,3,1,1,0,0,1,-2.5e-323,0,1.20979e-129,1.53138e-130,-0.622433,595.041,10.313
101.7,0,25,3,1,1,0,0,1,-2.5e-323,0,8.40132e-130,1.06346e-130,-3.07507,578.843,10.1255
101.72,0,25,3,1,1,0,0,1,-2.5e-323,0,5.83425e-130,7.38512e-131,-1.84218,572.04,9.88209
101.74,0,25,3,1,1,0,0,1,-2.5e-323,0,4.05156e-130,5.12856e-131,-1.53275,557.383,9.64608
101.76,0,25,3,1,1,0,0,1,-2.5e-323,0,2.81358e-130,3.5615e-131,0.332381,547.203,9.36081
101.78,0,25,3,1,1,0,0,1,-2.5e-323,0,1.95388e-130,2.47326e-131,1.51971,532.854,9.23523
101.8,0,25,3,1,1,0,0,1,-2.5e-323,0,1.35686e-130,1.71754e-131,-0.829047,529.138,9.26599
101.82,0,25,3,1,1,0,0,1,-2.5e-323,0,9.42264e-131,1.19274e-131,-1.68426,518.252,9.15453
101.84,0,25,3,1,1,0,0,1,-2.5e-323,0,6.5435e-131,8.28291e-132,-1.64157,507.021,8.91325
101.86,0,25,3,1,1,0,0,1,-2.5e-323,0,4.5441e-131,5.75202e-132,0.719154,505.537,8.59397
101.88,0,25,3,1,1,0,0,1,-2.5e-323,0,3.15562e-131,3.99446e-132,0.0298563,495.363,8.56968
101.9,0,25,3,1,1,0,0,1,-2.5e-323,0,2.1914e-131,2.77393e-132,1.42457,473.814,8.40814
101.92,0,25,3,1,1,0,0,1,-2.5e-323,0,1.52181e-131,1.92634e-132,0.513947,466.991,8.02187
101.94,0,25,3,1,1,0,0,1,-2.5e-323,0,1.05681e-131,1.33774e-132,-0.639341,465.072,7.86441
101.96,0,25,3,1,1,0,0,1,-2.5e-323,0,7.33897e-132,9.28983e-133,1.51879,452.94,7.91619
101.98,0,25,3,1,1,0,0,1,-2.5e-323,0,5.09651e-132,6.45127e-133,0.555146,436.434,7.60729
102,0,25,3,1,1,0,0,1,-2.5e-323,0,3.53924e-132,4.48005e-133,-1.36588,431.687,7.20485
102.02,0,25,3,1,1,0,0,1,-2.5e-323,0,2.45781e-132,3.11115e-133,-0.741754,421.43,7.17164
102.04,0,25,3,1,1,0,0,1,-2.5e-323,0,1.70681e-132,2.16052e-133,-0.216566,407.128,7.1992
102.06,0,25,3,1,1,0,0,1,-2.5e-323,0,1.18528e-132,1.50036e-133,-2.12039,402.524,6.84879
102.08,0,25,3,1,1,0,0,1,-2.5e-323,0,8.23114e-133,1.04192e-133,0.636913,386.433,6.78263
102.1,0,25,3,1,1,0,0,1,-2.5e-323,0,5.71607e-133,7.23553e-134,-0.369207,377.601,6.69569
102.12,0,25,3,1,1,0,0,1,-2.5e-323,0,3.96949e-133,5.02467e-134,-0.576389,364.879,6.34364
102.14,0,25,3,1,1,0,0,1,-2.5e-323,0,2.75659e-133,3.48936e-134,2.64901,357.163,5.94348
102.16,0,25,3,1,1,0,0,2,0.318182,0,0.0530303,0.0067127,1.70342,348.991,6.11591
102.18,0,25,3,1,1,0,0,2,0.870398,0,0.266259,0.0337037,1.47463,342.741,5.58567
102.2,0,25,3,1,1,0,0,2,1.32678,0,0.560122,0.0709015,0.869966,325.665,5.47304
102.22,0,25,3,1,1,0,0,2,1.70395,0,0.884679,0.111985,-1.80636,311.258,5.70007
102.24,0,25,3,1,1,0,0,2,2.01566,0,1.20964,0.153119,-0.246306,317.508,5.2875
102.26,0,25,3,1,1,0,0,2,2.27327,0,1.5176,0.192101,0.455119,297.034,5.02483
102.28,0,25,3,1,1,0,0,2,2.48617,0,1.79947,0.227781,1.63909,290.481,4.5668
102.3,0,25,3,1,1,0,0,2,2.66213,0,2.05142,0.259674,1.16219,270.178,4.76463
102.32,0,25,3,1,1,0,0,2,2.80754,0,2.27284,0.287702,1.8233,267.02,4.48637
102.34,0,25,3,1,1,0,0,2,2.92772,0,2.465,0.312025,-0.191197,258.982,4.30555
102.36,0,25,3,1,1,0,0,2,3.02704,0,2.63016,0.332932,2.72252,249.599,4.27062
102.38,0,25,3,1,1,0,0,2,3.10913,0,2.77109,0.35077,2.43748,238.522,4.04705
102.4,0,25,3,1,1,0,0,2,3.17696,0,2.89062,0.365901,-1.89944,220.248,3.91359
102.42,0,25,3,1,1,0,0,2,3.23303,0,2.99153,0.378675,-0.304821,218.848,3.81629
102.44,0,25,3,1,1,0,0,2,3.27936,0,3.07642,0.38942,2.73705,196.285,3.1534
102.46,0,25,3,1,1,0,0,2,3.31765,0,3.1476,0.39843,3.54607,194.359,3.28877
102.48,0,25,3,1,1,0,0,2,3.3493,0,3.20714,0.405967,-1.78052,179.741,3.27776
102.5,0,25,3,1,1,0,0,2,3.37546,0,3.25684,0.412258,1.69008,170.926,2.91896
102.52,0,25,3,1,1,0,0,2,3.39707,0,3.29826,0.417501,1.25081,152.728,2.77143
102.54,0,25,3,1,1,0,0,2,3.41493,0,3.33273,0.421864,-0.990996,155.568,2.73396
102.56,0,25,3,1,1,0,0,2,3.4297,0,3.36138,0.425491,-0.527024,144.507,2.40876
102.58,0,25,3,1,1,0,0,2,3.4419,0,3.38518,0.428503,-2.46931,128.443,2.53299
102.6,0,25,3,1,1,0,0,2,3.45198,0,3.40492,0.431003,3.53056,121.621,2.07697
102.62,0,25,3,1,1,0,0,2,3.46032,0,3.4213,0.433076,-0.00194099,105.03,1.92872
102.64,0,25,3,1,1,0,0,2,3.4672,0,3.43487,0.434794,1.47583,96.0813,1.7
102.66,0,25,3,1,1,0,0,2,3.4729,0,3.44611,0.436217,-0.107475,95.0121,1.7364
102.68,0,25,3,1,1,0,0,2,3.4776,0,3.45542,0.437395,1.54799,78.6417,1.34034
102.7,0,25,3,1,1,0,0,2,3.48149,0,3.46313,0.438371,0.0627482,69.3279,0.973321
102.72,0,25,3,1,1,0,0,2,3.4847,0,3.46951,0.439178,0.225136,66.4912,1.1378
102.74,0,25,3,1,1,0,0,2,3.48736,0,3.47479,0.439846,1.38439,59.8375,1.05601
102.76,0,25,3,1,1,0,0,2,3.48955,0,3.47915,0.440399,-0.291641,44.0982,0.910094
102.78,0,25,3,1,1,0,0,2,3.49136,0,3.48276,0.440856,-0.142732,32.3974,0.573403
102.8,0,25,3,1,1,0,0,2,3.49286,0,3.48575,0.441234,0.568904,17.7546,0.395996
102.82,0,25,3,1,1,0,0,2,3.4941,0,3.48822,0.441547,-0.858434,4.93868,0.100044
102.84,0,25,3,1,1,0,0,2,3.49513,0,3.49026,0.441805,-0.0417918,1.60377,0.133682
102.86,0,25,3,1,1,0,0,2,3.49597,0,3.49195,0.442019,0.587174,2.18282,0.0318214
102.88,0,25,3,1,1,0,0,2,3.49667,0,3.49335,0.442196,-1.89346,5.61035,-0.0810426
102.9,0,25,3,1,1,0,0,2,3.49725,0,3.4945,0.442342,-1.24158,-10.9174,-0.152601
102.92,0,25,3,1,1,0,0,2,3.49773,0,3.49545,0.442463,2.21423,-2.19849,-0.193194
102.94,0,25,3,1,1,0,0,2,3.49812,0,3.49624,0.442562,1.85216,-1.18675,0.129981
102.96,0,25,3,1,1,0,0,2,3.49845,0,3.49689,0.442645,-0.489441,-3.52089,0.061139
102.98,0,25,3,1,1,0,0,2,3.49872,0,3.49743,0.442713,-2.56742,7.79653,0.0815353
103,0,25,3,1,1,0,0,2,3.49894,0,3.49788,0.442769,-1.58301,1.28099,0.0587442
103.02,0,25,3,1,1,0,0,2,3.49912,0,3.49825,0.442816,1.30066,7.18523,-0.163514
103.04,0,25,3,1,1,0,0,2,3.49928,0,3.49855,0.442855,-1.40951,-0.899925,-0.00480573
103.06,0,25,3,1,1,0,0,2,3.4994,0,3.4988,0.442886,0.719886,1.74095,-0.0533344
103.08,0,25,3,1,1,0,0,2,3.49951,0,3.49901,0.442913,1.75566,-7.08366,0.0921717
103.1,0,25,3,1,1,0,0,2,3.49959,0,3.49918,0.442934,0.629145,-7.77302,-0.0421812
103.12,0,25,3,1,1,0,0,2,3.49966,0,3.49932,0.442952,-1.14238,-3.69613,-0.298793
103.14,0,25,3,1,1,0,0,2,3.49972,0,3.49944,0.442967,-0.19152,3.11731,-0.115495
103.16,0,25,3,1,1,0,0,2,3.49977,0,3.49954,0.44298,1.09497,3.44696,0.117372
103.18,0,25,3,1,1,0,0,2,3.49981,0,3.49962,0.44299,2.12207,6.05043,-0.383604
103.2,0,25,3,1,1,0,0,2,3.49984,0,3.49968,0.442998,1.85451,1.70136,-0.028974
103.22,0,25,3,1,1,0,0,2,3.49987,0,3.49974,0.443005,2.14773,-3.51175,0.0470764
103.24,0,25,3,1,1,0,0,2,3.49989,0,3.49978,0.443011,1.63017,0.471497,-0.162187
103.26,0,25,3,1,1,0,0,2,3.49991,0,3.49982,0.443015,0.996076,-3.78315,-0.00505662
103.28,0,25,3,1,1,0,0,2,3.49993,0,3.49985,0.443019,0.225538,-0.204381,0.135548
103.3,0,25,3,1,1,0,0,2,3.49994,0,3.49988,0.443023,-1.18801,-4.20345,0.0136157
103.32,0,25,3,1,1,0,0,2,3.49995,0,3.4999,0.443025,-0.614888,-10.2245,-0.131965
103.34,0,25,3,1,1,0,0,2,3.49996,0,3.49992,0.443027,1.33822,-2.3209,-0.114678
103.36,0,25,3,1,1,0,0,2,3.49997,0,3.49993,0.443029,-0.72025,-1.165,0.0926913
103.38,0,25,3,1,1,0,0,2,3.49997,0,3.49994,0.443031,-0.45513,-5.79114,-0.0603
103.4,0,25,3,1,1,0,0,2,3.49998,0,3.49995,0.443032,0.922206,0.0482231,-0.0136275
103.42,0,25,3,1,1,0,0,2,3.49998,0,3.49996,0.443033,3.64097,1.83598,0.00917742
103.44,0,25,3,1,1,0,0,2,3.49998,0,3.49997,0.443034,-0.91378,2.59547,-0.302792
103.46,0,25,3,1,1,0,0,2,3.49999,0,3.49997,0.443035,3.27216,4.11503,0.0663725
103.48,0,25,3,1,1,0,0,2,3.49999,0,3.49998,0.443035,0.596283,-1.17366,0.303711
103.5,0,25,3,1,1,0,0,2,3.49999,0,3.49998,0.443036,0.923225,-4.48797,0.0584681
103.52,0,25,3,1,1,0,0,2,3.49999,0,3.49999,0.443036,-2.60985,2.33136,0.0148876
103.54,0,25,3,1,1,0,0,2,3.49999,0,3.49999,0.443036,0.724547,5.92673,0.0688522
103.56,0,25,3,1,1,0,0,2,3.49999,0,3.49999,0.443037,-0.729218,-4.94281,-0.224293
103.58,0,25,3,1,1,0,0,2,3.5,0,3.49999,0.443037,2.2887,-2.65702,-0.0298271
103.6,0,25,3,1,1,0,0,2,3.5,0,3.49999,0.443037,2.07464,-2.82345,-0.0596679
103.62,0,25,3,1,1,0,0,2,3.5,0,3.49999,0.443037,-0.0104457,-4.71934,0.014091
103.64,0,25,3,1,1,0,0,2,3.5,0,3.5,0.443037,1.82714,-0.608817,0.163039
103.66,0,25,3,1,1,0,0,2,3.5,0,3.5,0.443037,0.344101,2.62417,0.273465
103.68,0,25,3,1,1,0,0,2,3.5,0,3.5,0.443038,-2.07808,-0.471328,0.14146
103.7,0,25,3,1,1,0,0,2,3.5,0,3.5,0.443038,-2.69585,8.74883,0.110669
103.72,0,25,3,1,1,0,0,2,3.5,0,3.5,0.443038,-0.383784,1.86561,0.047848
103.74,0,25,3,1,1,0,0,2,3.5,0,3.5,0.443038,2.01869,1.71983,0.0799868
103.76,0,25,3,1,1,0,0,2,3.5,0,3.5,0.443038,3.11469,-4.77067,0.0524473
103.78,0,25,3,1,1,0,0,2,3.5,0,3.5,0.443038,-0.481716,-0.370306,-0.142632
103.8,0,25,3,1,1,0,0,2,3.5,0,3.5,0.443038,-0.40578,2.71887,-0.0746656
103.82,0,25,3,1,1,0,0,2,3.5,0,3.5,0.443038,-0.354315,-1.60221,-0.0316303
103.84,0,25,3,1,1,0,0,2,3.5,0,3.5,0.443038,2.04437,1.3525,-0.301357
103.86,0,25,3,1,1,0,0,2,3.5,0,3.5,0.443038,1.01307,-8.37777,-0.177676
103.88,0,25,3,1,1,0,0,2,3.5,0,3.5,0.443038,0.411393,-0.508059,0.0899112
103.9,0,25,3,1,1,0,0,2,3.5,0,3.5,0.443038,1.34894,-5.53221,-0.120127
103.92,0,25,3,1,1,0,0,2,3.5,0,3.5,0.443038,-0.359057,6.398,-0.0423378
103.94,0,25,3,1,1,0,0,2,3.5,0,3.5,0.443038,1.24243,-6.30863,-0.341825
103.96,0,25,3,1,1,0,0,2,3.5,0,3.5,0.443038,0.158489,0.347418,-0.0763232
103.98,0,25,3,1,1,0,0,2,3.5,0,3.5,0.443038,-1.09175,0.761933,0.0147586
104,0,25,3,1,1,0,0,2,3.5,0,3.5,0.443038,0.0562759,-1.86079,-0.0732012
104.02,0,25,3,1,1,0,0,2,3.5,0,3.5,0.443038,0.238927,-11.0522,0.0907271
104.04,0,25,3,1,1,0,0,2,3.5,0,3.5,0.443038,2.33837,2.18866,0.00598296
104.06,0,25,3,1,1,0,0,2,3.5,0,3.5,0.443038,1.70838,2.91668,0.101235
104.08,0,25,3,1,1,0,0,2,3.5,0,3.5,0.443038,1.08851,-2.05103,-0.0678706
104.1,0,25,3,1,1,0,0,2,3.5,0,3.5,0.443038,-1.51558,-3.06905,-0.08627
104.12,0,25,3,1,1,0,0,2,3.5,0,3.5,0.443038,0.348242,-4.6039,0.115143
104.14,0,25,3,1,1,0,0,2,3.5,0,3.5,0.443038,-0.748708,-1.75445,0.0818193
104.16,0,25,3,1,1,0,0,2,3.5,0,3.5,0.443038,1.69857,-0.37112,-0.0393954
104.18,0,25,3,1,1,0,0,2,3.5,0,3.5,0.443038,-0.852262,-9.30499,0.237467
104.2,0,25,3,1,1,0,0,2,3.5,0,3.5,0.443038,1.12185,2.01764,0.0126055
104.22,0,25,3,1,1,0,0,2,3.5,0,3.5,0.443038,1.23495,-2.70984,0.492858
104.24,0,25,3,1,1,0,0,2,3.5,0,3.5,0.443038,2.54443,1.62557,0.0415374
104.26,0,25,3,1,1,0,0,2,3.5,0,3.5,0.443038,4.36973,4.16599,0.0508587
104.28,0,25,3,1,1,0,0,2,3.5,0,3.5,0.443038,-1.48633,-0.537187,-0.0380691
104.3,0,25,3,1,1,0,0,2,3.5,0,3.5,0.443038,-2.35269,5.06661,-0.0419905
104.32,0,25,3,1,1,0,0,2,3.5,0,3.5,0.443038,2.35212,-10.8522,-0.0681869
104.34,0,25,3,1,1,0,0,2,3.5,0,3.5,0.443038,-0.641167,-0.58804,0.218026
104.36,0,25,3,1,1,0,0,2,3.5,0,3.5,0.443038,1.34426,-7.32716,0.0427747
104.38,0,25,3,1,1,0,0,2,3.5,0,3.5,0.443038,-0.630027,3.14553,-0.00835125
104.4,0,25,3,1,1,0,0,2,3.5,0,3.5,0.443038,-1.21974,-16.2179,0.0535779
104.42,0,25,3,1,1,0,0,2,3.5,0,3.5,0.443038,0.263289,1.44968,0.0805905
104.44,0,25,3,1,1,0,0,2,3.5,0,3.5,0.443038,1.73183,4.62934,-0.235803
104.46,0,25,3,1,1,0,0,2,3.5,0,3.5,0.443038,-0.22696,0.631691,0.12533
104.48,0,25,3,1,1,0,0,2,3.5,0,3.5,0.443038,0.957396,-12.6241,-0.109547
104.5,0,25,3,1,1,0,0,2,3.5,0,3.5,0.443038,0.797125,-3.1695,0.18707
104.52,0,25,3,1,1,0,0,2,3.5,0,3.5,0.443038,0.298521,3.79213,-0.0392351
104.54,0,25,3,1,1,0,0,2,3.5,0,3.5,0.443038,-2.22911,-8.68897,-0.0474855
104.56,0,25,3,1,1,0,0,2,3.5,0,3.5,0.443038,1.91606,2.98508,0.172491
104.58,0,25,3,1,1,0,0,2,3.5,0,3.5,0.443038,0.200035,4.5067,-0.165956
104.6,0,25,3,1,1,0,0,2,3.5,0,3.5,0.443038,1.44447,2.19329,-0.00801848
104.62,0,25,3,1,1,0,0,2,3.5,0,3.5,0.443038,-4.34217,4.35896,0.0827934
104.64,0,25,3,1,1,0,0,2,3.5,0,3.5,0.443038,-1.8796,-1.52466,0.0191247
104.66,0,25,3,1,1,0,0,2,3.5,0,3.5,0.443038,1.9185,0.0846776,-0.0749225
104.68,0,25,3,1,1,0,0,2,3.5,0,3.5,0.443038,0.590685,-14.183,0.0503541
104.7,0,25,3,1,1,0,0,2,3.5,0,3.5,0.443038,0.916934,-1.44912,0.292611
104.72,0,25,3,1,1,0,0,2,3.5,0,3.5,0.443038,0.592661,9.73888,0.0492947
104.74,0,25,3,1,1,0,0,2,3.5,0,3.5,0.443038,-1.98891,-5.80181,-0.151799
104.76,0,25,3,1,1,0,0,2,3.5,0,3.5,0.443038,0.691533,-4.9023,-0.0367621
104.78,0,25,3,1,1,0,0,2,3.5,0,3.5,0.443038,0.382936,-1.83227,-0.280658
104.8,0,25,3,1,1,0,0,2,3.5,0,3.5,0.443038,0.765813,-7.93934,-0.135563
104.82,0,25,3,1,1,0,0,2,3.5,0,3.5,0.443038,0.643304,-7.86884,0.0227904
104.84,0,25,3,1,1,0,0,2,3.5,0,3.5,0.443038,2.809,-4.72352,-0.00281545
104.86,0,25,3,1,1,0,0,2,3.5,0,3.5,0.443038,-0.295808,-5.64489,0.125856
104.88,0,25,3,1,1,0,0,2,3.5,0,3.5,0.443038,2.23184,-0.342432,-0.10436
104.9,0,25,3,1,1,0,0,2,3.5,0,3.5,0.443038,-0.145803,-3.88599,0.154466
104.92,0,25,3,1,1,0,0,2,3.5,0,3.5,0.443038,2.45659,4.4841,-0.0559203
104.94,0,25,3,1,1,0,0,2,3.5,0,3.5,0.443038,-0.796867,-0.730338,-0.23198
104.96,0,25,3,1,1,0,0,2,3.5,0,3.5,0.443038,2.08598,1.60674,0.0799628
104.98,0,25,3,1,1,0,0,2,3.5,0,3.5,0.443038,-0.038855,1.61592,0.0642225
105,0,25,3,1,1,0,0,2,3.5,0,3.5,0.443038,1.23988,-0.106946,0.106593
105.02,0,25,3,1,1,0,0,2,3.5,0,3.5,0.443038,-0.455109,4.23307,-0.293131
105.04,0,25,3,1,1,0,0,2,3.5,0,3.5,0.443038,3.74611,5.52024,-0.0245566
105.06,0,25,3,1,1,0,0,2,3.5,0,3.5,0.443038,3.26505,-5.04039,0.234656
105.08,0,25,3,1,1,0,0,2,3.5,0,3.5,0.443038,-1.96194,-4.86325,0.248856
105.1,0,25,3,1,1,0,0,2,3.5,0,3.5,0.443038,2.17574,-11.1346,0.0478466
105.12,0,25,3,1,1,0,0,2,3.5,0,3.5,0.443038,-1.79539,-2.21506,0.0211723
105.14,0,25,3,1,1,0,0,2,3.5,0,3.5,0.443038,0.267837,-1.81747,0.0858494
105.16,0,25,3,1,1,0,0,2,3.5,0,3.5,0.443038,-1.5012,-1.38688,-0.0484378
105.18,0,25,3,1,1,0,0,2,3.5,0,3.5,0.443038,0.222511,0.737783,0.0306223
105.2,0,25,3,1,1,0,0,2,3.5,0,3.5,0.443038,1.87884,6.57466,-0.303876
105.22,0,25,3,1,1,0,0,2,3.5,0,3.5,0.443038,0.636358,1.86539,0.0476777
105.24,0,25,3,1,1,0,0,2,3.5,0,3.5,0.443038,-0.0206142,9.27344,-0.178236
105.26,0,25,3,1,1,0,0,2,3.5,0,3.5,0.443038,0.533789,-7.78165,0.112418
105.28,0,25,3,1,1,0,0,2,3.5,0,3.5,0.443038,0.194706,13.6731,-0.0202863
105.3,0,25,3,1,1,0,0,2,3.5,0,3.5,0.443038,1.78548,1.25377,0.381378
105.32,0,25,3,1,1,0,0,2,3.5,0,3.5,0.443038,-0.388568,-0.164047,0.214124
105.34,0,25,3,1,1,0,0,2,3.5,0,3.5,0.443038,1.67247,1.75642,0.0907744
105.36,0,25,3,1,1,0,0,2,3.5,0,3.5,0.443038,0.764549,-1.10707,0.000764803
105.38,0,25,3,1,1,0,0,2,3.5,0,3.5,0.443038,-0.357284,0.113758,-0.309625
105.4,0,25,3,1,1,0,0,2,3.5,0,3.5,0.443038,-0.713016,3.67775,0.0844
105.42,0,25,3,1,1,0,0,2,3.5,0,3.5,0.443038,2.02689,3.77491,-0.11417
105.44,0,25,3,1,1,0,0,2,3.5,0,3.5,0.443038,1.59238,1.97577,0.298439
105.46,0,25,3,1,1,0,0,2,3.5,0,3.5,0.443038,2.37298,1.72179,-0.134455
105.48,0,25,3,1,1,0,0,2,3.5,0,3.5,0.443038,-0.183967,2.31143,-0.244559
105.5,0,25,3,1,1,0,0,2,3.5,0,3.5,0.443038,2.27577,6.94631,0.0562068
105.52,0,25,3,1,1,0,0,2,3.5,0,3.5,0.443038,-0.251929,4.41437,-0.0665595
105.54,0,25,3,1,1,0,0,2,3.5,0,3.5,0.443038,-1.69226,6.343,0.124642
105.56,0,25,3,1,1,0,0,2,3.5,0,3.5,0.443038,2.17743,-6.61829,-0.0529757
105.58,0,25,3,1,1,0,0,2,3.5,0,3.5,0.443038,-0.781761,-2.34303,-0.162029
105.6,0,25,3,1,1,0,0,2,3.5,0,3.5,0.443038,1.24252,-5.32736,0.054483
105.62,0,25,3,1,1,0,0,2,3.5,0,3.5,0.443038,0.906583,-3.81816,0.136967
105.64,0,25,3,1,1,0,0,2,3.5,0,3.5,0.443038,-0.841552,7.57133,-0.0734024
105.66,0,25,3,1,1,0,0,2,3.5,0,3.5,0.443038,1.10704,2.60012,-0.0309466
105.68,0,25,3,1,1,0,0,2,3.5,0,3.5,0.443038,2.4934,-3.06331,0.00708683
105.7,0,25,3,1,1,0,0,2,3.5,0,3.5,0.443038,-0.456538,-5.38443,0.295391
105.72,0,25,3,1,1,0,0,2,3.5,0,3.5,0.443038,-0.256855,1.2808,0.147721
105.74,0,25,3,1,1,0,0,2,3.5,0,3.5,0.443038,1.04222,1.20777,0.0777063
105.76,0,25,3,1,1,0,0,2,3.5,0,3.5,0.443038,-3.03031,-2.71595,-0.126101
105.78,0,25,3,1,1,0,0,2,3.5,0,3.5,0.443038,-1.8012,0.299294,-0.0635952
105.8,0,25,3,1,1,0,0,2,3.5,0,3.5,0.443038,0.0424103,-0.0449472,0.0868142
105.82,0,25,3,1,1,0,0,2,3.5,0,3.5,0.443038,-2.37081,10.1892,-0.217944
105.84,0,25,3,1,1,0,0,2,3.5,0,3.5,0.443038,3.41223,-5.54252,-0.0440589
105.86,0,25,3,1,1,0,0,2,3.5,0,3.5,0.443038,-0.748156,3.71793,0.0163298
105.88,0,25,3,1,1,0,0,2,3.5,0,3.5,0.443038,0.120381,-0.63107,0.0046255
105.9,0,25,3,1,1,0,0,2,3.5,0,3.5,0.443038,-0.975499,1.14084,-0.0781445
105.92,0,25,3,1,1,0,0,2,3.5,0,3.5,0.443038,0.894319,-0.919509,-0.0222591
105.94,0,25,3,1,1,0,0,2,3.5,0,3.5,0.443038,3.4768,4.82874,0.0988924
105.96,0,25,3,1,1,0,0,2,3.5,0,3.5,0.443038,-1.60558,-9.08655,0.185392
105.98,0,25,3,1,1,0,0,2,3.5,0,3.5,0.443038,-0.114682,12.8643,0.0829758
106,0,25,3,1,1,0,0,2,3.5,0,3.5,0.443038,-1.93953,2.93088,0.175698
106.02,0,25,3,1,1,0,0,2,3.5,0,3.5,0.443038,0.331071,10.3335,-0.0797888
106.04,0,25,3,1,1,0,0,2,3.5,0,3.5,0.443038,-0.800172,-0.850052,-0.0647465
106.06,0,25,3,1,1,0,0,2,3.5,0,3.5,0.443038,0.193174,11.4098,0.0522536
106.08,0,25,3,1,1,0,0,2,3.5,0,3.5,0.443038,-1.4115,-2.94832,-0.0977449
106.1,0,25,3,1,1,0,0,2,3.5,0,3.5,0.443038,-1.97488,-3.58796,-0.175475
106.12,0,25,3,1,1,0,0,2,3.5,0,3.5,0.443038,2.44892,9.1234,0.0709044
106.14,0,25,3,1,1,0,0,2,3.5,0,3.5,0.443038,-1.62281,0.715664,-0.00263854
106.16,0,25,3,1,1,0,0,2,3.5,0,3.5,0.443038,1.15789,-0.357201,0.0477841
106.18,0,25,3,1,1,0,0,2,3.5,0,3.5,0.443038,1.18027,-3.80773,0.0297998
106.2,0,25,3,1,1,0,0,2,3.5,0,3.5,0.443038,1.34875,5.19837,-0.153795
106.22,0,25,3,1,1,0,0,2,3.5,0,3.5,0.443038,-0.301424,5.68597,0.133959
106.24,0,25,3,1,1,0,0,2,3.5,0,3.5,0.443038,-0.378055,1.37101,0.0487321
106.26,0,25,3,1,1,0,0,2,3.5,0,3.5,0.443038,-2.13023,-4.61205,0.0668628
106.28,0,25,3,1,1,0,0,2,3.5,0,3.5,0.443038,0.620892,-0.178177,-0.048277
106.3,0,25,3,1,1,0,0,2,3.5,0,3.5,0.443038,0.333429,0.353436,0.0280958
106.32,0,25,3,1,1,0,0,2,3.5,0,3.5,0.443038,2.89962,-1.69295,0.278365
106.34,0,25,3,1,1,0,0,2,3.5,0,3.5,0.443038,0.93012,10.7093,0.0151507
106.36,0,25,3,1,1,0,0,2,3.5,0,3.5,0.443038,-1.70272,-6.36613,-0.330796
106.38,0,25,3,1,1,0,0,2,3.5,0,3.5,0.443038,1.4785,3.54893,-0.0204485
106.4,0,25,3,1,1,0,0,2,3.5,0,3.5,0.443038,2.60282,5.39263,0.221177
106.42,0,25,3,1,1,0,0,2,3.5,0,3.5,0.443038,-1.47128,-2.39795,-0.0072504
106.44,0,25,3,1,1,0,0,2,3.5,0,3.5,0.443038,1.47459,-0.459744,-0.0222108
106.46,0,25,3,1,1,0,0,2,3.5,0,3.5,0.443038,1.8158,4.9214,-0.318171
106.48,0,25,3,1,1,0,0,2,3.5,0,3.5,0.443038,-1.38926,4.54139,-0.366315
106.5,0,25,3,1,1,0,0,2,3.5,0,3.5,0.443038,2.43022,-1.24477,0.00777594
106.52,0,25,3,1,1,0,0,2,3.5,0,3.5,0.443038,2.50584,2.08274,0.0359871
106.54,0,25,3,1,1,0,0,2,3.5,0,3.5,0.443038,-0.479814,-0.575597,-0.228016
106.56,0,25,3,1,1,0,0,2,3.5,0,3.5,0.443038,0.823416,2.96098,0.154217
106.58,0,25,3,1,1,0,0,2,3.5,0,3.5,0.443038,-2.61487,1.52852,0.379978
106.6,0,25,3,1,1,0,0,2,3.5,0,3.5,0.443038,2.52815,-1.37838,0.180589
106.62,0,25,3,1,1,0,0,2,3.5,0,3.5,0.443038,-0.361353,-1.68286,0.173191
106.64,0,25,3,1,1,0,0,2,3.5,0,3.5,0.443038,0.717235,-3.92029,7.58098e-7
106.66,0,25,3,1,1,0,0,2,3.5,0,3.5,0.443038,-0.763445,-0.529004,0.269241
106.68,0,25,3,1,1,0,0,2,3.5,0,3.5,0.443038,-0.473158,-2.10004,0.044166
106.7,0,25,3,1,1,0,0,2,3.5,0,3.5,0.443038,-1.66186,5.9796,0.0263708
106.72,0,25,3,1,1,0,0,2,3.5,0,3.5,0.443038,-0.527675,-1.89482,-0.0337195
106.74,0,25,3,1,1,0,0,2,3.5,0,3.5,0.443038,-0.0704844,-0.630954,0.0625034
106.76,0,25,3,1,1,0,0,2,3.5,0,3.5,0.443038,0.748707,2.72884,-0.00517359
106.78,0,25,3,1,1,0,0,2,3.5,0,3.5,0.443038,1.03803,-3.10232,-0.119734
106.8,0,25,3,1,1,0,0,2,3.5,0,3.5,0.443038,1.42501,-6.88786,-0.13627
106.82,0,25,3,1,1,0,0,2,3.5,0,3.5,0.443038,4.8398,2.1186,-0.408523
106.84,0,25,3,1,1,0,0,2,3.5,0,3.5,0.443038,0.597803,-0.70116,0.132168
106.86,0,25,3,1,1,0,0,2,3.5,0,3.5,0.443038,1.32022,0.0681378,-0.21022
106.88,0,25,3,1,1,0,0,2,3.5,0,3.5,0.443038,-1.21187,14.5854,-0.241611
106.9,0,25,3,1,1,0,0,2,3.5,0,3.5,0.443038,0.982914,6.50009,-0.00411741
106.92,0,25,3,1,1,0,0,2,3.5,0,3.5,0.443038,-0.780713,-1.48399,-0.1885
106.94,0,25,3,1,1,0,0,2,3.5,0,3.5,0.443038,-0.156558,0.628439,-0.0932317
106.96,0,25,3,1,1,0,0,2,3.5,0,3.5,0.443038,-1.25845,-11.8792,0.11804
106.98,0,25,3,1,1,0,0,2,3.5,0,3.5,0.443038,1.08165,-1.83059,0.175908
107,0,25,3,1,1,0,0,2,3.5,0,3.5,0.443038,1.7642,2.54056,-0.27451
107.02,0,25,3,1,1,0,0,2,3.5,0,3.5,0.443038,1.22829,-1.07804,0.0252833
107.04,0,25,3,1,1,0,0,2,3.5,0,3.5,0.443038,-1.23867,-2.32861,-0.314349
107.06,0,25,3,1,1,0,0,2,3.5,0,3.5,0.443038,-1.15694,3.40608,0.0762208
107.08,0,25,3,1,1,0,0,2,3.5,0,3.5,0.443038,-3.35482,-1.30786,0.115983
107.1,0,25,3,1,1,0,0,2,3.5,0,3.5,0.443038,1.09336,-3.60063,0.152223
107.12,0,25,3,1,1,0,0,2,3.5,0,3.5,0.443038,-1.26267,-0.319594,0.10617
107.14,0,25,3,1,1,0,0,2,3.5,0,3.5,0.443038,-1.72924,1.30639,0.0532882
107.16,0,25,3,1,1,0,0,2,3.5,0,3.5,0.443038,2.76135,-2.37088,0.190971
107.18,0,25,3,1,1,0,0,2,3.5,0,3.5,0.443038,-0.18884,-8.44267,0.059197
107.2,0,25,3,1,1,0,0,2,3.5,0,3.5,0.443038,0.547938,-1.9195,-0.106673
107.22,0,25,3,1,1,0,0,2,3.5,0,3.5,0.443038,1.0919,-6.22651,0.1243
107.24,0,25,3,1,1,0,0,2,3.5,0,3.5,0.443038,1.72098,-0.391935,0.259858
107.26,0,25,3,1,1,0,0,2,3.5,0,3.5,0.443038,0.851548,-1.4811,0.0853528
107.28,0,25,3,1,1,0,0,2,3.5,0,3.5,0.443038,-2.98123,-6.77056,0.309212
107.3,0,25,3,1,1,0,0,2,3.5,0,3.5,0.443038,1.34541,-3.8706,0.145349
107.32,0,25,3,1,1,0,0,2,3.5,0,3.5,0.443038,0.178544,1.4504,-0.0486762
107.34,0,25,3,1,1,0,0,2,3.5,0,3.5,0.443038,0.411841,4.69048,-0.0930015
107.36,0,25,3,1,1,0,0,2,3.5,0,3.5,0.443038,0.221052,-9.3048,0.0502879
107.38,0,25,3,1,1,0,0,2,3.5,0,3.5,0.443038,-0.0452518,3.16002,0.312521
107.4,0,25,3,1,1,0,0,2,3.5,0,3.5,0.443038,-1.93801,17.7551,-0.206274
107.42,0,25,3,1,1,0,0,2,3.5,0,3.5,0.443038,-0.21986,-6.86529,0.0973286
107.44,0,25,3,1,1,0,0,2,3.5,0,3.5,0.443038,3.00749,-3.64867,0.115613
107.46,0,25,3,1,1,0,0,2,3.5,0,3.5,0.443038,0.258649,1.96189,-0.233584
107.48,0,25,3,1,1,0,0,2,3.5,0,3.5,0.443038,-1.05183,2.43734,0.0439288
107.5,0,25,3,1,1,0,0,2,3.5,0,3.5,0.443038,1.58573,-0.352466,-0.0190144
107.52,0,25,3,1,1,0,0,2,3.5,0,3.5,0.443038,0.388106,-4.76361,-0.010164
107.54,0,25,3,1,1,0,0,2,3.5,0,3.5,0.443038,0.297413,0.910811,-0.171704
107.56,0,25,3,1,1,0,0,2,3.5,0,3.5,0.443038,0.218916,-1.9313,-0.0556546
107.58,0,25,3,1,1,0,0,2,3.5,0,3.5,0.443038,-0.937992,-0.405829,-0.0140193
107.6,0,25,3,1,1,0,0,2,3.5,0,3.5,0.443038,-2.15975,3.05317,0.0789732
107.62,0,25,3,1,1,0,0,2,3.5,0,3.5,0.443038,-0.673885,0.0868378,-0.326196
107.64,0,25,3,1,1,0,0,2,3.5,0,3.5,0.443038,0.722574,4.62532,-0.161336
107.66,0,25,3,1,1,0,0,2,3.5,0,3.5,0.443038,-2.16373,0.941863,0.00435475
107.68,0,25,3,1,1,0,0,2,3.5,0,3.5,0.443038,0.21199,-2.44623,-0.137951
107.7,0,25,3,1,1,0,0,2,3.5,0,3.5,0.443038,2.5874,0.898821,-0.0783004
107.72,0,25,3,1,1,0,0,2,3.5,0,3.5,0.443038,0.942468,4.44488,0.0232143
107.74,0,25,3,1,1,0,0,2,3.5,0,3.5,0.443038,1.87152,3.37847,0.0884739
107.76,0,25,3,1,1,0,0,2,3.5,0,3.5,0.443038,-2.45894,-13.5332,-0.141581
107.78,0,25,3,1,1,0,0,2,3.5,0,3.5,0.443038,-0.596039,-8.05733,-0.0966393
107.8,0,25,3,1,1,0,0,2,3.5,0,3.5,0.443038,0.362194,-8.79869,0.112122
107.82,0,25,3,1,1,0,0,2,3.5,0,3.5,0.443038,-1.49609,-5.47368,-0.0659401
107.84,0,25,3,1,1,0,0,2,3.5,0,3.5,0.443038,0.0695485,3.92977,0.0893165
107.86,0,25,3,1,1,0,0,2,3.5,0,3.5,0.443038,-0.445,0.75355,-0.0188313
107.88,0,25,3,1,1,0,0,2,3.5,0,3.5,0.443038,0.188432,-2.11978,-0.458438
107.9,0,25,3,1,1,0,0,2,3.5,0,3.5,0.443038,1.03383,-2.24633,0.0415511
107.92,0,25,3,1,1,0,0,2,3.5,0,3.5,0.443038,1.31645,-2.87074,0.05113
107.94,0,25,3,1,1,0,0,2,3.5,0,3.5,0.443038,4.98176,5.91007,0.0280438
107.96,0,25,3,1,1,0,0,2,3.5,0,3.5,0.443038,0.590931,10.7997,0.214362
107.98,0,25,3,1,1,0,0,2,3.5,0,3.5,0.443038,1.23506,2.34509,-0.123274
108,0,0,3,1,1,0,0,2,85,0,9.33333,1.18143,-0.85077,-5.68526,-0.1657
108.02,0,0,3,1,1,0,0,2,226.446,0,34.7731,4.40166,0.714425,6.28915,-0.236484
108.04,0,0,3,1,1,0,0,2,343.344,0,73.8286,9.34539,4.52231,0.456917,0.238394
108.06,0,0,3,1,1,0,0,2,439.954,0,122.339,15.486,7.18275,7.16001,0.0509867
108.08,0,0,3,1,1,0,0,2,519.796,0,177.416,22.4577,14.2019,-0.480736,0.243547
108.1,0,0,3,1,1,0,0,2,585.782,0,237.053,30.0067,15.0688,-1.33603,-0.22122
108.12,0,0,3,1,1,0,0,2,640.316,0,299.856,37.9565,26.1671,-1.36113,0.0103763
108.14,0,0,3,1,1,0,0,2,685.385,0,364.858,46.1846,34.5167,-2.71805,0.0154261
108.16,0,0,3,1,1,0,0,2,722.632,0,431.388,54.6061,40.628,0.355455,0.155635
108.18,0,0,3,1,1,0,0,2,753.415,0,498.978,63.1617,48.3095,2.33317,0.127796
108.2,0,0,3,1,1,0,0,2,778.855,0,567.304,71.8106,59.4335,0.0980192,0.126421
108.22,0,0,3,1,1,0,0,2,799.881,0,634.705,80.3424,65.0938,8.90149,0.0858368
108.24,0,0,3,1,1,0,0,2,817.257,0,689.335,87.2577,73.4331,7.34862,0.0322621
108.26,0,0,3,1,1,0,0,2,831.617,0,731.861,92.6406,82.0666,11.1546,0.162983
108.28,0,0,3,1,1,0,0,2,843.485,0,765.183,96.8586,85.157,11.584,0.0429367
108.3,0,0,3,1,1,0,0,2,853.294,0,791.457,100.184,91.0647,21.3569,0.119459
108.32,0,0,3,1,1,0,0,2,861.4,0,812.292,102.822,99.2976,29.8193,0.384271
108.34,0,0,3,1,1,0,0,2,868.099,0,828.901,104.924,98.3188,25.4161,0.550698
108.36,0,0,3,1,1,0,0,2,873.635,0,842.204,106.608,101.446,25.3508,0.448446
108.38,0,0,3,1,1,0,0,2,878.211,0,852.903,107.962,107.075,32.8292,0.422964
108.4,0,0,3,1,1,0,0,2,881.993,0,861.542,109.056,110.721,36.7279,0.792661
108.42,0,0,3,1,1,0,0,2,885.118,0,868.539,109.942,110.061,43.8224,0.637148
108.44,0,0,3,1,1,0,0,2,887.701,0,874.223,110.661,110.487,44.6763,0.664043
108.46,0,0,3,1,1,0,0,2,889.835,0,878.852,111.247,110.644,38.0642,0.638731
108.48,0,0,3,1,1,0,0,2,891.599,0,882.631,111.725,109.898,46.4102,0.843302
108.5,0,0,3,1,1,0,0,2,893.057,0,885.72,112.116,110.542,41.4952,0.790619
108.52,0,0,3,1,1,0,0,2,894.262,0,888.251,112.437,109.246,57.4599,0.628963
108.54,0,0,3,1,1,0,0,2,895.258,0,890.326,112.699,115.643,58.6386,1.04375
108.56,0,0,3,1,1,0,0,2,896.081,0,892.03,112.915,111.836,63.2577,1.33652
108.58,0,0,3,1,1,0,0,2,896.761,0,893.431,113.092,115.475,63.2145,1.41706
108.6,0,0,3,1,1,0,0,2,897.323,0,894.583,113.238,112.583,70.3335,1.21292
108.62,0,0,3,1,1,0,0,2,897.788,0,895.531,113.358,112.772,80.0581,1.61136
108.64,0,0,3,1,1,0,0,2,898.172,0,896.313,113.457,114.256,76.9387,0.938405
108.66,0,0,3,1,1,0,0,2,898.489,0,896.957,113.539,111.877,72.8795,1.25907
108.68,0,0,3,1,1,0,0,2,898.751,0,897.488,113.606,114.972,87.1382,1.62154
108.7,0,0,3,1,1,0,0,2,898.968,0,897.926,113.661,115.933,87.0402,1.68378
108.72,0,0,3,1,1,0,0,2,899.147,0,898.287,113.707,113.459,95.0949,1.77985
108.74,0,0,3,1,1,0,0,2,899.295,0,898.585,113.745,109.904,87.2618,1.81537
108.76,0,0,3,1,1,0,0,2,898.142,0,898.569,113.743,111.722,103.051,1.7493
108.78,0,0,3,1,1,0,0,2,894.935,0,897.714,113.635,113.063,107.755,1.7095
108.8,0,0,3,1,1,0,0,2,890.021,0,895.731,113.384,112.902,101.204,1.68671
108.82,0,0,3,1,1,0,0,2,883.69,0,892.514,112.976,113.857,108.248,1.70397
108.84,0,0,3,1,1,0,0,2,876.183,0,888.064,112.413,114.488,114.157,1.99624
108.86,0,0,3,1,1,0,0,2,868.162,0,882.541,111.714,109.792,119.627,1.91297
108.88,0,0,3,1,1,0,0,2,860.048,0,876.234,110.916,111.056,129.089,2.14791
108.9,0,0,3,1,1,0,0,2,851.828,0,869.349,110.044,110.02,137.172,2.13808
108.92,0,0,3,1,1,0,0,2,843.495,0,862.03,109.118,111.001,128.87,2.27792
108.94,0,0,3,1,1,0,0,2,835.045,0,854.373,108.149,111.172,140.456,2.29864
108.96,0,0,3,1,1,0,0,2,826.476,0,846.446,107.145,110.463,140.317,2.44716
108.98,0,0,3,1,1,0,0,2,817.791,0,838.296,106.113,106.628,142.97,2.58079
109,0,0,3,1,1,0,0,2,808.992,0,829.955,105.058,105.393,141.839,2.51477
109.02,0,0,3,1,1,0,0,2,800.082,0,821.448,103.981,104.044,142.032,2.54335
109.04,0,0,3,1,1,0,0,2,791.067,0,812.792,102.885,106.327,156.496,2.48232
109.06,0,0,3,1,1,0,0,2,781.952,0,804.004,101.773,101.686,162.412,2.96855
109.08,0,0,3,1,1,0,0,2,772.744,0,795.093,100.645,102.132,158.576,2.86025
109.1,0,0,3,1,1,0,0,2,763.448,0,786.071,99.5026,99.6439,157.37,2.94194
109.12,0,0,3,1,1,0,0,2,754.071,0,776.945,98.3475,101.887,171.504,2.72637
109.14,0,0,3,1,1,0,0,2,744.62,0,767.726,97.1805,99.8851,169.189,2.84293
109.16,0,0,3,1,1,0,0,2,735.102,0,758.419,96.0025,97.4099,172.056,2.99709
109.18,0,0,3,1,1,0,0,2,725.525,0,749.034,94.8145,95.4131,175.327,2.94678
109.2,0,0,3,1,1,0,0,2,715.895,0,739.578,93.6175,92.9086,179.605,3.12987
109.22,0,0,3,1,1,0,0,2,706.22,0,730.058,92.4124,93.9446,181.367,3.15872
109.24,0,0,3,1,1,0,0,2,696.507,0,720.482,91.2002,90.0066,171.021,3.14247
109.26,0,0,3,1,1,0,0,2,686.764,0,710.856,89.9818,92.2848,190.513,3.15218
109.28,0,0,3,1,1,0,0,2,676.996,0,701.189,88.758,89.3321,184.27,3.13488
109.3,0,0,3,1,1,0,0,2,667.213,0,691.487,87.53,89.941,183.854,3.24471
109.32,0,0,3,1,1,0,0,2,657.42,0,681.757,86.2984,90.0893,187.688,3.06986
109.34,0,0,3,1,1,0,0,2,647.624,0,672.008,85.0643,87.8549,192.953,3.17579
109.36,0,0,3,1,1,0,0,2,637.834,0,662.246,83.8286,85.5863,204.141,3.55543
109.38,0,0,3,1,1,0,0,2,628.054,0,652.477,82.592,85.4524,205.856,3.72463
109.4,0,0,3,1,1,0,0,2,618.292,0,642.709,81.3556,84.2406,208.99,3.50252
109.42,0,0,3,1,1,0,0,2,608.554,0,632.949,80.1201,83.3084,203.088,3.60639
109.44,0,0,3,1,1,0,0,2,598.847,0,623.202,78.8864,79.7031,214.915,3.51328
109.46,0,0,3,1,1,0,0,2,589.177,0,613.477,77.6553,81.0182,218.375,3.55989
109.48,0,0,3,1,1,0,0,2,579.549,0,603.778,76.4276,78.2437,208.402,3.63743
109.5,0,0,3,1,1,0,0,2,569.97,0,594.112,75.2041,74.5661,213.487,3.84936
109.52,0,0,3,1,1,0,0,2,560.445,0,584.485,73.9855,75.5678,214.222,4.01443
109.54,0,0,3,1,1,0,0,2,550.979,0,574.904,72.7726,75.1801,222.386,3.83018
109.56,0,0,3,1,1,0,0,2,541.578,0,565.373,71.5661,72.8366,230.931,3.89964
109.58,0,0,3,1,1,0,0,2,532.247,0,555.898,70.3668,73.6774,222.41,3.71127
109.6,0,0,3,1,1,0,0,2,522.989,0,546.484,69.1752,69.7085,230.415,3.90811
109.62,0,0,3,1,1,0,0,2,513.811,0,537.136,67.992,70.9272,232.72,4.1739
109.64,0,0,3,1,1,0,0,2,504.715,0,527.86,66.8178,70.3654,229.649,4.06601
109.66,0,0,3,1,1,0,0,2,495.594,0,518.635,65.65,65.9443,244.245,4.15204
109.68,0,0,3,1,1,0,0,2,486.447,0,509.435,64.4855,66.1122,227.037,4.11103
109.7,0,0,3,1,1,0,0,2,477.311,0,500.253,63.3232,63.3611,240.537,3.93078
109.72,0,0,3,1,1,0,0,2,468.216,0,491.095,62.1639,65.4154,231.616,4.1465
109.74,0,0,3,1,1,0,0,2,459.187,0,481.971,61.009,62.1457,241.883,4.22534
109.76,0,0,3,1,1,0,0,2,450.245,0,472.896,59.8603,63.1427,242.856,4.34293
109.78,0,0,3,1,1,0,0,2,441.407,0,463.886,58.7198,64.3289,242.325,4.26941
109.8,0,0,3,1,1,0,0,2,432.687,0,454.957,57.5894,60.6604,252.187,3.90451
109.82,0,0,3,1,1,0,0,2,424.095,0,446.121,56.471,58.2072,254.646,4.48236
109.84,0,0,3,1,1,0,0,2,415.643,0,437.393,55.3662,57.3948,255.042,4.34701
109.86,0,0,3,1,1,0,0,2,407.336,0,428.783,54.2763,56.8329,242.798,4.38857
109.88,0,0,3,1,1,0,0,2,399.182,0,420.302,53.2028,55.3755,251.793,4.3457
109.9,0,0,3,1,1,0,0,2,391.184,0,411.957,52.1465,52.6258,254.488,4.46539
109.92,0,0,3,1,1,0,0,2,383.345,0,403.756,51.1084,52.8648,260.359,4.41503
109.94,0,0,3,1,1,0,0,2,375.669,0,395.704,50.0892,51.455,245.811,4.46924
109.96,0,0,3,1,1,0,0,2,368.157,0,387.806,49.0894,46.2452,253.987,4.12811
109.98,0,0,3,1,1,0,0,2,360.809,0,380.064,48.1094,48.2976,253.92,4.40988
110,0,0,3,1,1,0,0,2,353.626,0,372.482,47.1496,47.7673,263.133,4.85744
110.02,0,0,3,1,1,0,0,2,346.607,0,365.06,46.2102,47.2677,262.308,4.31298
110.04,0,0,3,1,1,0,0,2,339.751,0,357.8,45.2912,45.9005,271.361,4.38652
110.06,0,0,3,1,1,0,0,2,333.058,0,350.702,44.3927,45.4837,269.884,4.78834
110.08,0,0,3,1,1,0,0,2,326.525,0,343.766,43.5146,44.3242,267.524,4.54055
110.1,0,0,3,1,1,0,0,2,320.151,0,336.99,42.6569,44.1008,274.949,4.69419
110.12,0,0,3,1,1,0,0,2,313.933,0,330.374,41.8194,45.9576,285.197,4.63973
110.14,0,0,3,1,1,0,0,2,307.869,0,323.916,41.002,41.6441,269.307,4.74625
110.16,0,0,3,1,1,0,0,2,301.957,0,317.614,40.2043,39.5615,280.899,4.6636
110.18,0,0,3,1,1,0,0,2,296.194,0,311.466,39.4261,40.2607,276.203,4.73543
110.2,0,0,3,1,1,0,0,2,290.577,0,305.471,38.6672,39.7885,273.555,4.70901
110.22,0,0,3,1,1,0,0,2,285.104,0,299.625,37.9273,42.9291,289.547,4.84436
110.24,0,0,3,1,1,0,0,2,279.772,0,293.927,37.2059,37.0547,276.093,4.74162
110.26,0,0,3,1,1,0,0,2,274.577,0,288.373,36.5029,38.7703,264.123,4.67495
110.28,0,0,3,1,1,0,0,2,269.518,0,282.961,35.8178,39.1239,282.123,4.67341
110.3,0,0,3,1,1,0,0,2,264.59,0,277.687,35.1503,36.1282,276.304,4.79174
110.32,0,0,3,1,1,0,0,2,259.792,0,272.55,34.5,35.0663,276.184,4.71901
110.34,0,0,3,1,1,0,0,2,255.12,0,267.547,33.8667,36.7166,283.383,4.83778
110.36,0,0,3,1,1,0,0,2,250.571,0,262.673,33.2498,34.4915,281.268,4.72616
110.38,0,0,3,1,1,0,0,2,246.142,0,257.928,32.6491,34.2887,287.84,4.95128
110.4,0,0,3,1,1,0,0,2,241.831,0,253.307,32.0641,33.024,287.277,5.0957
110.42,0,0,3,1,1,0,0,2,237.635,0,248.807,31.4946,33.0468,282.337,4.78876
110.44,0,0,3,1,1,0,0,2,233.55,0,244.427,30.9402,31.0671,294.629,4.84006
110.46,0,0,3,1,1,0,0,2,229.575,0,240.163,30.4004,30.0555,285.4,4.66224
110.48,0,0,3,1,1,0,0,2,225.706,0,236.013,29.875,31.6774,283.818,4.88724
110.5,0,0,3,1,1,0,0,2,221.941,0,231.973,29.3636,28.9749,277.422,4.7092
110.52,0,0,3,1,1,0,0,2,218.278,0,228.041,28.8659,31.5172,284.772,5.07449
110.54,0,0,3,1,1,0,0,2,214.712,0,224.214,28.3815,29.7412,288.053,5.10607
110.56,0,0,3,1,1,0,0,2,211.243,0,220.49,27.9101,29.0361,286.246,4.88203
110.58,0,0,3,1,1,0,0,2,207.868,0,216.866,27.4514,26.5681,295.57,4.97328
110.6,0,0,3,1,1,0,0,2,204.584,0,213.34,27.005,28.5519,283.353,5.00707
110.62,0,0,3,1,1,0,0,2,201.389,0,209.909,26.5707,25.6098,288.268,5.15604
110.64,0,0,3,1,1,0,0,2,198.281,0,206.57,26.1481,26.3146,292.219,4.74065
110.66,0,0,3,1,1,0,0,2,195.257,0,203.322,25.7369,23.9137,295.304,5.11303
110.68,0,0,3,1,1,0,0,2,192.315,0,200.161,25.3369,27.6084,294.891,5.00838
110.7,0,0,3,1,1,0,0,2,189.454,0,197.087,24.9477,26.3251,290.373,4.67133
110.72,0,0,3,1,1,0,0,2,186.672,0,194.097,24.5692,24.8689,294.809,5.20335
110.74,0,0,3,1,1,0,0,2,183.967,0,191.188,24.201,24.447,291.078,5.14857
110.76,0,0,3,1,1,0,0,2,181.338,0,188.359,23.843,26.2961,296.375,5.27622
110.78,0,0,3,1,1,0,0,2,178.781,0,185.609,23.4948,21.7779,302.607,5.17763
110.8,0,0,3,1,1,0,0,2,176.297,0,182.935,23.1563,24.8006,292.826,5.10721
110.82,0,0,3,1,1,0,0,2,173.881,0,180.335,22.8272,22.8031,288.787,5.09326
110.84,0,0,3,1,1,0,0,2,171.534,0,177.808,22.5073,22.8274,293.623,4.95275
110.86,0,0,3,1,1,0,0,2,169.253,0,175.351,22.1963,21.9043,294.425,5.22123
110.88,0,0,3,1,1,0,0,2,167.035,0,172.963,21.894,20.2554,291.535,5.07901
110.9,0,0,3,1,1,0,0,2,164.88,0,170.642,21.6002,20.5449,297.873,5.20046
110.92,0,0,3,1,1,0,0,2,162.786,0,168.386,21.3147,21.9397,291.563,4.82986
110.94,0,0,3,1,1,0,0,2,160.751,0,166.193,21.0371,21.4617,293.834,5.06189
110.96,0,0,3,1,1,0,0,2,158.773,0,164.062,20.7674,23.3269,302.49,5.06159
110.98,0,0,3,1,1,0,0,2,156.851,0,161.991,20.5052,20.8939,289.957,5.01281
111,0,0,3,1,1,0,0,2,154.982,0,159.978,20.2504,22.1482,291.713,5.09845
111.02,0,0,3,1,1,0,0,2,153.167,0,158.022,20.0028,18.7712,301.012,5.07376
111.04,0,0,3,1,1,0,0,2,151.402,0,156.121,19.7622,18.1082,299.37,5.005
111.06,0,0,3,1,1,0,0,2,149.687,0,154.273,19.5283,21.0455,286.31,5.11634
111.08,0,0,3,1,1,0,0,2,148.02,0,152.478,19.301,18.5319,299.937,4.76433
111.1,0,0,3,1,1,0,0,2,146.4,0,150.732,19.08,20.416,293.112,5.20808
111.12,0,0,3,1,1,0,0,2,144.825,0,149.036,18.8653,19.9322,306.174,5.10779
111.14,0,0,3,1,1,0,0,2,143.294,0,147.387,18.6566,19.4502,299.173,5.15947
111.16,0,0,3,1,1,0,0,2,141.807,0,145.784,18.4537,20.2748,304.756,5.18681
111.18,0,0,3,1,1,0,0,2,140.361,0,144.227,18.2566,16.984,302.792,4.91135
111.2,0,0,3,1,1,0,0,2,138.955,0,142.713,18.0649,19.0967,294.669,5.2337
111.22,0,0,3,1,1,0,0,2,137.588,0,141.241,17.8786,19.7291,302.287,5.18496
111.24,0,0,3,1,1,0,0,2,136.26,0,139.811,17.6976,16.546,294.746,4.99663
111.26,0,0,3,1,1,0,0,2,134.969,0,138.42,17.5216,18.4309,302.021,5.4099
111.28,0,0,3,1,1,0,0,2,133.714,0,137.069,17.3505,16.7726,299.415,5.28053
111.3,0,0,3,1,1,0,0,2,132.494,0,135.755,17.1842,20.069,302.123,4.97201
111.32,0,0,3,1,1,0,0,2,131.308,0,134.478,17.0225,18.7506,301.377,5.06152
111.34,0,0,3,1,1,0,0,2,130.154,0,133.236,16.8654,15.2208,302.162,5.23469
111.36,0,0,3,1,1,0,0,2,129.033,0,132.029,16.7126,16.0374,295.762,5.06267
111.38,0,0,3,1,1,0,0,2,127.944,0,130.856,16.5641,14.8003,298.377,5.03133
111.4,0,0,3,1,1,0,0,2,126.884,0,129.716,16.4197,17.1086,303.294,5.16685
111.42,0,0,3,1,1,0,0,2,125.854,0,128.607,16.2793,18.1427,297.347,5.18857
111.44,0,0,3,1,1,0,0,2,124.853,0,127.529,16.1429,18.8162,295.537,5.08073
111.46,0,0,3,1,1,0,0,2,123.88,0,126.481,16.0102,18.8732,295.553,5.07822
111.48,0,0,3,1,1,0,0,2,122.933,0,125.462,15.8813,15.5385,309.057,5.30422
111.5,0,0,3,1,1,0,0,2,122.013,0,124.472,15.7559,16.163,304.343,5.12227
111.52,0,0,3,1,1,0,0,2,121.119,0,123.509,15.6341,15.2963,304.506,5.03052
111.54,0,0,3,1,1,0,0,2,120.25,0,122.573,15.5156,15.0803,301.213,5.3639
111.56,0,0,3,1,1,0,0,2,119.405,0,121.663,15.4004,15.1017,306.64,4.87503
111.58,0,0,3,1,1,0,0,2,118.583,0,120.779,15.2884,15.3846,308.378,5.101
111.6,0,0,3,1,1,0,0,2,117.784,0,119.919,15.1796,17.3842,308.425,5.27122
111.62,0,0,3,1,1,0,0,2,117.008,0,119.083,15.0738,13.1743,303.089,5.21975
111.64,0,0,3,1,1,0,0,2,116.253,0,118.27,14.9709,15.2947,288.087,5.1552
111.66,0,0,3,1,1,0,0,2,115.52,0,117.48,14.8709,16.8404,299.7,5.30554
111.68,0,0,3,1,1,0,0,2,114.807,0,116.713,14.7737,16.8631,301.49,5.12351
111.7,0,0,3,1,1,0,0,2,114.113,0,115.966,14.6793,15.7274,307.539,4.98628
111.72,0,0,3,1,1,0,0,2,113.44,0,115.241,14.5874,14.8021,301.714,5.23001
111.74,0,0,3,1,1,0,0,2,112.785,0,114.535,14.4982,16.1761,305.203,5.08333
111.76,0,0,3,1,1,0,0,2,112.149,0,113.85,14.4114,13.8029,301.498,5.16032
111.78,0,0,3,1,1,0,0,2,111.53,0,113.184,14.3271,15.7437,305.767,5.24625
111.8,0,0,3,1,1,0,0,2,110.929,0,112.536,14.2451,11.3388,295.266,5.06311
111.82,0,0,3,1,1,0,0,2,110.345,0,111.907,14.1655,14.0111,308.75,5.10261
111.84,0,0,3,1,1,0,0,2,109.778,0,111.296,14.0881,15.2792,301.35,5.35445
111.86,0,0,3,1,1,0,0,2,109.226,0,110.701,14.0128,18.1031,298.764,5.14662
111.88,0,0,3,1,1,0,0,2,108.691,0,110.124,13.9397,14.7265,299.338,5.34624
111.9,0,0,3,1,1,0,0,2,108.17,0,109.563,13.8687,13.2434,304.62,5.44918
111.92,0,0,3,1,1,0,0,2,107.664,0,109.018,13.7997,13.36,296.602,5.126
111.94,0,0,3,1,1,0,0,2,107.173,0,108.488,13.7327,15.4942,300.554,5.40937
111.96,0,0,3,1,1,0,0,2,106.696,0,107.973,13.6675,16.3028,296.042,5.42371
111.98,0,0,3,1,1,0,0,2,106.232,0,107.473,13.6042,13.7095,313.192,5.25472
112,0,0,3,1,1,0,0,2,105.782,0,106.988,13.5427,14.3387,292.962,4.95613
112.02,0,0,3,1,1,0,0,2,105.345,0,106.516,13.483,14.2334,309.799,5.26195
112.04,0,0,3,1,1,0,0,2,104.92,0,106.058,13.425,14.8829,292.737,5.13605
112.06,0,0,3,1,1,0,0,2,104.508,0,105.613,13.3687,14.2187,302.871,5.20275
112.08,0,0,3,1,1,0,0,2,104.108,0,105.18,13.314,11.628,302.206,5.11601
112.1,0,0,3,1,1,0,0,2,103.719,0,104.761,13.2608,14.2574,308.494,5.09503
112.12,0,0,3,1,1,0,0,2,103.342,0,104.353,13.2093,13.5523,305.063,5.15577
112.14,0,0,3,1,1,0,0,2,102.976,0,103.957,13.1592,11.2722,309.878,5.00727
112.16,0,0,3,1,1,0,0,2,102.62,0,103.573,13.1105,15.0296,301.168,5.29795
112.18,0,0,3,1,1,0,0,2,102.275,0,103.2,13.0633,13.733,307.098,5.12812
112.2,0,0,3,1,1,0,0,2,101.94,0,102.838,13.0175,14.1194,310.898,5.16785
112.22,0,0,3,1,1,0,0,2,101.616,0,102.487,12.9731,13.4299,305.657,5.35682
112.24,0,0,3,1,1,0,0,2,101.3,0,102.146,12.9299,13.3703,298.262,5.30086
112.26,0,0,3,1,1,0,0,2,100.995,0,101.815,12.888,14.8362,305.123,5.17718
112.28,0,0,3,1,1,0,0,2,100.698,0,101.494,12.8474,13.7135,308.176,5.1673
112.3,0,0,3,1,1,0,0,2,100.411,0,101.183,12.808,15.3365,303.676,5.34575
112.32,0,0,3,1,1,0,0,2,100.132,0,100.881,12.7698,12.513,303.74,5.14165
112.34,0,0,3,1,1,0,0,2,99.8614,0,100.588,12.7327,12.9362,302.974,5.29003
112.36,0,0,3,1,1,0,0,2,99.5993,0,100.304,12.6967,13.6242,310.2,5.26229
112.38,0,0,3,1,1,0,0,2,99.3453,0,100.029,12.6619,12.7021,302.457,5.36323
112.4,0,0,3,1,1,0,0,2,99.0991,0,99.7616,12.628,13.3542,298.782,5.26193
112.42,0,0,3,1,1,0,0,2,98.8606,0,99.5027,12.5953,12.1689,309.319,4.96749
112.44,0,0,3,1,1,0,0,2,98.6295,0,99.2518,12.5635,12.2111,303.377,5.25051
112.46,0,0,3,1,1,0,0,2,98.4056,0,99.0087,12.5327,11.4476,305.895,5.22086
112.48,0,0,3,1,1,0,0,2,98.1889,0,98.7731,12.5029,10.7577,301.075,5.26647
112.5,0,0,3,1,1,0,0,2,97.9789,0,98.5449,12.474,11.729,311.259,4.85265
112.52,0,0,3,1,1,0,0,2,97.7757,0,98.3239,12.4461,14.176,308.234,5.21578
112.54,0,0,3,1,1,0,0,2,97.579,0,98.1098,12.419,10.9341,303.998,4.96264
112.56,0,0,3,1,1,0,0,2,97.3887,0,97.9026,12.3927,10.6871,306.964,5.13128
112.58,0,0,3,1,1,0,0,2,97.2045,0,97.702,12.3673,11.5716,304.237,5.25376
112.6,0,0,3,1,1,0,0,2,97.0264,0,97.5078,12.3428,12.5926,309.211,5.0641
112.62,0,0,3,1,1,0,0,2,96.8541,0,97.3199,12.319,14.6405,300.928,5.09933
112.64,0,0,3,1,1,0,0,2,96.6876,0,97.1382,12.296,13.0497,305.538,5.18603
112.66,0,0,3,1,1,0,0,2,96.5266,0,96.9624,12.2737,13.1542,309.804,5.18019
112.68,0,0,3,1,1,0,0,2,96.371,0,96.7924,12.2522,13.2286,303.874,5.34817
112.7,0,0,3,1,1,0,0,2,96.2207,0,96.6281,12.2314,10.5606,299.72,5.06549
112.72,0,0,3,1,1,0,0,2,96.0756,0,96.4692,12.2113,10.3748,311.716,5.11785
112.74,0,0,3,1,1,0,0,2,95.9354,0,96.3158,12.1919,14.3405,312.193,5.46215
112.76,0,0,3,1,1,0,0,2,95.8002,0,96.1675,12.1731,14.0061,299.462,5.25299
112.78,0,0,3,1,1,0,0,2,95.6696,0,96.0244,12.155,10.5109,298.95,5.17803
112.8,0,0,3,1,1,0,0,2,95.5437,0,95.8862,12.1375,11.1205,310.809,5.31502
112.82,0,0,3,1,1,0,0,2,95.4223,0,95.7528,12.1206,12.7004,305.786,5.20082
112.84,0,0,3,1,1,0,0,2,95.3053,0,95.6241,12.1043,11.2719,304.614,5.40963
112.86,0,0,3,1,1,0,0,2,95.1926,0,95.5,12.0886,12.1051,302.067,5.17592
112.88,0,0,3,1,1,0,0,2,95.084,0,95.3804,12.0735,11.1168,297.798,5.16641
112.9,0,0,3,1,1,0,0,2,94.9794,0,95.2651,12.0589,10.993,306.792,5.3357
112.92,0,0,3,1,1,0,0,2,94.8788,0,95.154,12.0448,13.7696,303.493,5.2518
112.94,0,0,3,1,1,0,0,2,94.7821,0,95.047,12.0313,13.4139,302.205,5.38308
112.96,0,0,3,1,1,0,0,2,94.689,0,94.944,12.0182,12.9495,300.16,5.51841
112.98,0,0,3,1,1,0,0,2,94.5996,0,94.8449,12.0057,12.7931,299.711,4.94821
113,0,0,3,1,1,0,0,2,94.5137,0,94.7496,11.9936,12.7,296.56,5.44509
113.02,0,0,3,1,1,0,0,2,94.4313,0,94.658,11.982,10.5004,301.156,5.10154
113.04,0,0,3,1,1,0,0,2,94.3522,0,94.57,11.9709,11.5965,302.295,5.13526
113.06,0,0,3,1,1,0,0,2,94.2764,0,94.4855,11.9602,10.7074,306.651,5.11152
113.08,0,0,3,1,1,0,0,2,94.2038,0,94.4044,11.9499,11.8351,284.994,5.15613
113.1,0,0,3,1,1,0,0,2,94.1342,0,94.3266,11.9401,11.5262,309.686,5.23746
113.12,0,0,3,1,1,0,0,2,94.0677,0,94.2521,11.9306,11.4436,303.842,5.20294
113.14,0,0,3,1,1,0,0,2,94.0041,0,94.1807,11.9216,12.3266,305.387,4.99783
113.16,0,0,3,1,1,0,0,2,93.9433,0,94.1123,11.913,11.8697,294.196,5.28613
113.18,0,0,3,1,1,0,0,2,93.8853,0,94.0469,11.9047,12.2897,309.037,5.18125
113.2,0,0,3,1,1,0,0,2,93.83,0,93.9845,11.8968,11.1207,302.605,5.17999
113.22,0,0,3,1,1,0,0,2,93.7773,0,93.9248,11.8892,13.5592,306.683,5.32622
113.24,0,0,3,1,1,0,0,2,93.7272,0,93.8679,11.882,14.1257,306.386,5.07578
113.26,0,0,3,1,1,0,0,2,93.6796,0,93.8136,11.8751,10.3236,295.559,5.15903
113.28,0,0,3,1,1,0,0,2,93.6344,0,93.7619,11.8686,11.4236,301.482,4.87743
113.3,0,0,3,1,1,0,0,2,93.5915,0,93.7128,11.8624,13.051,300.827,5.542
113.32,0,0,3,1,1,0,0,2,93.5509,0,93.6661,11.8565,13.25,301.519,5.40013
113.34,0,0,3,1,1,0,0,2,93.5126,0,93.6218,11.8509,12.5858,291.304,5.22203
113.36,0,0,3,1,1,0,0,2,93.4764,0,93.5799,11.8456,10.3675,299.33,5.26824
113.38,0,0,3,1,1,0,0,2,93.4423,0,93.5401,11.8405,10.5259,303.518,5.08947
113.4,0,0,3,1,1,0,0,2,93.4102,0,93.5026,11.8358,8.28486,305.987,5.27696
113.42,0,0,3,1,1,0,0,2,93.3802,0,93.4673,11.8313,9.63098,305.225,5.2646
113.44,0,0,3,1,1,0,0,2,93.352,0,93.434,11.8271,8.91519,300.217,5.35254
113.46,0,0,3,1,1,0,0,2,93.3258,0,93.4027,11.8231,12.1115,304.024,5.03792
113.48,0,0,3,1,1,0,0,2,93.3014,0,93.3734,11.8194,12.4904,294.145,4.83459
113.5,0,0,3,1,1,0,0,2,93.2787,0,93.346,11.816,13.1972,299.836,5.32089
113.52,0,0,3,1,1,0,0,2,93.2578,0,93.3205,11.8127,12.9615,293.423,4.9175
113.54,0,0,3,1,1,0,0,2,93.2386,0,93.2968,11.8097,10.6545,301.665,5.15959
113.56,0,0,3,1,1,0,0,2,93.221,0,93.2748,11.8069,10.7151,305.509,5.15978
113.58,0,0,3,1,1,0,0,2,93.2049,0,93.2545,11.8044,16.8489,298.592,5.3876
113.6,0,0,3,1,1,0,0,2,93.1905,0,93.2359,11.802,13.0773,309.687,5.11303
113.62,0,0,3,1,1,0,0,2,93.1775,0,93.219,11.7999,9.85729,296.848,5.03888
113.64,0,0,3,1,1,0,0,2,93.1659,0,93.2035,11.7979,12.2321,300.723,5.2177
113.66,0,0,3,1,1,0,0,2,93.1558,0,93.1896,11.7962,12.3997,304.046,4.98674
113.68,0,0,3,1,1,0,0,2,93.1471,0,93.1772,11.7946,11.443,298.948,5.19282
113.7,0,0,3,1,1,0,0,2,93.1397,0,93.1662,11.7932,13.4706,303.149,5.17879
113.72,0,0,3,1,1,0,0,2,93.1335,0,93.1566,11.792,13.1228,307.284,5.06588
113.74,0,0,3,1,1,0,0,2,93.1287,0,93.1484,11.7909,12.2513,301.101,4.70217
113.76,0,0,3,1,1,0,0,2,93.125,0,93.1415,11.7901,10.3395,304.825,5.19027
113.78,0,0,3,1,1,0,0,2,93.1226,0,93.1359,11.7893,9.31943,298.353,5.10897
113.8,0,0,3,1,1,0,0,2,93.1212,0,93.1315,11.7888,11.3043,293.83,5.18928
113.82,0,0,3,1,1,0,0,2,93.121,0,93.1283,11.7884,8.80149,295.986,5.06634
113.84,0,0,3,1,1,0,0,2,93.1219,0,93.1262,11.7881,13.7164,290.014,5.27054
113.86,0,0,3,1,1,0,0,2,93.1238,0,93.1254,11.788,14.3701,304.115,5.4015
113.88,0,0,3,1,1,0,0,2,93.1268,0,93.1256,11.788,13.3036,308.272,5.16488
113.9,0,0,3,1,1,0,0,2,93.1307,0,93.1269,11.7882,8.64664,298.538,4.9858
113.92,0,0,3,1,1,0,0,2,93.1356,0,93.1292,11.7885,14.224,301.677,5.1455
113.94,0,0,3,1,1,0,0,2,93.1414,0,93.1325,11.7889,11.7569,308.226,5.14175
113.96,0,0,3,1,1,0,0,2,93.1482,0,93.1368,11.7895,10.0869,298.613,5.18345
113.98,0,0,3,1,1,0,0,2,93.1558,0,93.1421,11.7901,10.0737,296.806,5.23751
114,0,0,3,1,1,0,0,2,93.1642,0,93.1482,11.7909,9.75006,299.837,5.24416
114.02,0,0,3,1,1,0,0,2,93.1735,0,93.1553,11.7918,10.126,296.351,5.18883
114.04,0,0,3,1,1,0,0,2,93.1835,0,93.1632,11.7928,11.8556,290.385,5.23319
114.06,0,0,3,1,1,0,0,2,93.1943,0,93.1719,11.7939,10.3294,298.792,5.1608
114.08,0,0,3,1,1,0,0,2,93.2059,0,93.1815,11.7951,12.2927,303.785,5.24434
114.1,0,0,3,1,1,0,0,2,93.2182,0,93.1919,11.7964,12.9131,299.421,5.47417
114.12,0,0,3,1,1,0,0,2,93.2312,0,93.203,11.7978,10.7175,311.002,5.10448
114.14,0,0,3,1,1,0,0,2,93.2449,0,93.2148,11.7993,13.922,300.144,5.18197
114.16,0,0,3,1,1,0,0,2,93.2592,0,93.2274,11.8009,9.80551,307.678,5.20894
114.18,0,0,3,1,1,0,0,2,93.2741,0,93.2406,11.8026,12.3795,304.448,5.07686
114.2,0,0,3,1,1,0,0,2,93.2897,0,93.2545,11.8044,9.77047,300.766,4.9235
114.22,0,0,3,1,1,0,0,2,93.3059,0,93.2691,11.8062,10.5794,298.322,5.23588
114.24,0,0,3,1,1,0,0,2,93.3226,0,93.2843,11.8081,11.7409,305.589,5.14669
114.26,0,0,3,1,1,0,0,2,93.3399,0,93.3,11.8101,8.26751,303.993,5.03585
114.28,0,0,3,1,1,0,0,2,93.3577,0,93.3164,11.8122,10.8829,299.607,4.87911
114.3,0,0,3,1,1,0,0,2,93.376,0,93.3333,11.8143,13.172,298.683,5.0929
114.32,0,0,3,1,1,0,0,2,93.3949,0,93.3508,11.8166,13.5474,299.298,5.05248
114.34,0,0,3,1,1,0,0,2,93.4142,0,93.3688,11.8188,12.8054,299.398,4.87217
114.36,0,0,3,1,1,0,0,2,93.434,0,93.3874,11.8212,12.2396,304.058,5.06865
114.38,0,0,3,1,1,0,0,2,93.4542,0,93.4064,11.8236,10.6901,304.156,5.47834
114.4,0,0,3,1,1,0,0,2,93.4749,0,93.4259,11.8261,12.09,303.619,5.02778
114.42,0,0,3,1,1,0,0,2,93.4959,0,93.4458,11.8286,10.3585,297.992,5.03124
114.44,0,0,3,1,1,0,0,2,93.5174,0,93.4662,11.8312,12.6112,300.824,5.26845
114.46,0,0,3,1,1,0,0,2,93.5393,0,93.487,11.8338,12.1045,293.776,4.93429
114.48,0,0,3,1,1,0,0,2,93.5615,0,93.5082,11.8365,12.9453,305.333,5.20284
114.5,0,0,3,1,1,0,0,2,93.5842,0,93.5299,11.8392,10.3375,299.968,4.89452
114.52,0,0,3,1,1,0,0,2,93.6071,0,93.5519,11.842,10.3947,302.264,5.06665
114.54,0,0,3,1,1,0,0,2,93.6304,0,93.5742,11.8448,14.7211,298.137,4.98079
114.56,0,0,3,1,1,0,0,2,93.654,0,93.597,11.8477,11.0573,289.774,5.31311
114.58,0,0,3,1,1,0,0,2,93.6779,0,93.62,11.8506,13.5606,297.849,5.02312
114.6,0,0,3,1,1,0,0,2,93.7021,0,93.6434,11.8536,10.2713,294.491,5.48475
114.62,0,0,3,1,1,0,0,2,93.7266,0,93.6671,11.8566,11.0917,298.22,5.12292
114.64,0,0,3,1,1,0,0,2,93.7514,0,93.6911,11.8596,9.02505,304.456,5.0785
114.66,0,0,3,1,1,0,0,2,93.7764,0,93.7154,11.8627,12.0982,304.971,4.92687
114.68,0,0,3,1,1,0,0,2,93.8016,0,93.74,11.8658,11.1635,296.888,4.96459
114.7,0,0,3,1,1,0,0,2,93.8271,0,93.7649,11.869,13.8218,289.766,4.99149
114.72,0,0,3,1,1,0,0,2,93.8529,0,93.79,11.8721,12.2575,299.025,5.31624
114.74,0,0,3,1,1,0,0,2,93.8788,0,93.8153,11.8754,10.416,295.58,5.09141
114.76,0,0,3,1,1,0,0,2,93.905,0,93.8409,11.8786,10.2284,301.64,5.01672
114.78,0,0,3,1,1,0,0,2,93.9314,0,93.8667,11.8819,12.2647,299.067,5.37799
114.8,0,0,3,1,1,0,0,2,93.9579,0,93.8927,11.8852,11.6225,298.582,5.22019
114.82,0,0,3,1,1,0,0,2,93.9847,0,93.919,11.8885,13.0828,304.103,5.15734
114.84,0,0,3,1,1,0,0,2,94.0116,0,93.9454,11.8918,14.394,299.956,4.99105
114.86,0,0,3,1,1,0,0,2,94.0386,0,93.972,11.8952,11.5114,296.029,5.38945
114.88,0,0,3,1,1,0,0,2,94.0659,0,93.9988,11.8986,9.49644,301.754,5.04049
114.9,0,0,3,1,1,0,0,2,94.0932,0,94.0257,11.902,11.8248,300.444,4.95173
114.92,0,0,3,1,1,0,0,2,94.1207,0,94.0529,11.9054,14.3727,299.39,5.10689
114.94,0,0,3,1,1,0,0,2,94.1484,0,94.0801,11.9089,13.7436,309.457,5.0818
114.96,0,0,3,1,1,0,0,2,94.1762,0,94.1075,11.9123,10.6028,299.209,5.16764
114.98,0,0,3,1,1,0,0,2,94.204,0,94.1351,11.9158,14.1181,294.894,5.29185
115,0,0,3,1,1,0,0,2,94.232,0,94.1628,11.9193,16.9367,304.01,5.02984
115.02,0,0,3,1,1,0,0,2,94.2601,0,94.1906,11.9229,13.7962,303.358,5.05768
115.04,0,0,3,1,1,0,0,2,94.2883,0,94.2185,11.9264,13.254,286.567,5.22467
115.06,0,0,3,1,1,0,0,2,94.3166,0,94.2465,11.9299,12.2546,301.744,5.27135
115.08,0,0,3,1,1,0,0,2,94.345,0,94.2746,11.9335,12.2893,306.13,5.2529
115.1,0,0,3,1,1,0,0,2,94.3734,0,94.3028,11.9371,9.80229,301.613,5.2661
115.12,0,0,3,1,1,0,0,2,94.402,0,94.3311,11.9407,10.9224,303.871,5.19453
115.14,0,0,3,1,1,0,0,2,94.4306,0,94.3595,11.9442,12.0591,303.229,4.7009
115.16,0,0,3,1,1,0,0,2,94.4592,0,94.388,11.9478,13.8474,292.255,5.36506
115.18,0,0,3,1,1,0,0,2,94.4879,0,94.4165,11.9515,13.3742,296.304,5.11564
115.2,0,0,3,1,1,0,0,2,94.5167,0,94.4451,11.9551,8.98751,302.158,4.92906
115.22,0,0,3,1,1,0,0,2,94.5455,0,94.4738,11.9587,12.6145,311.858,5.21311
115.24,0,0,3,1,1,0,0,2,94.5743,0,94.5025,11.9623,12.4378,304.601,4.8915
115.26,0,0,3,1,1,0,0,2,94.6032,0,94.5312,11.966,13.2143,296.032,5.19274
115.28,0,0,3,1,1,0,0,2,94.6321,0,94.56,11.9696,13.2927,296.908,5.04149
115.3,0,0,3,1,1,0,0,2,94.661,0,94.5889,11.9733,10.3101,294.613,5.11183
115.32,0,0,3,1,1,0,0,2,94.69,0,94.6178,11.9769,11.4773,299.867,5.11549
115.34,0,0,3,1,1,0,0,2,94.7189,0,94.6467,11.9806,14.7522,305.436,5.12801
115.36,0,0,3,1,1,0,0,2,94.7479,0,94.6756,11.9843,12.9353,303.602,4.97971
115.38,0,0,3,1,1,0,0,2,94.7769,0,94.7045,11.9879,11.3628,301.591,4.89773
115.4,0,0,3,1,1,0,0,2,94.8059,0,94.7335,11.9916,11.5464,295.488,5.1739
115.42,0,0,3,1,1,0,0,2,94.8349,0,94.7625,11.9952,12.9968,302.235,5.22039
115.44,0,0,3,1,1,0,0,2,94.8639,0,94.7914,11.9989,12.1963,293.648,5.03598
115.46,0,0,3,1,1,0,0,2,94.8929,0,94.8204,12.0026,12.9383,302.512,5.08216
115.48,0,0,3,1,1,0,0,2,94.9219,0,94.8494,12.0063,11.1347,289.13,4.99599
115.5,0,0,3,1,1,0,0,2,94.9508,0,94.8784,12.0099,12.2156,300.502,5.27708
115.52,0,0,3,1,1,0,0,2,94.9798,0,94.9074,12.0136,9.07215,303.761,5.18492
115.54,0,0,3,1,1,0,0,2,95.0087,0,94.9363,12.0173,11.6505,298.368,5.24209
115.56,0,0,3,1,1,0,0,2,95.0376,0,94.9653,12.0209,10.964,298.642,5.15932
115.58,0,0,3,1,1,0,0,2,95.0665,0,94.9942,12.0246,10.422,297.583,5.23589
115.6,0,0,3,1,1,0,0,2,95.0954,0,95.0231,12.0282,11.4236,292.373,5.20822
115.62,0,0,3,1,1,0,0,2,95.1242,0,95.052,12.0319,12.2457,296.547,4.90392
115.64,0,0,3,1,1,0,0,2,95.153,0,95.0809,12.0356,12.5481,296.214,5.18459
115.66,0,0,3,1,1,0,0,2,95.1818,0,95.1097,12.0392,11.2931,302.145,5.07713
115.68,0,0,3,1,1,0,0,2,95.2105,0,95.1385,12.0428,13.6263,309.044,5.01905
115.7,0,0,3,1,1,0,0,2,95.2392,0,95.1673,12.0465,13.03,297.928,5.14151
115.72,0,0,3,1,1,0,0,2,95.2678,0,95.196,12.0501,10.5469,291.002,5.53422
115.74,0,0,3,1,1,0,0,2,95.2964,0,95.2247,12.0538,12.0722,297.134,5.23127
115.76,0,0,3,1,1,0,0,2,95.325,0,95.2534,12.0574,11.6234,298.932,4.91243
115.78,0,0,3,1,1,0,0,2,95.3535,0,95.282,12.061,11.3426,309.443,5.13421
115.8,0,0,3,1,1,0,0,2,95.3819,0,95.3105,12.0646,11.4923,299.419,5.17394
115.82,0,0,3,1,1,0,0,2,95.4103,0,95.339,12.0682,11.6069,298.149,5.09285
115.84,0,0,3,1,1,0,0,2,95.4386,0,95.3675,12.0718,12.3089,292.469,5.37507
115.86,0,0,3,1,1,0,0,2,95.4669,0,95.3959,12.0754,11.364,287.583,5.20279
115.88,0,0,3,1,1,0,0,2,95.4951,0,95.4243,12.079,11.7442,302.404,5.36693
115.9,0,0,3,1,1,0,0,2,95.5233,0,95.4526,12.0826,12.511,297.397,5.18688
115.92,0,0,3,1,1,0,0,2,95.5514,0,95.4808,12.0862,13.4092,299.5,4.85185
115.94,0,0,3,1,1,0,0,2,95.5794,0,95.509,12.0897,10.844,300.813,5.28333
115.96,0,0,3,1,1,0,0,2,95.6074,0,95.5371,12.0933,12.9114,292.199,5.3147
115.98,0,0,3,1,1,0,0,2,95.6353,0,95.5652,12.0969,12.7704,295.482,5.13051
116,0,0,3,1,1,0,0,2,95.6631,0,95.5932,12.1004,13.2054,297.813,5.20236
116.02,0,0,3,1,1,0,0,2,95.6908,0,95.6211,12.1039,12.5574,295.682,5.07829
116.04,0,0,3,1,1,0,0,2,95.7185,0,95.6489,12.1075,11.2122,292.78,5.24641
116.06,0,0,3,1,1,0,0,2,95.7461,0,95.6767,12.111,10.2029,306.018,5.24385
116.08,0,0,3,1,1,0,0,2,95.7737,0,95.7044,12.1145,13.1205,300.711,4.97056
116.1,0,0,3,1,1,0,0,2,95.8012,0,95.7321,12.118,12.0757,309.228,5.14759
116.12,0,0,3,1,1,0,0,2,95.8285,0,95.7597,12.1215,11.7029,300.826,5.04622
116.14,0,0,3,1,1,0,0,2,95.8559,0,95.7872,12.125,11.7172,306.72,5.38506
116.16,0,0,3,1,1,0,0,2,95.8831,0,95.8146,12.1284,10.6466,299.214,5.10875
116.18,0,0,3,1,1,0,0,2,95.9102,0,95.8419,12.1319,12.4002,290.806,5.28391
116.2,0,0,3,1,1,0,0,2,95.9373,0,95.8692,12.1353,13.4396,295.049,4.89977
116.22,0,0,3,1,1,0,0,2,95.9643,0,95.8964,12.1388,13.5351,301.628,4.66576
116.24,0,0,3,1,1,0,0,2,95.9912,0,95.9235,12.1422,12.7079,293.699,5.0751
116.26,0,0,3,1,1,0,0,2,96.018,0,95.9505,12.1456,11.6372,290.95,5.05836
116.28,0,0,3,1,1,0,0,2,96.0448,0,95.9775,12.149,11.3274,302.9,5.2252
116.3,0,0,3,1,1,0,0,2,96.0714,0,96.0043,12.1524,12.1056,294.428,5.08499
116.32,0,0,3,1,1,0,0,2,96.098,0,96.0311,12.1558,13.2061,298.538,5.10645
116.34,0,0,3,1,1,0,0,2,96.1245,0,96.0578,12.1592,12.358,306.21,5.17844
116.36,0,0,3,1,1,0,0,2,96.1509,0,96.0844,12.1626,11.7552,301.779,5.04698
116.38,0,0,3,1,1,0,0,2,96.1772,0,96.1109,12.1659,11.6293,295.219,5.14954
116.4,0,0,3,1,1,0,0,2,96.2034,0,96.1374,12.1693,12.3773,299.812,4.93002
116.42,0,0,3,1,1,0,0,2,96.2295,0,96.1637,12.1726,9.93186,296.953,5.16759
116.44,0,0,3,1,1,0,0,2,96.2556,0,96.19,12.1759,9.94712,295.4,4.8488
116.46,0,0,3,1,1,0,0,2,96.2815,0,96.2162,12.1793,11.6314,302.897,5.31934
116.48,0,0,3,1,1,0,0,2,96.3074,0,96.2422,12.1826,12.1057,294.532,5.34113
116.5,0,0,3,1,1,0,0,2,96.3332,0,96.2682,12.1859,10.4811,296.777,4.98562
116.52,0,0,3,1,1,0,0,2,96.3589,0,96.2941,12.1891,12.6785,294.017,5.08334
116.54,0,0,3,1,1,0,0,2,96.3844,0,96.32,12.1924,12.2809,290.251,5.29039
116.56,0,0,3,1,1,0,0,2,96.4099,0,96.3457,12.1957,10.4033,297.9,5.15489
116.58,0,0,3,1,1,0,0,2,96.4353,0,96.3713,12.1989,12.0866,303.965,5.18205
116.6,0,0,3,1,1,0,0,2,96.4607,0,96.3969,12.2021,13.1321,296.254,4.93853
116.62,0,0,3,1,1,0,0,2,96.4859,0,96.4223,12.2054,12.9649,294.193,5.28071
116.64,0,0,3,1,1,0,0,2,96.511,0,96.4477,12.2086,10.9787,292.332,5.22649
116.66,0,0,3,1,1,0,0,2,96.536,0,96.4729,12.2118,14.7269,302.839,4.93044
116.68,0,0,3,1,1,0,0,2,96.561,0,96.4981,12.2149,13.3196,294.421,5.17583
116.7,0,0,3,1,1,0,0,2,96.5858,0,96.5232,12.2181,13.2816,305.481,5.02596
116.72,0,0,3,1,1,0,0,2,96.6106,0,96.5482,12.2213,10.6402,301.451,5.21469
116.74,0,0,3,1,1,0,0,2,96.6352,0,96.573,12.2244,13.7867,303.688,5.29424
116.76,0,0,3,1,1,0,0,2,96.6598,0,96.5978,12.2276,13.5643,300.99,5.01812
116.78,0,0,3,1,1,0,0,2,96.6842,0,96.6225,12.2307,11.6617,294.502,5.24427
116.8,0,0,3,1,1,0,0,2,96.7086,0,96.6471,12.2338,12.8381,304.912,4.84841
116.82,0,0,3,1,1,0,0,2,96.7329,0,96.6717,12.2369,11.3488,295.981,5.05746
116.84,0,0,3,1,1,0,0,2,96.7571,0,96.6961,12.24,11.7879,292.864,5.31361
116.86,0,0,3,1,1,0,0,2,96.7811,0,96.7204,12.2431,14.469,302.378,5.21032
116.88,0,0,3,1,1,0,0,2,96.8051,0,96.7446,12.2462,12.7152,299.214,4.89701
116.9,0,0,3,1,1,0,0,2,96.829,0,96.7687,12.2492,12.987,294.475,5.29929
116.92,0,0,3,1,1,0,0,2,96.8528,0,96.7928,12.2523,11.3079,299.664,5.05607
116.94,0,0,3,1,1,0,0,2,96.8765,0,96.8167,12.2553,12.7568,287.622,4.94822
116.96,0,0,3,1,1,0,0,2,96.9001,0,96.8406,12.2583,10.5223,303.04,5.12362
116.98,0,0,3,1,1,0,0,2,96.9236,0,96.8643,12.2613,11.8017,294.601,5.2572
117,0,0,3,1,1,0,0,2,96.947,0,96.888,12.2643,12.3738,295.837,5.29543
117.02,0,0,3,1,1,0,0,2,96.9704,0,96.9115,12.2673,9.87054,295.246,5.15819
117.04,0,0,3,1,1,0,0,2,96.9936,0,96.935,12.2703,12.7634,300.416,5.026
117.06,0,0,3,1,1,0,0,2,97.0167,0,96.9583,12.2732,11.4272,296.746,5.11222
117.08,0,0,3,1,1,0,0,2,97.0397,0,96.9816,12.2762,12.6898,294.096,5.11983
117.1,0,0,3,1,1,0,0,2,97.0627,0,97.0048,12.2791,11.8484,282.99,4.56923
117.12,0,0,3,1,1,0,0,2,97.0855,0,97.0279,12.282,12.1315,295.767,4.97937
117.14,0,0,3,1,1,0,0,2,97.1082,0,97.0508,12.2849,12.5787,294.287,5.03851
117.16,0,0,3,1,1,0,0,2,97.1309,0,97.0737,12.2878,13.6303,286.266,5.17373
117.18,0,0,3,1,1,0,0,2,97.1534,0,97.0965,12.2907,14.0999,300.207,5.19913
117.2,0,0,3,1,1,0,0,2,97.1759,0,97.1192,12.2936,12.9097,291.138,5.1477
117.22,0,0,3,1,1,0,0,2,97.1983,0,97.1418,12.2964,15.6371,294.717,4.591
117.24,0,0,3,1,1,0,0,2,97.2205,0,97.1643,12.2993,12.0686,294.229,4.99074
117.26,0,0,3,1,1,0,0,2,97.2427,0,97.1867,12.3021,13.4459,299.499,4.97198
117.28,0,0,3,1,1,0,0,2,97.2648,0,97.2091,12.3049,8.86169,287.819,5.00804
117.3,0,0,3,1,1,0,0,2,97.2868,0,97.2313,12.3078,10.9831,294.542,4.97883
117.32,0,0,3,1,1,0,0,2,97.3087,0,97.2534,12.3106,5.38964,289.722,4.96922
117.34,0,0,3,1,1,0,0,2,97.3305,0,97.2754,12.3133,11.0201,291.986,5.47962
117.36,0,0,3,1,1,0,0,2,97.3522,0,97.2974,12.3161,13.9782,290.348,5.08944
117.38,0,0,3,1,1,0,0,2,97.3738,0,97.3192,12.3189,13.2347,301.111,5.24309
117.4,0,0,3,1,1,0,0,2,97.3953,0,97.341,12.3216,10.7299,301.163,5.2173
117.42,0,0,3,1,1,0,0,2,97.4167,0,97.3626,12.3244,12.0902,292.329,4.6311
117.44,0,0,3,1,1,0,0,2,97.438,0,97.3842,12.3271,12.8232,300.68,4.94878
117.46,0,0,3,1,1,0,0,2,97.4593,0,97.4057,12.3298,12.0909,292.314,5.0829
117.48,0,0,3,1,1,0,0,2,97.4804,0,97.427,12.3325,11.1896,296.285,5.09889
117.5,0,0,3,1,1,0,0,2,97.5015,0,97.4483,12.3352,13.0811,289.948,4.87556
117.52,0,0,3,1,1,0,0,2,97.5224,0,97.4695,12.3379,10.8485,302.426,5.01359
117.54,0,0,3,1,1,0,0,2,97.5433,0,97.4906,12.3406,12.234,291.184,4.96693
117.56,0,0,3,1,1,0,0,2,97.5641,0,97.5116,12.3432,15.2769,297.82,5.1904
117.58,0,0,3,1,1,0,0,2,97.5847,0,97.5325,12.3459,10.6761,296.3,5.03555
117.6,0,0,3,1,1,0,0,2,97.6053,0,97.5533,12.3485,13.5574,296.154,5.28941
117.62,0,0,3,1,1,0,0,2,97.6258,0,97.5741,12.3511,10.8203,296.839,5.24269
117.64,0,0,3,1,1,0,0,2,97.6462,0,97.5947,12.3538,11.3956,300.753,5.03011
117.66,0,0,3,1,1,0,0,2,97.6666,0,97.6153,12.3564,13.9092,297.656,5.27151
117.68,0,0,3,1,1,0,0,2,97.6868,0,97.6357,12.359,11.7305,293.112,5.17176
117.7,0,0,3,1,1,0,0,2,97.7069,0,97.6561,12.3615,13.7342,294.387,5.10694
117.72,0,0,3,1,1,0,0,2,97.727,0,97.6764,12.3641,9.6349,302.994,4.95552
117.74,0,0,3,1,1,0,0,2,97.7469,0,97.6965,12.3667,12.0948,296.262,4.97147
117.76,0,0,3,1,1,0,0,2,97.7668,0,97.7166,12.3692,12.4753,294.738,5.13201
117.78,0,0,3,1,1,0,0,2,97.7866,0,97.7366,12.3717,13.1386,298.594,5.10462
117.8,0,0,3,1,1,0,0,2,97.8063,0,97.7566,12.3742,12.6374,309.041,4.82129
117.82,0,0,3,1,1,0,0,2,97.8259,0,97.7764,12.3768,13.4631,290.361,5.10609
117.84,0,0,3,1,1,0,0,2,97.8454,0,97.7961,12.3793,12.2723,291.793,5.3019
117.86,0,0,3,1,1,0,0,2,97.8648,0,97.8158,12.3817,10.9469,289.878,5.0199
117.88,0,0,3,1,1,0,0,2,97.8842,0,97.8353,12.3842,13.6281,300.416,4.98767
117.9,0,0,3,1,1,0,0,2,97.9034,0,97.8548,12.3867,11.9437,292.46,5.14155
117.92,0,0,3,1,1,0,0,2,97.9226,0,97.8742,12.3891,11.3585,300.198,5.06357
117.94,0,0,3,1,1,0,0,2,97.9417,0,97.8935,12.3916,14.6864,292.237,5.15497
117.96,0,0,3,1,1,0,0,2,97.9607,0,97.9127,12.394,11.1663,291.648,5.02802
117.98,0,0,3,1,1,0,0,2,97.9796,0,97.9318,12.3964,13.6495,294.376,5.0113
118,0,0,3,1,1,0,0,2,97.9984,0,97.9509,12.3988,14.0979,295.038,5.19652
118.02,0,0,3,1,1,0,0,2,98.0171,0,97.9698,12.4012,14.2229,292.883,4.90445
118.04,0,0,3,1,1,0,0,2,98.0358,0,97.9887,12.4036,13.8068,304.593,5.27519
118.06,0,0,3,1,1,0,0,2,98.0544,0,98.0075,12.406,15.3842,301.909,4.90371
118.08,0,0,3,1,1,0,0,2,98.0728,0,98.0262,12.4084,14.5179,299.909,5.02587
118.1,0,0,3,1,1,0,0,2,98.0912,0,98.0448,12.4107,14.405,297.301,5.17577
118.12,0,0,3,1,1,0,0,2,98.1096,0,98.0633,12.4131,13.8905,302.584,5.24191
118.14,0,0,3,1,1,0,0,2,98.1278,0,98.0817,12.4154,14.764,293.801,5.14283
118.16,0,0,3,1,1,0,0,2,98.1459,0,98.1001,12.4177,10.4237,302.23,5.21032
118.18,0,0,3,1,1,0,0,2,98.164,0,98.1184,12.42,12.7838,297.896,4.86676
118.2,0,0,3,1,1,0,0,2,98.182,0,98.1366,12.4223,12.826,295.859,5.02744
118.22,0,0,3,1,1,0,0,2,98.1999,0,98.1547,12.4246,13.3859,294.992,4.97668
118.24,0,0,3,1,1,0,0,2,98.2177,0,98.1727,12.4269,11.1764,296.532,5.12813
118.26,0,0,3,1,1,0,0,2,98.2354,0,98.1906,12.4292,13.1314,294.61,4.92285
118.28,0,0,3,1,1,0,0,2,98.2531,0,98.2085,12.4315,11.4032,295.552,4.79085
118.3,0,0,3,1,1,0,0,2,98.2707,0,98.2263,12.4337,14.4068,299.341,5.47348
118.32,0,0,3,1,1,0,0,2,98.2882,0,98.244,12.4359,12.8909,293.883,5.07453
118.34,0,0,3,1,1,0,0,2,98.3056,0,98.2616,12.4382,12.3655,300.676,5.07453
118.36,0,0,3,1,1,0,0,2,98.3229,0,98.2791,12.4404,11.733,294.372,5.25155
118.38,0,0,3,1,1,0,0,2,98.3402,0,98.2966,12.4426,12.3821,294.32,4.99256
118.4,0,0,3,1,1,0,0,2,98.3573,0,98.3139,12.4448,10.629,290.718,4.94407
118.42,0,0,3,1,1,0,0,2,98.3744,0,98.3312,12.447,12.886,301.94,5.11225
118.44,0,0,3,1,1,0,0,2,98.3914,0,98.3485,12.4492,12.9805,298.112,5.02752
118.46,0,0,3,1,1,0,0,2,98.4084,0,98.3656,12.4513,12.6828,290.797,5.09792
118.48,0,0,3,1,1,0,0,2,98.4252,0,98.3826,12.4535,10.8281,299.485,5.20942
118.5,0,0,3,1,1,0,0,2,98.442,0,98.3996,12.4556,11.152,294.187,4.78439
118.52,0,0,3,1,1,0,0,2,98.4587,0,98.4165,12.4578,14.1435,286.538,5.19933
118.54,0,0,3,1,1,0,0,2,98.4754,0,98.4333,12.4599,12.9938,291.985,4.88346
118.56,0,0,3,1,1,0,0,2,98.4919,0,98.4501,12.462,11.042,302.009,5.00697
118.58,0,0,3,1,1,0,0,2,98.5084,0,98.4668,12.4641,12.5519,285.049,4.94171
118.6,0,0,3,1,1,0,0,2,98.5248,0,98.4833,12.4662,13.1373,304.303,4.95696
118.62,0,0,3,1,1,0,0,2,98.5411,0,98.4999,12.4683,13.6793,294.854,5.30474
118.64,0,0,3,1,1,0,0,2,98.5573,0,98.5163,12.4704,12.2958,292.143,5.29069
118.66,0,0,3,1,1,0,0,2,98.5735,0,98.5327,12.4725,12.216,289.462,5.1052
118.68,0,0,3,1,1,0,0,2,98.5896,0,98.5489,12.4746,12.2271,284.754,5.21839
118.7,0,0,3,1,1,0,0,2,98.6056,0,98.5652,12.4766,11.6804,290.59,5.25673
118.72,0,0,3,1,1,0,0,2,98.6216,0,98.5813,12.4786,10.9929,287.49,5.13824
118.74,0,0,3,1,1,0,0,2,98.6375,0,98.5974,12.4807,13.2748,285.749,5.3036
118.76,0,0,3,1,1,0,0,2,98.6533,0,98.6133,12.4827,10.9879,294.552,5.29663
118.78,0,0,3,1,1,0,0,2,98.669,0,98.6293,12.4847,11.1031,303.965,5.02927
118.8,0,0,3,1,1,0,0,2,98.6846,0,98.6451,12.4867,11.1404,294.059,4.84175
118.82,0,0,3,1,1,0,0,2,98.7002,0,98.6609,12.4887,12.0191,290.391,5.02003
118.84,0,0,3,1,1,0,0,2,98.7157,0,98.6766,12.4907,14.4185,301.61,5.21825
118.86,0,0,3,1,1,0,0,2,98.7312,0,98.6922,12.4927,12.0464,298.159,4.85736
118.88,0,0,3,1,1,0,0,2,98.7465,0,98.7077,12.4946,12.4467,303.142,5.06601
118.9,0,0,3,1,1,0,0,2,98.7618,0,98.7232,12.4966,11.6426,295.811,4.97524
118.92,0,0,3,1,1,0,0,2,98.7771,0,98.7386,12.4986,12.2424,293.081,4.7741
118.94,0,0,3,1,1,0,0,2,98.7922,0,98.7539,12.5005,14.3819,293.167,5.43072
118.96,0,0,3,1,1,0,0,2,98.8073,0,98.7692,12.5024,10.4563,297.994,4.78927
118.98,0,0,3,1,1,0,0,2,98.8223,0,98.7844,12.5044,12.9078,290.358,5.30124
119,0,0,3,1,1,0,0,2,98.8373,0,98.7995,12.5063,13.2912,292.056,5.06626
119.02,0,0,3,1,1,0,0,2,98.8521,0,98.8146,12.5082,12.3771,290.306,5.07505
119.04,0,0,3,1,1,0,0,2,98.8669,0,98.8295,12.5101,13.0481,302.996,4.85053
119.06,0,0,3,1,1,0,0,2,98.8817,0,98.8444,12.512,12.9104,301.34,4.88881
119.08,0,0,3,1,1,0,0,2,98.8963,0,98.8593,12.5138,13.2623,288.314,4.91735
119.1,0,0,3,1,1,0,0,2,98.9109,0,98.8741,12.5157,13.2509,292.837,5.58419
119.12,0,0,3,1,1,0,0,2,98.9255,0,98.8888,12.5176,13.6131,306.413,5.11968
119.14,0,0,3,1,1,0,0,2,98.9399,0,98.9034,12.5194,14.7513,302.599,5.11419
119.16,0,0,3,1,1,0,0,2,98.9543,0,98.918,12.5213,13.9397,298.501,5.11955
119.18,0,0,3,1,1,0,0,2,98.9687,0,98.9325,12.5231,10.7214,295.014,5.20438
119.2,0,0,3,1,1,0,0,2,98.9829,0,98.9469,12.5249,11.3569,291.077,5.05817
119.22,0,0,3,1,1,0,0,2,98.9971,0,98.9613,12.5267,14.3709,288.605,5.09013
119.24,0,0,3,1,1,0,0,2,99.0113,0,98.9756,12.5286,10.994,298.447,5.44703
119.26,0,0,3,1,1,0,0,2,99.0253,0,98.9898,12.5304,14.0781,294.605,5.09101
119.28,0,0,3,1,1,0,0,2,99.0393,0,99.004,12.5321,10.2028,296.645,5.06082
119.3,0,0,3,1,1,0,0,2,99.0533,0,99.0181,12.5339,11.1371,296.42,5.22775
119.32,0,0,3,1,1,0,0,2,99.0671,0,99.0321,12.5357,12.2175,296.928,5.38979
119.34,0,0,3,1,1,0,0,2,99.0809,0,99.0461,12.5375,12.1504,290.571,4.87343
119.36,0,0,3,1,1,0,0,2,99.0947,0,99.06,12.5392,14.8613,294.481,5.29569
119.38,0,0,3,1,1,0,0,2,99.1084,0,99.0738,12.541,15.4906,306.574,5.23717
119.4,0,0,3,1,1,0,0,2,99.122,0,99.0876,12.5427,13.7151,285.649,5.26511
119.42,0,0,3,1,1,0,0,2,99.1355,0,99.1013,12.5445,11.5146,289.276,4.91387
119.44,0,0,3,1,1,0,0,2,99.149,0,99.1149,12.5462,11.8524,298.832,4.97439
119.46,0,0,3,1,1,0,0,2,99.1624,0,99.1285,12.5479,13.9238,289.908,5.11666
119.48,0,0,3,1,1,0,0,2,99.1758,0,99.142,12.5496,14.4561,291.324,4.98877
119.5,0,0,3,1,1,0,0,2,99.1891,0,99.1555,12.5513,12.4759,297.069,5.11446
119.52,0,0,3,1,1,0,0,2,99.2023,0,99.1689,12.553,13.5101,294.355,5.34123
119.54,0,0,3,1,1,0,0,2,99.2155,0,99.1822,12.5547,9.61615,289.279,4.97331
119.56,0,0,3,1,1,0,0,2,99.2286,0,99.1955,12.5564,13.2663,285.123,5.18455
119.58,0,0,3,1,1,0,0,2,99.2417,0,99.2087,12.5581,14.137,291.131,5.12144
119.6,0,0,3,1,1,0,0,2,99.2547,0,99.2218,12.5597,14.0444,288.383,4.8308
119.62,0,0,3,1,1,0,0,2,99.2676,0,99.2349,12.5614,11.2301,287.275,4.84108
119.64,0,0,3,1,1,0,0,2,99.2805,0,99.248,12.563,13.3418,291.666,4.88424
119.66,0,0,3,1,1,0,0,2,99.2933,0,99.2609,12.5647,11.5675,295.297,4.97838
119.68,0,0,3,1,1,0,0,2,99.3061,0,99.2738,12.5663,11.6413,295.811,4.98499
119.7,0,0,3,1,1,0,0,2,99.3187,0,99.2867,12.5679,15.3538,288.867,5.17951
119.72,0,0,3,1,1,0,0,2,99.3314,0,99.2995,12.5696,11.3266,294.62,5.2224
119.74,0,0,3,1,1,0,0,2,99.344,0,99.3122,12.5712,12.6917,295.146,5.09222
119.76,0,0,3,1,1,0,0,2,99.3565,0,99.3248,12.5728,10.6068,304.918,4.96829
119.78,0,0,3,1,1,0,0,2,99.3689,0,99.3375,12.5744,13.2985,287.401,5.04591
119.8,0,0,3,1,1,0,0,2,99.3813,0,99.35,12.576,13.0427,294.329,5.16847
119.82,0,0,3,1,1,0,0,2,99.3937,0,99.3625,12.5775,15.474,294.906,4.99633
119.84,0,0,3,1,1,0,0,2,99.406,0,99.3749,12.5791,12.8229,287.645,5.17477
119.86,0,0,3,1,1,0,0,2,99.4182,0,99.3873,12.5807,13.0545,304.072,5.01574
119.88,0,0,3,1,1,0,0,2,99.4304,0,99.3996,12.5822,12.615,283.896,4.88979
119.9,0,0,3,1,1,0,0,2,99.4425,0,99.4119,12.5838,13.2172,302.829,5.06979
119.92,0,0,3,1,1,0,0,2,99.4546,0,99.4241,12.5853,11.9726,289.663,5.01656
119.94,0,0,3,1,1,0,0,2,99.4666,0,99.4362,12.5869,13.559,296.84,5.17633
119.96,0,0,3,1,1,0,0,2,99.4785,0,99.4483,12.5884,11.6675,291.78,5.32106
119.98,0,0,3,1,1,0,0,2,99.4904,0,99.4604,12.5899,12.0111,291.47,4.98657
120,0,0,3,1,1,0,0,2,99.5022,0,99.4723,12.5914,13.0799,289.834,5.21348
